,user_id,version,return_day1
0,38969,current,False
1,99443,new,False
2,77053,new,True
3,75384,new,False
4,44972,current,False
5,46709,current,True
6,40964,current,False
7,78243,new,False
8,33567,current,False
9,92685,new,False
10,28554,current,False
11,17882,current,True
12,15850,current,False
13,20215,current,True
14,52049,new,False
15,10589,current,False
16,56688,new,True
17,99185,new,True
18,33070,current,True
19,47194,current,False
20,87935,new,False
21,98882,new,False
22,20494,current,True
23,25814,current,True
24,19710,current,False
25,81197,new,True
26,79964,new,True
27,56909,new,True
28,79451,new,True
29,56362,new,True
30,39020,current,False
31,92460,new,False
32,67149,new,False
33,15300,current,False
34,60605,new,False
35,63447,new,True
36,62012,new,True
37,41404,current,True
38,70157,new,True
39,96488,new,True
40,82557,new,False
41,23184,current,False
42,64973,new,True
43,14970,current,False
44,53194,new,True
45,61132,new,False
46,81946,new,False
47,94904,new,False
48,99904,new,True
49,72398,new,False
50,17487,current,True
51,12053,current,False
52,57937,new,False
53,49543,current,True
54,16705,current,False
55,66563,new,True
56,97014,new,False
57,25707,current,False
58,46731,current,True
59,27949,current,False
60,28065,current,False
61,48839,current,False
62,95140,new,True
63,88693,new,True
64,24752,current,True
65,19485,current,False
66,97123,new,False
67,95644,new,True
68,42437,current,False
69,60867,new,False
70,57723,new,False
71,44275,current,False
72,49793,current,False
73,33842,current,True
74,45491,current,False
75,33700,current,False
76,42831,current,False
77,78044,new,True
78,24049,current,True
79,43833,current,True
80,89653,new,True
81,93526,new,False
82,40831,current,False
83,37345,current,False
84,28245,current,False
85,50627,new,True
86,40246,current,False
87,94388,new,True
88,39161,current,False
89,77134,new,True
90,71218,new,True
91,45653,current,False
92,32607,current,False
93,18351,current,True
94,74112,new,True
95,75305,new,True
96,43541,current,True
97,96989,new,True
98,53644,new,True
99,45629,current,False
100,36581,current,False
101,13402,current,True
102,41240,current,True
103,31835,current,False
104,15920,current,False
105,71358,new,True
106,51578,new,True
107,59509,new,True
108,93761,new,True
109,45362,current,True
110,46158,current,False
111,57513,new,False
112,35863,current,False
113,54321,new,True
114,27098,current,False
115,20285,current,True
116,10179,current,False
117,48729,current,True
118,21534,current,False
119,72040,new,False
120,63323,new,False
121,20964,current,False
122,42313,current,False
123,18882,current,True
124,88818,new,False
125,40672,current,False
126,44805,current,False
127,59233,new,False
128,30539,current,True
129,21458,current,False
130,63970,new,False
131,89791,new,False
132,99752,new,False
133,88497,new,True
134,90707,new,False
135,33670,current,True
136,70273,new,False
137,27685,current,False
138,14678,current,False
139,52203,new,False
140,22185,current,True
141,25530,current,False
142,64289,new,False
143,30106,current,False
144,85141,new,False
145,72401,new,True
146,77033,new,False
147,83007,new,True
148,60989,new,False
149,79660,new,True
150,86254,new,False
151,93519,new,False
152,27502,current,True
153,86202,new,False
154,47835,current,False
155,70087,new,True
156,98756,new,False
157,75033,new,False
158,11751,current,True
159,68760,new,True
160,88580,new,True
161,51631,new,False
162,75333,new,False
163,46777,current,False
164,78696,new,False
165,31038,current,True
166,54214,new,False
167,37342,current,False
168,35314,current,True
169,31292,current,False
170,13640,current,True
171,63629,new,True
172,87087,new,False
173,42854,current,False
174,34068,current,False
175,38258,current,False
176,43415,current,False
177,11971,current,False
178,29136,current,False
179,61834,new,True
180,13156,current,False
181,35093,current,False
182,17499,current,False
183,27589,current,True
184,29087,current,True
185,45531,current,False
186,68788,new,True
187,86471,new,False
188,74188,new,True
189,67157,new,False
190,83740,new,True
191,43614,current,False
192,56991,new,True
193,62374,new,False
194,34167,current,True
195,29553,current,False
196,68523,new,False
197,36236,current,True
198,17929,current,False
199,87447,new,True
200,46310,current,False
201,52551,new,True
202,57412,new,False
203,33837,current,False
204,56493,new,False
205,28230,current,False
206,28803,current,False
207,76182,new,True
208,26538,current,False
209,23109,current,False
210,23100,current,False
211,10759,current,False
212,37741,current,False
213,92581,new,True
214,93210,new,True
215,10747,current,False
216,79435,new,False
217,99470,new,True
218,57381,new,True
219,24216,current,False
220,12450,current,False
221,33730,current,False
222,21321,current,False
223,85519,new,False
224,57620,new,False
225,61501,new,False
226,47964,current,False
227,86844,new,True
228,87889,new,False
229,83311,new,True
230,67852,new,True
231,47833,current,False
232,94729,new,True
233,32017,current,True
234,61093,new,False
235,82003,new,True
236,35861,current,False
237,45113,current,False
238,18780,current,True
239,32529,current,False
240,41012,current,True
241,84616,new,False
242,90399,new,False
243,74506,new,True
244,63213,new,False
245,31372,current,False
246,51540,new,False
247,87271,new,True
248,26971,current,False
249,56436,new,True
250,19514,current,False
251,44680,current,True
252,86949,new,False
253,21281,current,False
254,63210,new,False
255,33142,current,False
256,95619,new,False
257,38763,current,False
258,51719,new,True
259,35417,current,False
260,28234,current,True
261,73004,new,True
262,13604,current,False
263,25669,current,False
264,74204,new,True
265,28752,current,False
266,84174,new,True
267,18761,current,False
268,79767,new,False
269,45136,current,False
270,52088,new,True
271,32021,current,True
272,77715,new,True
273,57195,new,True
274,41034,current,False
275,21544,current,False
276,15855,current,True
277,25937,current,False
278,49464,current,False
279,47021,current,False
280,57809,new,False
281,43959,current,True
282,52971,new,True
283,45390,current,False
284,62388,new,True
285,96195,new,True
286,16223,current,False
287,81365,new,True
288,72218,new,True
289,23430,current,False
290,10767,current,False
291,60072,new,True
292,72104,new,True
293,99965,new,False
294,56637,new,True
295,44663,current,False
296,90851,new,False
297,44003,current,True
298,47806,current,False
299,10719,current,False
300,34202,current,False
301,76139,new,True
302,93502,new,True
303,73705,new,True
304,17777,current,False
305,46713,current,False
306,86301,new,True
307,20351,current,False
308,38025,current,True
309,93658,new,False
310,92725,new,True
311,55500,new,False
312,88167,new,True
313,77718,new,False
314,18374,current,False
315,76866,new,False
316,35871,current,True
317,50048,new,False
318,65830,new,False
319,55697,new,True
320,92055,new,False
321,78195,new,False
322,28274,current,False
323,56263,new,True
324,85625,new,False
325,34847,current,False
326,48132,current,False
327,54167,new,True
328,98748,new,False
329,20410,current,False
330,90543,new,False
331,75776,new,False
332,64766,new,False
333,40587,current,True
334,29033,current,False
335,60172,new,False
336,91668,new,False
337,90702,new,True
338,59488,new,True
339,10343,current,True
340,23269,current,False
341,53595,new,False
342,34678,current,False
343,57956,new,False
344,94719,new,False
345,86596,new,True
346,76761,new,True
347,32512,current,False
348,63219,new,True
349,53131,new,True
350,93746,new,False
351,99862,new,True
352,26974,current,False
353,31954,current,False
354,59759,new,True
355,21338,current,False
356,11433,current,False
357,46565,current,False
358,67315,new,False
359,35218,current,False
360,22762,current,False
361,59968,new,False
362,45698,current,True
363,97482,new,False
364,15144,current,False
365,18134,current,False
366,46111,current,True
367,29709,current,False
368,29574,current,False
369,83640,new,False
370,51956,new,True
371,27858,current,True
372,52510,new,False
373,31703,current,False
374,40020,current,False
375,66004,new,False
376,54244,new,False
377,58220,new,False
378,97193,new,False
379,24097,current,False
380,78726,new,True
381,89283,new,True
382,69967,new,False
383,64330,new,True
384,57495,new,False
385,46757,current,False
386,50707,new,False
387,62115,new,False
388,19650,current,False
389,33423,current,False
390,57174,new,True
391,42836,current,True
392,10937,current,False
393,39244,current,False
394,78030,new,False
395,71349,new,True
396,97524,new,True
397,98757,new,False
398,90690,new,False
399,47491,current,False
400,46098,current,False
401,16927,current,True
402,78554,new,False
403,86105,new,True
404,71085,new,True
405,75923,new,True
406,21781,current,False
407,90517,new,False
408,34658,current,False
409,21525,current,False
410,16191,current,False
411,48297,current,False
412,53252,new,True
413,31948,current,True
414,25280,current,False
415,68157,new,False
416,72961,new,False
417,58071,new,True
418,42362,current,True
419,37549,current,False
420,86684,new,False
421,53518,new,True
422,52662,new,False
423,45681,current,False
424,40155,current,False
425,71911,new,False
426,47371,current,False
427,81002,new,True
428,19196,current,False
429,99852,new,False
430,30033,current,True
431,66332,new,True
432,25364,current,True
433,95029,new,False
434,41773,current,False
435,94113,new,False
436,31136,current,True
437,16850,current,False
438,89731,new,False
439,92290,new,False
440,23879,current,False
441,38162,current,False
442,86447,new,False
443,44017,current,False
444,71674,new,True
445,12473,current,True
446,73563,new,False
447,38586,current,False
448,20455,current,False
449,29031,current,False
450,52037,new,True
451,72835,new,False
452,99197,new,False
453,52425,new,False
454,21839,current,True
455,44617,current,False
456,13309,current,False
457,82014,new,True
458,57228,new,False
459,23589,current,False
460,34976,current,False
461,34796,current,False
462,74795,new,True
463,24524,current,False
464,17381,current,False
465,73015,new,False
466,95852,new,False
467,69029,new,False
468,34776,current,False
469,73905,new,True
470,92424,new,False
471,29958,current,True
472,85294,new,False
473,62137,new,True
474,77783,new,True
475,55225,new,True
476,39092,current,False
477,28370,current,True
478,94246,new,False
479,29459,current,True
480,25044,current,False
481,96693,new,True
482,18443,current,False
483,12226,current,False
484,74144,new,False
485,96208,new,False
486,90437,new,False
487,71376,new,True
488,56503,new,False
489,65832,new,False
490,29152,current,False
491,72251,new,False
492,41879,current,True
493,37658,current,True
494,96487,new,False
495,37461,current,False
496,78759,new,True
497,33134,current,True
498,92587,new,False
499,99551,new,False
500,20061,current,False
501,84783,new,True
502,46551,current,False
503,27269,current,True
504,42475,current,False
505,18215,current,False
506,85350,new,True
507,48208,current,False
508,62961,new,True
509,78046,new,False
510,65359,new,True
511,57965,new,False
512,16775,current,False
513,60663,new,False
514,97205,new,False
515,15921,current,False
516,49726,current,False
517,74079,new,False
518,40527,current,False
519,87081,new,False
520,19615,current,False
521,17106,current,True
522,99075,new,True
523,32875,current,True
524,13464,current,False
525,19860,current,False
526,85161,new,False
527,89764,new,False
528,85616,new,True
529,81816,new,False
530,33805,current,False
531,76127,new,False
532,65884,new,True
533,63258,new,False
534,20311,current,False
535,61237,new,True
536,34534,current,False
537,30271,current,False
538,65122,new,False
539,63992,new,True
540,62719,new,True
541,98015,new,False
542,63951,new,True
543,28966,current,False
544,45073,current,False
545,50355,new,True
546,32558,current,False
547,41763,current,False
548,66864,new,False
549,54390,new,True
550,85407,new,False
551,50698,new,True
552,13957,current,True
553,53144,new,True
554,16387,current,True
555,92560,new,False
556,13757,current,True
557,36810,current,True
558,59901,new,True
559,27677,current,False
560,15029,current,False
561,32370,current,True
562,95697,new,False
563,44021,current,True
564,91847,new,True
565,34317,current,False
566,86799,new,True
567,93090,new,True
568,98427,new,False
569,15711,current,False
570,93064,new,False
571,20001,current,False
572,32594,current,False
573,41616,current,True
574,26062,current,False
575,28609,current,True
576,81067,new,False
577,44854,current,False
578,51268,new,False
579,76680,new,False
580,69513,new,True
581,80377,new,False
582,42960,current,False
583,57300,new,False
584,41909,current,True
585,48079,current,True
586,35438,current,True
587,96886,new,False
588,36260,current,True
589,65971,new,False
590,11077,current,False
591,76619,new,False
592,54121,new,False
593,48811,current,True
594,96576,new,False
595,24332,current,False
596,41623,current,False
597,82877,new,False
598,51712,new,False
599,80816,new,True
600,40102,current,False
601,46847,current,False
602,80978,new,False
603,27826,current,False
604,75421,new,False
605,22365,current,True
606,74658,new,True
607,84284,new,False
608,57568,new,False
609,44397,current,False
610,65955,new,False
611,95411,new,True
612,62803,new,True
613,91824,new,False
614,60931,new,False
615,96351,new,False
616,29086,current,True
617,10263,current,False
618,54248,new,False
619,52260,new,True
620,45425,current,True
621,15133,current,False
622,79859,new,False
623,35624,current,False
624,46215,current,False
625,89657,new,True
626,20309,current,True
627,31751,current,False
628,18008,current,False
629,11764,current,False
630,22335,current,False
631,83089,new,False
632,26052,current,True
633,42836,current,False
634,28171,current,False
635,89123,new,False
636,17802,current,False
637,68610,new,False
638,81278,new,False
639,96921,new,False
640,55766,new,True
641,77808,new,True
642,89541,new,False
643,72825,new,True
644,26634,current,False
645,81736,new,True
646,28104,current,False
647,78645,new,True
648,89344,new,False
649,82552,new,False
650,94772,new,False
651,16516,current,False
652,83318,new,False
653,28322,current,False
654,85250,new,True
655,57779,new,False
656,79134,new,True
657,12087,current,True
658,60104,new,False
659,23541,current,False
660,73183,new,False
661,48908,current,False
662,46369,current,False
663,54099,new,False
664,49119,current,False
665,16341,current,False
666,56482,new,False
667,85530,new,True
668,45768,current,False
669,49916,current,True
670,14750,current,False
671,43468,current,True
672,34274,current,False
673,74973,new,False
674,10085,current,False
675,41791,current,False
676,30642,current,False
677,67038,new,False
678,86222,new,True
679,96739,new,False
680,75075,new,False
681,72281,new,True
682,96822,new,True
683,10291,current,False
684,70417,new,True
685,19025,current,False
686,24611,current,True
687,73488,new,False
688,19868,current,False
689,73372,new,False
690,26565,current,True
691,60933,new,False
692,89265,new,False
693,62341,new,False
694,31393,current,True
695,79515,new,False
696,38153,current,False
697,14051,current,False
698,33887,current,True
699,46378,current,False
700,75336,new,True
701,24659,current,False
702,67123,new,False
703,30085,current,False
704,49813,current,True
705,40521,current,False
706,19500,current,False
707,83194,new,False
708,43627,current,False
709,49898,current,False
710,43246,current,False
711,81085,new,False
712,44657,current,True
713,98263,new,False
714,93130,new,False
715,51513,new,True
716,52247,new,False
717,82109,new,False
718,54513,new,False
719,99698,new,False
720,38000,current,False
721,63393,new,True
722,37650,current,True
723,50069,new,True
724,85377,new,True
725,95178,new,False
726,49062,current,False
727,37488,current,False
728,70572,new,True
729,56426,new,True
730,66473,new,True
731,62183,new,False
732,38025,current,False
733,39252,current,False
734,36471,current,True
735,65802,new,False
736,58123,new,True
737,95366,new,False
738,44371,current,True
739,58277,new,True
740,69507,new,False
741,35131,current,True
742,35887,current,True
743,18697,current,True
744,32676,current,False
745,52858,new,False
746,75026,new,False
747,23682,current,True
748,36089,current,False
749,42036,current,False
750,49758,current,False
751,92668,new,True
752,23327,current,True
753,81214,new,True
754,88662,new,True
755,33200,current,False
756,79960,new,True
757,85572,new,False
758,26121,current,False
759,31334,current,False
760,96155,new,True
761,97458,new,False
762,68205,new,False
763,32803,current,False
764,88715,new,True
765,21825,current,False
766,24817,current,False
767,44438,current,True
768,53555,new,False
769,76237,new,True
770,30616,current,True
771,15825,current,False
772,45511,current,False
773,12761,current,False
774,75614,new,False
775,33408,current,False
776,46354,current,False
777,78252,new,False
778,28882,current,False
779,24773,current,False
780,37564,current,False
781,97944,new,True
782,63869,new,True
783,83052,new,False
784,80728,new,True
785,86849,new,False
786,57501,new,False
787,25593,current,False
788,91922,new,False
789,91637,new,True
790,75415,new,True
791,27600,current,False
792,11910,current,True
793,57569,new,False
794,66401,new,True
795,64229,new,False
796,11373,current,False
797,35190,current,False
798,67585,new,True
799,35177,current,False
800,52612,new,True
801,35138,current,False
802,84400,new,True
803,85831,new,False
804,33388,current,True
805,47431,current,False
806,14233,current,False
807,43468,current,False
808,97792,new,True
809,96888,new,True
810,71444,new,True
811,91384,new,False
812,66769,new,False
813,61420,new,True
814,31856,current,True
815,74450,new,False
816,70638,new,False
817,61855,new,False
818,74409,new,True
819,92109,new,False
820,28800,current,True
821,54937,new,False
822,37155,current,True
823,18228,current,False
824,28643,current,False
825,23931,current,False
826,68157,new,True
827,36139,current,True
828,56477,new,True
829,83689,new,True
830,34258,current,True
831,31747,current,True
832,94333,new,True
833,18113,current,False
834,43321,current,False
835,88934,new,False
836,61022,new,False
837,25238,current,False
838,25568,current,True
839,13085,current,True
840,42284,current,False
841,15487,current,False
842,97868,new,True
843,25748,current,True
844,75500,new,True
845,78874,new,False
846,99843,new,False
847,39576,current,True
848,22413,current,True
849,18257,current,False
850,49353,current,False
851,11680,current,False
852,25812,current,True
853,27874,current,True
854,79568,new,False
855,40022,current,False
856,91163,new,False
857,24682,current,False
858,32585,current,True
859,19644,current,False
860,67518,new,True
861,12062,current,False
862,89240,new,False
863,49704,current,False
864,30822,current,True
865,64844,new,True
866,71357,new,False
867,14898,current,True
868,99843,new,False
869,98515,new,True
870,84319,new,False
871,58970,new,True
872,30593,current,False
873,12929,current,False
874,22133,current,True
875,51769,new,True
876,88570,new,False
877,70446,new,False
878,32187,current,False
879,63420,new,False
880,29653,current,True
881,91892,new,True
882,41134,current,True
883,18632,current,True
884,45735,current,False
885,31745,current,True
886,56387,new,False
887,55954,new,True
888,99807,new,False
889,99445,new,False
890,32922,current,False
891,14087,current,False
892,46503,current,False
893,62144,new,False
894,36930,current,True
895,14020,current,False
896,38195,current,True
897,97255,new,False
898,34246,current,False
899,75746,new,True
900,97070,new,True
901,33073,current,False
902,55090,new,False
903,45202,current,False
904,28098,current,False
905,52760,new,True
906,85125,new,True
907,94243,new,True
908,32302,current,False
909,80181,new,True
910,47661,current,True
911,43653,current,False
912,98703,new,False
913,56250,new,True
914,57727,new,False
915,80113,new,False
916,78876,new,True
917,76012,new,True
918,83644,new,True
919,33937,current,False
920,86565,new,True
921,38304,current,False
922,95961,new,True
923,70813,new,True
924,26014,current,False
925,23128,current,False
926,59600,new,False
927,92855,new,False
928,12402,current,False
929,69963,new,False
930,67722,new,False
931,92788,new,False
932,38088,current,False
933,22448,current,True
934,57939,new,True
935,17929,current,False
936,46076,current,False
937,83485,new,False
938,10827,current,False
939,12146,current,True
940,43803,current,False
941,29184,current,True
942,36772,current,False
943,52114,new,False
944,29156,current,False
945,44667,current,False
946,34789,current,False
947,22773,current,False
948,87102,new,False
949,40269,current,False
950,18214,current,False
951,14688,current,True
952,50382,new,False
953,13420,current,False
954,73362,new,True
955,87410,new,True
956,27617,current,True
957,18515,current,False
958,69345,new,False
959,41353,current,False
960,33407,current,False
961,91473,new,False
962,38381,current,False
963,58385,new,True
964,21239,current,False
965,58347,new,False
966,41728,current,False
967,26445,current,False
968,23461,current,False
969,12137,current,False
970,48876,current,True
971,54723,new,True
972,98723,new,True
973,77919,new,True
974,47161,current,False
975,56647,new,False
976,15755,current,True
977,29749,current,False
978,67789,new,False
979,40782,current,True
980,39329,current,False
981,55392,new,True
982,36556,current,False
983,61842,new,False
984,93648,new,False
985,40263,current,True
986,25660,current,False
987,36164,current,True
988,63947,new,True
989,36169,current,True
990,24441,current,False
991,10490,current,False
992,31680,current,False
993,58032,new,True
994,53357,new,False
995,41393,current,False
996,16700,current,True
997,73403,new,True
998,32649,current,True
999,48632,current,False
1000,40845,current,False
1001,38290,current,True
1002,35676,current,True
1003,69104,new,False
1004,45372,current,True
1005,30234,current,False
1006,67601,new,False
1007,27646,current,False
1008,21027,current,True
1009,78553,new,True
1010,26808,current,True
1011,61091,new,False
1012,32199,current,False
1013,40990,current,True
1014,55308,new,True
1015,43667,current,False
1016,21332,current,True
1017,22933,current,False
1018,92133,new,True
1019,66711,new,False
1020,42295,current,False
1021,33411,current,False
1022,74980,new,True
1023,99025,new,True
1024,85558,new,False
1025,37874,current,False
1026,32970,current,True
1027,84109,new,False
1028,66899,new,False
1029,75191,new,True
1030,77363,new,False
1031,26678,current,True
1032,31530,current,True
1033,31008,current,False
1034,48961,current,False
1035,25216,current,True
1036,96673,new,False
1037,59370,new,False
1038,61132,new,False
1039,22130,current,False
1040,97297,new,False
1041,63798,new,False
1042,35943,current,False
1043,84592,new,True
1044,83874,new,True
1045,84542,new,False
1046,81942,new,False
1047,41561,current,True
1048,49673,current,False
1049,47003,current,False
1050,15538,current,False
1051,31685,current,False
1052,98332,new,True
1053,42708,current,False
1054,23015,current,False
1055,43890,current,False
1056,21279,current,False
1057,14633,current,False
1058,88604,new,True
1059,99200,new,False
1060,85703,new,True
1061,94328,new,True
1062,46431,current,True
1063,16635,current,False
1064,59588,new,True
1065,24154,current,False
1066,91955,new,True
1067,86419,new,False
1068,98865,new,False
1069,48892,current,False
1070,20631,current,False
1071,70792,new,True
1072,39645,current,False
1073,48062,current,False
1074,26502,current,True
1075,91312,new,False
1076,52519,new,False
1077,76201,new,False
1078,14911,current,False
1079,34613,current,False
1080,45964,current,True
1081,61314,new,False
1082,40022,current,False
1083,97311,new,False
1084,64681,new,True
1085,20969,current,False
1086,66979,new,False
1087,14956,current,False
1088,27349,current,False
1089,91091,new,True
1090,54703,new,False
1091,13361,current,False
1092,53321,new,False
1093,62051,new,True
1094,82520,new,True
1095,63861,new,False
1096,10353,current,False
1097,56702,new,True
1098,33099,current,True
1099,50459,new,False
1100,77222,new,True
1101,60281,new,False
1102,69061,new,False
1103,73638,new,True
1104,41368,current,False
1105,68653,new,False
1106,98797,new,False
1107,97670,new,False
1108,70733,new,False
1109,44754,current,True
1110,31513,current,True
1111,55980,new,True
1112,50290,new,True
1113,78372,new,False
1114,21386,current,False
1115,68225,new,False
1116,11450,current,False
1117,30084,current,False
1118,44890,current,False
1119,70312,new,False
1120,62943,new,True
1121,35904,current,False
1122,29186,current,False
1123,16037,current,False
1124,31928,current,True
1125,98424,new,False
1126,51082,new,True
1127,57212,new,True
1128,66175,new,False
1129,22842,current,True
1130,85890,new,True
1131,11301,current,False
1132,84457,new,False
1133,87686,new,False
1134,11039,current,False
1135,36993,current,False
1136,67981,new,False
1137,59765,new,False
1138,44815,current,False
1139,11087,current,True
1140,97004,new,True
1141,66421,new,True
1142,33516,current,False
1143,20684,current,False
1144,27509,current,False
1145,98899,new,True
1146,60132,new,False
1147,35943,current,False
1148,75439,new,False
1149,19155,current,False
1150,13564,current,False
1151,37888,current,False
1152,34260,current,True
1153,56112,new,False
1154,62306,new,False
1155,40847,current,False
1156,80837,new,True
1157,52747,new,True
1158,73419,new,False
1159,41813,current,False
1160,56643,new,True
1161,67062,new,False
1162,50535,new,True
1163,20441,current,True
1164,54409,new,True
1165,81507,new,False
1166,31511,current,False
1167,82457,new,False
1168,57725,new,False
1169,54629,new,False
1170,18624,current,True
1171,42882,current,False
1172,25357,current,False
1173,90167,new,True
1174,98995,new,True
1175,11220,current,False
1176,42757,current,False
1177,34818,current,False
1178,20199,current,False
1179,55645,new,False
1180,23450,current,False
1181,76682,new,True
1182,48333,current,False
1183,34452,current,False
1184,79193,new,False
1185,93713,new,True
1186,21142,current,False
1187,21223,current,True
1188,14994,current,False
1189,19223,current,False
1190,51989,new,False
1191,87641,new,True
1192,82499,new,False
1193,63618,new,False
1194,24900,current,False
1195,34218,current,True
1196,59281,new,False
1197,87556,new,False
1198,54875,new,False
1199,62510,new,True
1200,10896,current,False
1201,53645,new,False
1202,38723,current,True
1203,38795,current,False
1204,56869,new,True
1205,91949,new,False
1206,21145,current,True
1207,86801,new,True
1208,76176,new,True
1209,47712,current,False
1210,62432,new,False
1211,62871,new,False
1212,39587,current,False
1213,34261,current,False
1214,95676,new,True
1215,20107,current,True
1216,44430,current,False
1217,74549,new,False
1218,94380,new,False
1219,13542,current,True
1220,67921,new,False
1221,94488,new,True
1222,68750,new,False
1223,32238,current,True
1224,33096,current,False
1225,24323,current,False
1226,72613,new,True
1227,29830,current,False
1228,57080,new,True
1229,62303,new,True
1230,88925,new,False
1231,27771,current,False
1232,85825,new,True
1233,67902,new,False
1234,87699,new,False
1235,64855,new,False
1236,21376,current,False
1237,94202,new,True
1238,21677,current,True
1239,43805,current,False
1240,35546,current,True
1241,31969,current,False
1242,20842,current,False
1243,21749,current,True
1244,87530,new,True
1245,39268,current,True
1246,98325,new,False
1247,40926,current,True
1248,35073,current,False
1249,78391,new,False
1250,37520,current,True
1251,54728,new,True
1252,72446,new,False
1253,33051,current,True
1254,16416,current,True
1255,98476,new,True
1256,64989,new,True
1257,24050,current,True
1258,81445,new,True
1259,85679,new,False
1260,98498,new,False
1261,15741,current,False
1262,21758,current,False
1263,10028,current,True
1264,22168,current,False
1265,15755,current,True
1266,10348,current,False
1267,91793,new,False
1268,14824,current,True
1269,60409,new,True
1270,33000,current,True
1271,48919,current,False
1272,96505,new,False
1273,22016,current,False
1274,64124,new,True
1275,96170,new,True
1276,13792,current,False
1277,94540,new,True
1278,34960,current,True
1279,13786,current,False
1280,70254,new,False
1281,27124,current,False
1282,64439,new,False
1283,28590,current,False
1284,38667,current,False
1285,55135,new,False
1286,50001,new,True
1287,41530,current,False
1288,91721,new,False
1289,89447,new,False
1290,69628,new,True
1291,22158,current,False
1292,86718,new,False
1293,35069,current,False
1294,83408,new,True
1295,59371,new,True
1296,85935,new,True
1297,21672,current,False
1298,46207,current,False
1299,86295,new,False
1300,11875,current,False
1301,89172,new,False
1302,92569,new,False
1303,57871,new,False
1304,43548,current,False
1305,52708,new,False
1306,55220,new,False
1307,94777,new,False
1308,78426,new,True
1309,28154,current,False
1310,91743,new,True
1311,61645,new,False
1312,11888,current,True
1313,42192,current,True
1314,36391,current,False
1315,67995,new,False
1316,17168,current,True
1317,95243,new,False
1318,43370,current,False
1319,55591,new,False
1320,46339,current,True
1321,61372,new,False
1322,52332,new,False
1323,88159,new,True
1324,68919,new,False
1325,34685,current,False
1326,92032,new,False
1327,59480,new,True
1328,63529,new,True
1329,83438,new,True
1330,43856,current,True
1331,81946,new,True
1332,87775,new,True
1333,47902,current,False
1334,92180,new,False
1335,58283,new,False
1336,21716,current,True
1337,96550,new,False
1338,22489,current,False
1339,20008,current,True
1340,81874,new,True
1341,12808,current,False
1342,75572,new,False
1343,11397,current,False
1344,79262,new,False
1345,73680,new,True
1346,13162,current,False
1347,22138,current,False
1348,28179,current,False
1349,21012,current,False
1350,71371,new,True
1351,30676,current,False
1352,29291,current,False
1353,89855,new,False
1354,36316,current,False
1355,35443,current,False
1356,62088,new,False
1357,61125,new,False
1358,30842,current,False
1359,29590,current,True
1360,55358,new,False
1361,29941,current,False
1362,65264,new,False
1363,39000,current,False
1364,39028,current,False
1365,90254,new,True
1366,28420,current,False
1367,32585,current,False
1368,68096,new,False
1369,24551,current,False
1370,74624,new,False
1371,14200,current,True
1372,29542,current,True
1373,73268,new,True
1374,44035,current,False
1375,19953,current,False
1376,71271,new,False
1377,63464,new,True
1378,78855,new,True
1379,19049,current,False
1380,24323,current,False
1381,47091,current,False
1382,31676,current,False
1383,91359,new,True
1384,76811,new,False
1385,37438,current,False
1386,23597,current,True
1387,72338,new,True
1388,94903,new,True
1389,61947,new,False
1390,97992,new,True
1391,62888,new,True
1392,90245,new,True
1393,16054,current,True
1394,55157,new,True
1395,43825,current,True
1396,57786,new,False
1397,77511,new,False
1398,28324,current,True
1399,28953,current,True
1400,81395,new,True
1401,20620,current,False
1402,43965,current,False
1403,35803,current,False
1404,19540,current,False
1405,85587,new,True
1406,39218,current,False
1407,27489,current,False
1408,27010,current,False
1409,92302,new,True
1410,10131,current,False
1411,63164,new,False
1412,23152,current,False
1413,26384,current,False
1414,53373,new,False
1415,93885,new,False
1416,49045,current,True
1417,82122,new,True
1418,25118,current,False
1419,42119,current,True
1420,15072,current,False
1421,39428,current,False
1422,92991,new,True
1423,49055,current,False
1424,31480,current,True
1425,90283,new,False
1426,96172,new,False
1427,79417,new,False
1428,63954,new,True
1429,93934,new,False
1430,69247,new,False
1431,95712,new,True
1432,20952,current,False
1433,27674,current,False
1434,29448,current,False
1435,63332,new,False
1436,53352,new,False
1437,43350,current,False
1438,77402,new,True
1439,16484,current,False
1440,20120,current,False
1441,41881,current,True
1442,15162,current,True
1443,44164,current,False
1444,76958,new,True
1445,12406,current,False
1446,61898,new,False
1447,54826,new,True
1448,49342,current,True
1449,78601,new,False
1450,26797,current,False
1451,51532,new,False
1452,21356,current,True
1453,34617,current,False
1454,14216,current,False
1455,43022,current,False
1456,51870,new,True
1457,49332,current,True
1458,73285,new,False
1459,14958,current,False
1460,38816,current,False
1461,42842,current,False
1462,59885,new,True
1463,13945,current,False
1464,59883,new,False
1465,14151,current,True
1466,47684,current,False
1467,73045,new,True
1468,37764,current,False
1469,85273,new,True
1470,26697,current,False
1471,24372,current,False
1472,41889,current,False
1473,28571,current,True
1474,17317,current,False
1475,25514,current,False
1476,51401,new,True
1477,43409,current,False
1478,68031,new,False
1479,72818,new,False
1480,93888,new,False
1481,99710,new,False
1482,66428,new,False
1483,97245,new,False
1484,94728,new,False
1485,15455,current,False
1486,14476,current,True
1487,98955,new,False
1488,44771,current,True
1489,30922,current,False
1490,74650,new,True
1491,14545,current,False
1492,74471,new,False
1493,50225,new,True
1494,10351,current,False
1495,20575,current,False
1496,72328,new,False
1497,38786,current,False
1498,28856,current,False
1499,63697,new,False
1500,13338,current,False
1501,50531,new,True
1502,34600,current,True
1503,37005,current,True
1504,46962,current,False
1505,72177,new,False
1506,27100,current,False
1507,35997,current,False
1508,67794,new,True
1509,74612,new,True
1510,96976,new,False
1511,53478,new,False
1512,62248,new,True
1513,47329,current,True
1514,76872,new,True
1515,40831,current,False
1516,53309,new,False
1517,23749,current,True
1518,47005,current,False
1519,65869,new,False
1520,58490,new,False
1521,95437,new,False
1522,70256,new,True
1523,65578,new,False
1524,71033,new,True
1525,62688,new,True
1526,46238,current,False
1527,51355,new,True
1528,84685,new,False
1529,83268,new,False
1530,53897,new,False
1531,36066,current,False
1532,72789,new,False
1533,30715,current,False
1534,14981,current,True
1535,74326,new,False
1536,29310,current,True
1537,89028,new,False
1538,28027,current,True
1539,59139,new,True
1540,88982,new,False
1541,79819,new,True
1542,78123,new,False
1543,71653,new,True
1544,26475,current,False
1545,51988,new,True
1546,78344,new,False
1547,64002,new,False
1548,67636,new,True
1549,49326,current,False
1550,49963,current,True
1551,63631,new,False
1552,21816,current,False
1553,29766,current,False
1554,26389,current,False
1555,26675,current,False
1556,20028,current,False
1557,99851,new,True
1558,37813,current,False
1559,12476,current,False
1560,62526,new,False
1561,37103,current,True
1562,60723,new,True
1563,10556,current,False
1564,49103,current,False
1565,49487,current,False
1566,30369,current,False
1567,21355,current,False
1568,27008,current,False
1569,14969,current,True
1570,14519,current,False
1571,49765,current,False
1572,94166,new,True
1573,77098,new,True
1574,54230,new,False
1575,68280,new,True
1576,25846,current,False
1577,39188,current,True
1578,71983,new,False
1579,83404,new,True
1580,77777,new,False
1581,53888,new,True
1582,68461,new,False
1583,70983,new,False
1584,29952,current,True
1585,81373,new,False
1586,77242,new,False
1587,42664,current,False
1588,89583,new,False
1589,30356,current,False
1590,66320,new,False
1591,63638,new,True
1592,43244,current,False
1593,19038,current,False
1594,34366,current,True
1595,79914,new,False
1596,28811,current,False
1597,24841,current,False
1598,22950,current,False
1599,21370,current,True
1600,32008,current,False
1601,15517,current,False
1602,21494,current,False
1603,25708,current,False
1604,32607,current,True
1605,85893,new,False
1606,85111,new,False
1607,15299,current,True
1608,52225,new,False
1609,47893,current,True
1610,46929,current,False
1611,70063,new,False
1612,94583,new,True
1613,42208,current,False
1614,92282,new,False
1615,38094,current,False
1616,43638,current,False
1617,88363,new,False
1618,15099,current,False
1619,84605,new,False
1620,74672,new,False
1621,44997,current,False
1622,72802,new,False
1623,91487,new,False
1624,32106,current,True
1625,68732,new,False
1626,50607,new,False
1627,89469,new,True
1628,95524,new,False
1629,29404,current,False
1630,34729,current,True
1631,93144,new,True
1632,30547,current,True
1633,47410,current,False
1634,60468,new,False
1635,26973,current,False
1636,17157,current,True
1637,74135,new,False
1638,95577,new,True
1639,14428,current,True
1640,73426,new,True
1641,87173,new,False
1642,87085,new,True
1643,30063,current,True
1644,76298,new,True
1645,75693,new,False
1646,68360,new,True
1647,91613,new,True
1648,26472,current,True
1649,98081,new,False
1650,76762,new,False
1651,72459,new,False
1652,76979,new,True
1653,58304,new,True
1654,75584,new,False
1655,35142,current,True
1656,56033,new,False
1657,66214,new,True
1658,46542,current,True
1659,32024,current,False
1660,51717,new,True
1661,29744,current,True
1662,12774,current,True
1663,22515,current,False
1664,65885,new,False
1665,87816,new,True
1666,14908,current,True
1667,95503,new,False
1668,90322,new,False
1669,62092,new,False
1670,44574,current,False
1671,99665,new,False
1672,21641,current,False
1673,29438,current,False
1674,90199,new,False
1675,95288,new,True
1676,21149,current,True
1677,60183,new,True
1678,49482,current,False
1679,67623,new,True
1680,73846,new,True
1681,36289,current,True
1682,12875,current,False
1683,15531,current,False
1684,81940,new,False
1685,71241,new,True
1686,55553,new,False
1687,50420,new,True
1688,39345,current,True
1689,24378,current,False
1690,88534,new,False
1691,48648,current,False
1692,69282,new,True
1693,39849,current,False
1694,46654,current,True
1695,50533,new,True
1696,43249,current,False
1697,45959,current,False
1698,22254,current,False
1699,48967,current,False
1700,24105,current,False
1701,92645,new,True
1702,27727,current,False
1703,42927,current,False
1704,83740,new,False
1705,71460,new,False
1706,84642,new,False
1707,26471,current,False
1708,44887,current,False
1709,10139,current,False
1710,63866,new,True
1711,57170,new,True
1712,42405,current,False
1713,96405,new,False
1714,98267,new,False
1715,10092,current,True
1716,77912,new,True
1717,70899,new,False
1718,24175,current,False
1719,53475,new,False
1720,50216,new,True
1721,78421,new,False
1722,47393,current,True
1723,73319,new,False
1724,36992,current,False
1725,10593,current,False
1726,30366,current,False
1727,43614,current,True
1728,61397,new,False
1729,24431,current,False
1730,40978,current,False
1731,30480,current,False
1732,96434,new,False
1733,82830,new,False
1734,42232,current,True
1735,18558,current,True
1736,28281,current,True
1737,89967,new,False
1738,42396,current,False
1739,91111,new,False
1740,15689,current,False
1741,61353,new,True
1742,14757,current,False
1743,54404,new,True
1744,52170,new,True
1745,22712,current,False
1746,97263,new,True
1747,48865,current,False
1748,74941,new,True
1749,70697,new,False
1750,48714,current,True
1751,25427,current,False
1752,24160,current,True
1753,89592,new,False
1754,93294,new,True
1755,65444,new,False
1756,33249,current,False
1757,32556,current,False
1758,59396,new,True
1759,18270,current,False
1760,40975,current,True
1761,64257,new,True
1762,28452,current,False
1763,59974,new,False
1764,15922,current,False
1765,44186,current,False
1766,21932,current,True
1767,77375,new,True
1768,53824,new,False
1769,67118,new,False
1770,12877,current,False
1771,97609,new,False
1772,31763,current,False
1773,59407,new,True
1774,77046,new,True
1775,21667,current,False
1776,65236,new,True
1777,59454,new,False
1778,58649,new,True
1779,39413,current,False
1780,35484,current,False
1781,59171,new,False
1782,39379,current,False
1783,71734,new,True
1784,44945,current,True
1785,31790,current,False
1786,20694,current,False
1787,89877,new,True
1788,29596,current,True
1789,19777,current,False
1790,28133,current,False
1791,57022,new,False
1792,19486,current,True
1793,87044,new,True
1794,96075,new,True
1795,68258,new,False
1796,69381,new,False
1797,31104,current,False
1798,77596,new,True
1799,84259,new,False
1800,75148,new,False
1801,31548,current,False
1802,32338,current,False
1803,67040,new,False
1804,45676,current,False
1805,19234,current,True
1806,61402,new,True
1807,66642,new,True
1808,48610,current,True
1809,37418,current,False
1810,63617,new,True
1811,13547,current,True
1812,79343,new,False
1813,35518,current,True
1814,61323,new,False
1815,98205,new,True
1816,46671,current,False
1817,82060,new,False
1818,22487,current,False
1819,40321,current,True
1820,74871,new,False
1821,43746,current,False
1822,17336,current,True
1823,78387,new,False
1824,52156,new,True
1825,72333,new,True
1826,85510,new,False
1827,95425,new,True
1828,19041,current,False
1829,36006,current,False
1830,88153,new,False
1831,52818,new,False
1832,95659,new,False
1833,77654,new,False
1834,58489,new,False
1835,55235,new,False
1836,83152,new,False
1837,29581,current,False
1838,53560,new,False
1839,64371,new,False
1840,76527,new,False
1841,47076,current,False
1842,83438,new,True
1843,17174,current,False
1844,80034,new,False
1845,61517,new,False
1846,27872,current,False
1847,16717,current,False
1848,51914,new,True
1849,96188,new,False
1850,67325,new,False
1851,88766,new,False
1852,36925,current,False
1853,83821,new,True
1854,13529,current,False
1855,70884,new,True
1856,14619,current,True
1857,70050,new,True
1858,42249,current,False
1859,90633,new,True
1860,34589,current,False
1861,70874,new,False
1862,23379,current,False
1863,48838,current,True
1864,66480,new,True
1865,94608,new,False
1866,67242,new,True
1867,15555,current,False
1868,12958,current,False
1869,50854,new,True
1870,71675,new,True
1871,34453,current,False
1872,13283,current,True
1873,71421,new,False
1874,28847,current,False
1875,76532,new,False
1876,11023,current,False
1877,15447,current,False
1878,31039,current,False
1879,88979,new,False
1880,79148,new,False
1881,20143,current,True
1882,26940,current,False
1883,51494,new,False
1884,35986,current,False
1885,50794,new,False
1886,54499,new,False
1887,57577,new,False
1888,32534,current,False
1889,82917,new,False
1890,38781,current,True
1891,43784,current,True
1892,64428,new,False
1893,95452,new,True
1894,37157,current,False
1895,39962,current,False
1896,46076,current,True
1897,66769,new,False
1898,35522,current,False
1899,78819,new,True
1900,61822,new,False
1901,27200,current,True
1902,50842,new,False
1903,62651,new,False
1904,29770,current,False
1905,76221,new,True
1906,49245,current,False
1907,38297,current,False
1908,40677,current,False
1909,74501,new,False
1910,64359,new,False
1911,61835,new,False
1912,42768,current,False
1913,49723,current,False
1914,98480,new,True
1915,58319,new,True
1916,71564,new,False
1917,30300,current,True
1918,43040,current,False
1919,79039,new,False
1920,70035,new,True
1921,49211,current,False
1922,21878,current,False
1923,70988,new,True
1924,44924,current,True
1925,49582,current,True
1926,39338,current,False
1927,91989,new,False
1928,21647,current,False
1929,98777,new,False
1930,57648,new,True
1931,35333,current,False
1932,35526,current,True
1933,27362,current,False
1934,15212,current,True
1935,38449,current,False
1936,92338,new,False
1937,83171,new,False
1938,60929,new,True
1939,86383,new,False
1940,35254,current,False
1941,95964,new,True
1942,42085,current,False
1943,77848,new,True
1944,12486,current,False
1945,47309,current,False
1946,83314,new,False
1947,23934,current,False
1948,19245,current,False
1949,47360,current,False
1950,73798,new,False
1951,12712,current,True
1952,78798,new,False
1953,25877,current,False
1954,69135,new,True
1955,44313,current,False
1956,46816,current,False
1957,40762,current,False
1958,93001,new,True
1959,72978,new,False
1960,20757,current,True
1961,43209,current,True
1962,46954,current,False
1963,88624,new,True
1964,41835,current,False
1965,14857,current,True
1966,11091,current,False
1967,12357,current,True
1968,25705,current,False
1969,52570,new,True
1970,99593,new,True
1971,26348,current,False
1972,51550,new,False
1973,42052,current,True
1974,91361,new,False
1975,31462,current,True
1976,78446,new,True
1977,68059,new,True
1978,84973,new,True
1979,67106,new,True
1980,13718,current,False
1981,48502,current,False
1982,32143,current,False
1983,21962,current,False
1984,42348,current,False
1985,91996,new,False
1986,45890,current,True
1987,60799,new,False
1988,41195,current,False
1989,17964,current,True
1990,33234,current,True
1991,70964,new,False
1992,57491,new,False
1993,66624,new,False
1994,15278,current,False
1995,91188,new,False
1996,31488,current,False
1997,95430,new,False
1998,36789,current,False
1999,75482,new,True
2000,25977,current,True
2001,40990,current,False
2002,10898,current,True
2003,47575,current,False
2004,10812,current,False
2005,73321,new,False
2006,46401,current,False
2007,96785,new,True
2008,59263,new,True
2009,45579,current,False
2010,55800,new,False
2011,32784,current,False
2012,71051,new,False
2013,16817,current,False
2014,70408,new,True
2015,94682,new,True
2016,77392,new,True
2017,20059,current,True
2018,74744,new,False
2019,24399,current,True
2020,98719,new,False
2021,52653,new,False
2022,13737,current,True
2023,47197,current,False
2024,18879,current,False
2025,31082,current,False
2026,42672,current,False
2027,17287,current,False
2028,80732,new,True
2029,98949,new,True
2030,60969,new,False
2031,86246,new,True
2032,90486,new,False
2033,21743,current,False
2034,25707,current,False
2035,99859,new,False
2036,70766,new,True
2037,54665,new,False
2038,18069,current,False
2039,10454,current,False
2040,25103,current,False
2041,52594,new,False
2042,22370,current,True
2043,38260,current,False
2044,43460,current,False
2045,97190,new,False
2046,78006,new,True
2047,34829,current,False
2048,89524,new,True
2049,57965,new,True
2050,37082,current,False
2051,47860,current,True
2052,31568,current,False
2053,37349,current,True
2054,20751,current,True
2055,87851,new,False
2056,55906,new,True
2057,47193,current,False
2058,66450,new,True
2059,30396,current,False
2060,12437,current,False
2061,91745,new,False
2062,26414,current,True
2063,50816,new,True
2064,56717,new,True
2065,83727,new,False
2066,65179,new,True
2067,17592,current,True
2068,75283,new,True
2069,18766,current,True
2070,34774,current,False
2071,94388,new,False
2072,40663,current,False
2073,11331,current,True
2074,86896,new,True
2075,33831,current,True
2076,70025,new,True
2077,25059,current,False
2078,52682,new,False
2079,55850,new,True
2080,51099,new,False
2081,91243,new,True
2082,12007,current,True
2083,15075,current,True
2084,50722,new,False
2085,33119,current,False
2086,24976,current,True
2087,61956,new,False
2088,94444,new,False
2089,83965,new,False
2090,45802,current,False
2091,98698,new,False
2092,41291,current,False
2093,36522,current,True
2094,42231,current,True
2095,58734,new,False
2096,41115,current,False
2097,14424,current,False
2098,27054,current,False
2099,66897,new,False
2100,66403,new,True
2101,29627,current,False
2102,91613,new,False
2103,30925,current,False
2104,19545,current,True
2105,80001,new,True
2106,15301,current,False
2107,69517,new,True
2108,75590,new,True
2109,77370,new,False
2110,64026,new,False
2111,34261,current,True
2112,53487,new,False
2113,38562,current,False
2114,48422,current,False
2115,58057,new,False
2116,97011,new,False
2117,28512,current,True
2118,77489,new,False
2119,79464,new,True
2120,69652,new,False
2121,33131,current,False
2122,48507,current,False
2123,73858,new,False
2124,34791,current,True
2125,30567,current,False
2126,83832,new,True
2127,60133,new,False
2128,92665,new,True
2129,21365,current,False
2130,90052,new,False
2131,31219,current,False
2132,73248,new,True
2133,66684,new,True
2134,86041,new,False
2135,74486,new,True
2136,47805,current,False
2137,68109,new,True
2138,92804,new,False
2139,51393,new,True
2140,54423,new,False
2141,61526,new,False
2142,83400,new,False
2143,85248,new,False
2144,52939,new,False
2145,71892,new,False
2146,59113,new,False
2147,63317,new,True
2148,38947,current,False
2149,18261,current,True
2150,56675,new,True
2151,84028,new,True
2152,63856,new,False
2153,65636,new,False
2154,27053,current,False
2155,74907,new,False
2156,66834,new,False
2157,30899,current,True
2158,93262,new,False
2159,42736,current,True
2160,64678,new,False
2161,78221,new,False
2162,61117,new,True
2163,25816,current,False
2164,25431,current,False
2165,71998,new,True
2166,42276,current,False
2167,44928,current,False
2168,54522,new,True
2169,26375,current,False
2170,39810,current,False
2171,86777,new,False
2172,30869,current,True
2173,93790,new,True
2174,93109,new,True
2175,78417,new,False
2176,17347,current,True
2177,65770,new,True
2178,54298,new,False
2179,59981,new,True
2180,26194,current,False
2181,34243,current,False
2182,22612,current,False
2183,65296,new,False
2184,98102,new,False
2185,16627,current,False
2186,14467,current,False
2187,18244,current,False
2188,66813,new,False
2189,80675,new,False
2190,36929,current,False
2191,41235,current,False
2192,51118,new,False
2193,14018,current,True
2194,57187,new,False
2195,30662,current,False
2196,29445,current,True
2197,99775,new,False
2198,78262,new,False
2199,65103,new,False
2200,17545,current,False
2201,44668,current,False
2202,16084,current,False
2203,16693,current,True
2204,46108,current,False
2205,96592,new,True
2206,48246,current,False
2207,73049,new,False
2208,87130,new,True
2209,45740,current,False
2210,98358,new,True
2211,49626,current,False
2212,83690,new,True
2213,23797,current,False
2214,12513,current,False
2215,13340,current,False
2216,33341,current,False
2217,55989,new,False
2218,97869,new,True
2219,48314,current,False
2220,59049,new,False
2221,50091,new,False
2222,74334,new,False
2223,77231,new,False
2224,86184,new,True
2225,95608,new,False
2226,38840,current,False
2227,70712,new,False
2228,36602,current,False
2229,41047,current,True
2230,45591,current,False
2231,72296,new,True
2232,53953,new,True
2233,84955,new,True
2234,66509,new,False
2235,36754,current,False
2236,54613,new,False
2237,73271,new,True
2238,32028,current,True
2239,82566,new,False
2240,19171,current,True
2241,39859,current,False
2242,56464,new,False
2243,37386,current,False
2244,76574,new,True
2245,86137,new,False
2246,25513,current,False
2247,64116,new,False
2248,29221,current,True
2249,85896,new,True
2250,38854,current,False
2251,40236,current,False
2252,37280,current,True
2253,15407,current,False
2254,30062,current,True
2255,72751,new,True
2256,40580,current,False
2257,81706,new,True
2258,70729,new,True
2259,15531,current,True
2260,10575,current,True
2261,21845,current,True
2262,30764,current,False
2263,49414,current,False
2264,29527,current,False
2265,86255,new,True
2266,49054,current,False
2267,18160,current,False
2268,85173,new,False
2269,93044,new,True
2270,50484,new,True
2271,27314,current,False
2272,11504,current,False
2273,12365,current,True
2274,33562,current,False
2275,36758,current,False
2276,14242,current,False
2277,53316,new,False
2278,59507,new,False
2279,66648,new,False
2280,23127,current,True
2281,80064,new,False
2282,35221,current,True
2283,18172,current,True
2284,32884,current,False
2285,63148,new,True
2286,39335,current,True
2287,10404,current,False
2288,74133,new,False
2289,80197,new,False
2290,14256,current,False
2291,88451,new,False
2292,98982,new,True
2293,27141,current,False
2294,46273,current,False
2295,37462,current,True
2296,85199,new,False
2297,47948,current,True
2298,39179,current,True
2299,57274,new,False
2300,43223,current,False
2301,44004,current,False
2302,36026,current,False
2303,69861,new,True
2304,73285,new,True
2305,21608,current,False
2306,79098,new,True
2307,21606,current,True
2308,67374,new,False
2309,96094,new,True
2310,16385,current,False
2311,38041,current,False
2312,57063,new,True
2313,78426,new,False
2314,49194,current,False
2315,39610,current,True
2316,42545,current,True
2317,73015,new,True
2318,61239,new,True
2319,97755,new,False
2320,44413,current,False
2321,27938,current,False
2322,56088,new,False
2323,89611,new,False
2324,64932,new,True
2325,20149,current,False
2326,55324,new,True
2327,39911,current,False
2328,27904,current,False
2329,69488,new,False
2330,37829,current,False
2331,89985,new,False
2332,72151,new,True
2333,74915,new,True
2334,93639,new,False
2335,70658,new,False
2336,99529,new,False
2337,17979,current,False
2338,70641,new,False
2339,91114,new,False
2340,41492,current,True
2341,46662,current,False
2342,98831,new,True
2343,67966,new,True
2344,18250,current,False
2345,65469,new,False
2346,11846,current,False
2347,14449,current,False
2348,52240,new,False
2349,54566,new,False
2350,32960,current,False
2351,81312,new,False
2352,61168,new,False
2353,46043,current,False
2354,91070,new,False
2355,53566,new,True
2356,23036,current,False
2357,96159,new,False
2358,69909,new,True
2359,40079,current,False
2360,70982,new,False
2361,18791,current,False
2362,21782,current,True
2363,55691,new,False
2364,14262,current,False
2365,21074,current,True
2366,16245,current,True
2367,13039,current,True
2368,43360,current,True
2369,73180,new,False
2370,68924,new,False
2371,13125,current,True
2372,12702,current,False
2373,34968,current,False
2374,35890,current,False
2375,57853,new,True
2376,15924,current,False
2377,32954,current,False
2378,70070,new,False
2379,82620,new,False
2380,65306,new,True
2381,28496,current,False
2382,10396,current,False
2383,30799,current,True
2384,48573,current,False
2385,34592,current,False
2386,83766,new,False
2387,28713,current,True
2388,34015,current,False
2389,63604,new,False
2390,45668,current,False
2391,79492,new,True
2392,27722,current,True
2393,22159,current,False
2394,67469,new,False
2395,37569,current,True
2396,42049,current,False
2397,14256,current,False
2398,92112,new,True
2399,15727,current,False
2400,27802,current,True
2401,12114,current,False
2402,39800,current,True
2403,92141,new,True
2404,54853,new,False
2405,17749,current,True
2406,70270,new,False
2407,19423,current,False
2408,14750,current,False
2409,34749,current,False
2410,74890,new,False
2411,51944,new,True
2412,75340,new,True
2413,64497,new,True
2414,29970,current,True
2415,92495,new,False
2416,36099,current,False
2417,32266,current,True
2418,42247,current,False
2419,88167,new,False
2420,89794,new,False
2421,29682,current,False
2422,34387,current,False
2423,93041,new,True
2424,58845,new,True
2425,19204,current,False
2426,44800,current,False
2427,66267,new,False
2428,25591,current,False
2429,23288,current,False
2430,59665,new,False
2431,21539,current,False
2432,16958,current,False
2433,99964,new,False
2434,49444,current,False
2435,85158,new,True
2436,15192,current,True
2437,55794,new,True
2438,27740,current,False
2439,57421,new,False
2440,72429,new,True
2441,59829,new,True
2442,32550,current,False
2443,48671,current,False
2444,10842,current,False
2445,22626,current,True
2446,43056,current,False
2447,11788,current,True
2448,33034,current,False
2449,16131,current,False
2450,30368,current,False
2451,16483,current,True
2452,80366,new,False
2453,61943,new,False
2454,43931,current,False
2455,34953,current,False
2456,86466,new,True
2457,37448,current,False
2458,75495,new,True
2459,50643,new,False
2460,13951,current,False
2461,13065,current,False
2462,33173,current,False
2463,13940,current,True
2464,28301,current,False
2465,47671,current,True
2466,42665,current,False
2467,75398,new,True
2468,97948,new,False
2469,96931,new,False
2470,16713,current,True
2471,16928,current,False
2472,30582,current,False
2473,21233,current,True
2474,67350,new,False
2475,97099,new,True
2476,87060,new,True
2477,48407,current,False
2478,68415,new,False
2479,92691,new,False
2480,17467,current,False
2481,27864,current,False
2482,39878,current,True
2483,21107,current,False
2484,50000,new,False
2485,38058,current,False
2486,26813,current,False
2487,32122,current,False
2488,92485,new,False
2489,73040,new,False
2490,34740,current,False
2491,81602,new,False
2492,24181,current,False
2493,73156,new,False
2494,17994,current,True
2495,49122,current,False
2496,15245,current,False
2497,71166,new,False
2498,39786,current,False
2499,42694,current,False
2500,41943,current,False
2501,40824,current,True
2502,74298,new,False
2503,35822,current,False
2504,13931,current,True
2505,91178,new,False
2506,15079,current,False
2507,22088,current,True
2508,10095,current,False
2509,95814,new,False
2510,80425,new,False
2511,99427,new,False
2512,20834,current,True
2513,42024,current,False
2514,53296,new,False
2515,49229,current,True
2516,51129,new,False
2517,20677,current,True
2518,22880,current,False
2519,84514,new,False
2520,19208,current,True
2521,71898,new,False
2522,65853,new,False
2523,48884,current,False
2524,89312,new,True
2525,97640,new,True
2526,39513,current,False
2527,36724,current,False
2528,41128,current,False
2529,12011,current,False
2530,34999,current,True
2531,70043,new,True
2532,20057,current,True
2533,91646,new,False
2534,78003,new,False
2535,86203,new,False
2536,21775,current,False
2537,38222,current,False
2538,75314,new,False
2539,79585,new,False
2540,15599,current,True
2541,68575,new,True
2542,71437,new,False
2543,29676,current,False
2544,25198,current,True
2545,93453,new,False
2546,30764,current,False
2547,28811,current,False
2548,39475,current,False
2549,45584,current,False
2550,11419,current,True
2551,67720,new,True
2552,87694,new,False
2553,82048,new,False
2554,95251,new,False
2555,92541,new,True
2556,65398,new,True
2557,32861,current,False
2558,47499,current,False
2559,39507,current,False
2560,55031,new,True
2561,55862,new,False
2562,10875,current,True
2563,38673,current,False
2564,28700,current,False
2565,13718,current,True
2566,21939,current,False
2567,68202,new,True
2568,51984,new,False
2569,56313,new,True
2570,96336,new,False
2571,90107,new,False
2572,22861,current,False
2573,70981,new,False
2574,95380,new,True
2575,62652,new,False
2576,65422,new,False
2577,44421,current,True
2578,30500,current,False
2579,19586,current,False
2580,58894,new,True
2581,80118,new,False
2582,97552,new,True
2583,10287,current,False
2584,57885,new,True
2585,96365,new,False
2586,54338,new,True
2587,51429,new,True
2588,58750,new,True
2589,73917,new,True
2590,78858,new,True
2591,16528,current,False
2592,98770,new,True
2593,29156,current,False
2594,38941,current,False
2595,29015,current,False
2596,76600,new,True
2597,95270,new,False
2598,87846,new,False
2599,74401,new,False
2600,22797,current,True
2601,42025,current,False
2602,80963,new,True
2603,49017,current,False
2604,45314,current,False
2605,87927,new,False
2606,59177,new,False
2607,52817,new,True
2608,99597,new,True
2609,39390,current,False
2610,28826,current,False
2611,93363,new,False
2612,14490,current,False
2613,76947,new,False
2614,11504,current,False
2615,68820,new,True
2616,49702,current,False
2617,22239,current,False
2618,32399,current,True
2619,34670,current,False
2620,26208,current,False
2621,74006,new,True
2622,35780,current,False
2623,26005,current,False
2624,29794,current,False
2625,14906,current,False
2626,52308,new,True
2627,84920,new,True
2628,27783,current,True
2629,90364,new,False
2630,67362,new,True
2631,63671,new,False
2632,45307,current,False
2633,72902,new,False
2634,72666,new,False
2635,97889,new,True
2636,27802,current,False
2637,55202,new,True
2638,17488,current,False
2639,93468,new,True
2640,35760,current,True
2641,78836,new,False
2642,64786,new,False
2643,96954,new,False
2644,82731,new,False
2645,54401,new,False
2646,19106,current,False
2647,77673,new,True
2648,26154,current,True
2649,16350,current,False
2650,28282,current,True
2651,23743,current,False
2652,90112,new,False
2653,54428,new,True
2654,34211,current,False
2655,85762,new,False
2656,67744,new,False
2657,68765,new,False
2658,18177,current,True
2659,26309,current,False
2660,43373,current,False
2661,87151,new,True
2662,61002,new,False
2663,36843,current,False
2664,27204,current,False
2665,87003,new,False
2666,88175,new,False
2667,70585,new,True
2668,85837,new,False
2669,72385,new,False
2670,52641,new,False
2671,51602,new,False
2672,65647,new,True
2673,91087,new,True
2674,10557,current,True
2675,88259,new,True
2676,90328,new,True
2677,70406,new,False
2678,41771,current,False
2679,57351,new,False
2680,95750,new,False
2681,25268,current,True
2682,62697,new,False
2683,32985,current,True
2684,74240,new,False
2685,62508,new,False
2686,93935,new,True
2687,43306,current,False
2688,69083,new,True
2689,34771,current,False
2690,80971,new,False
2691,44227,current,True
2692,35092,current,False
2693,26539,current,False
2694,28524,current,False
2695,85969,new,False
2696,87257,new,False
2697,54770,new,False
2698,81969,new,False
2699,31710,current,False
2700,40496,current,True
2701,93069,new,True
2702,81646,new,False
2703,46578,current,False
2704,31941,current,True
2705,73949,new,True
2706,89766,new,True
2707,49466,current,False
2708,13289,current,False
2709,34406,current,False
2710,81523,new,True
2711,92580,new,False
2712,42447,current,False
2713,46802,current,False
2714,60186,new,False
2715,73528,new,False
2716,67341,new,True
2717,49167,current,True
2718,32005,current,False
2719,83327,new,False
2720,68520,new,False
2721,19500,current,False
2722,25167,current,False
2723,12841,current,False
2724,74918,new,False
2725,51657,new,False
2726,86301,new,True
2727,42255,current,False
2728,54140,new,False
2729,81340,new,True
2730,56854,new,True
2731,23133,current,False
2732,26203,current,True
2733,80089,new,False
2734,51651,new,True
2735,51570,new,False
2736,19560,current,False
2737,92634,new,True
2738,35721,current,False
2739,51300,new,True
2740,45092,current,False
2741,65489,new,False
2742,44427,current,False
2743,61818,new,True
2744,12925,current,False
2745,24117,current,False
2746,78287,new,True
2747,24401,current,False
2748,81166,new,False
2749,30532,current,False
2750,19442,current,False
2751,94390,new,True
2752,23409,current,False
2753,85748,new,False
2754,63723,new,True
2755,73159,new,True
2756,34688,current,True
2757,71445,new,False
2758,57153,new,True
2759,44739,current,False
2760,73111,new,True
2761,37634,current,False
2762,78672,new,False
2763,26056,current,False
2764,95461,new,False
2765,63336,new,True
2766,44935,current,False
2767,34530,current,False
2768,70454,new,False
2769,20551,current,False
2770,36518,current,False
2771,91048,new,False
2772,57509,new,True
2773,93810,new,True
2774,71415,new,True
2775,12063,current,False
2776,25246,current,False
2777,73273,new,False
2778,19895,current,False
2779,90819,new,True
2780,49284,current,True
2781,96768,new,False
2782,82062,new,False
2783,37984,current,False
2784,15509,current,False
2785,61430,new,True
2786,19887,current,False
2787,57549,new,True
2788,18832,current,True
2789,63831,new,False
2790,29144,current,True
2791,25524,current,True
2792,40994,current,True
2793,55060,new,False
2794,67891,new,False
2795,34390,current,False
2796,71361,new,False
2797,38136,current,True
2798,10248,current,True
2799,24297,current,False
2800,12013,current,True
2801,53871,new,True
2802,84645,new,True
2803,29376,current,True
2804,18404,current,True
2805,87271,new,True
2806,68814,new,False
2807,16279,current,False
2808,33857,current,True
2809,99910,new,True
2810,88762,new,False
2811,10184,current,True
2812,85613,new,True
2813,21931,current,False
2814,68999,new,True
2815,79225,new,True
2816,26463,current,True
2817,27373,current,False
2818,64063,new,False
2819,88219,new,False
2820,33031,current,False
2821,17557,current,True
2822,61846,new,True
2823,16971,current,False
2824,83039,new,False
2825,99947,new,True
2826,17347,current,True
2827,74378,new,True
2828,29867,current,False
2829,25353,current,False
2830,73010,new,False
2831,30670,current,False
2832,80984,new,False
2833,63000,new,False
2834,33403,current,False
2835,38829,current,False
2836,34858,current,False
2837,62363,new,True
2838,88516,new,True
2839,25469,current,False
2840,26073,current,True
2841,97824,new,False
2842,26486,current,True
2843,42661,current,False
2844,32537,current,False
2845,81197,new,True
2846,40881,current,False
2847,12322,current,False
2848,90695,new,False
2849,93231,new,True
2850,48849,current,False
2851,48254,current,False
2852,18160,current,False
2853,72037,new,True
2854,55192,new,False
2855,49760,current,False
2856,35487,current,False
2857,31378,current,False
2858,33159,current,False
2859,47807,current,False
2860,66691,new,True
2861,92199,new,False
2862,77335,new,True
2863,10212,current,False
2864,28147,current,False
2865,28184,current,True
2866,92795,new,True
2867,77929,new,True
2868,13483,current,False
2869,14944,current,True
2870,93383,new,True
2871,61229,new,False
2872,42845,current,False
2873,15816,current,True
2874,32570,current,False
2875,63264,new,False
2876,26702,current,False
2877,74374,new,False
2878,11158,current,True
2879,72403,new,False
2880,53242,new,False
2881,17035,current,False
2882,80104,new,True
2883,96321,new,False
2884,16475,current,False
2885,27565,current,True
2886,89396,new,False
2887,83486,new,True
2888,94301,new,False
2889,72167,new,True
2890,54474,new,True
2891,81420,new,False
2892,90082,new,False
2893,37354,current,False
2894,60124,new,True
2895,18529,current,False
2896,51489,new,True
2897,53065,new,False
2898,23983,current,False
2899,25279,current,True
2900,26212,current,True
2901,36959,current,False
2902,70082,new,False
2903,58908,new,True
2904,43218,current,False
2905,30498,current,True
2906,67834,new,True
2907,80876,new,False
2908,22676,current,False
2909,98590,new,False
2910,23065,current,True
2911,91926,new,True
2912,93401,new,False
2913,25155,current,True
2914,46724,current,False
2915,61111,new,False
2916,47830,current,True
2917,88874,new,False
2918,98868,new,True
2919,52840,new,True
2920,29659,current,False
2921,21596,current,False
2922,62343,new,False
2923,79401,new,False
2924,90974,new,True
2925,23567,current,False
2926,75683,new,True
2927,35534,current,False
2928,90197,new,False
2929,98014,new,False
2930,44997,current,False
2931,68592,new,True
2932,38204,current,False
2933,97479,new,True
2934,89580,new,False
2935,53780,new,False
2936,26205,current,False
2937,42928,current,False
2938,14479,current,False
2939,37611,current,False
2940,72253,new,False
2941,70851,new,False
2942,23971,current,True
2943,69215,new,False
2944,74886,new,True
2945,31493,current,False
2946,88793,new,True
2947,41745,current,False
2948,87176,new,False
2949,55064,new,False
2950,55512,new,False
2951,74092,new,False
2952,96351,new,False
2953,49928,current,False
2954,31492,current,False
2955,40243,current,False
2956,84947,new,False
2957,41522,current,False
2958,29737,current,True
2959,68233,new,False
2960,17777,current,False
2961,68732,new,False
2962,26440,current,False
2963,48488,current,True
2964,80493,new,False
2965,79612,new,False
2966,11183,current,False
2967,15374,current,False
2968,89597,new,False
2969,36128,current,False
2970,93180,new,True
2971,14205,current,False
2972,44792,current,True
2973,78546,new,False
2974,54068,new,True
2975,84831,new,False
2976,70792,new,True
2977,86851,new,False
2978,63744,new,False
2979,53404,new,False
2980,47069,current,False
2981,25017,current,True
2982,21570,current,False
2983,68936,new,False
2984,90248,new,True
2985,35454,current,True
2986,10168,current,False
2987,53462,new,True
2988,34212,current,True
2989,80499,new,False
2990,82413,new,False
2991,29283,current,False
2992,86009,new,True
2993,44671,current,True
2994,97267,new,False
2995,93458,new,False
2996,48445,current,False
2997,41747,current,False
2998,30938,current,False
2999,69645,new,False
3000,61352,new,False
3001,15869,current,False
3002,20604,current,False
3003,72991,new,False
3004,67581,new,False
3005,78114,new,False
3006,44033,current,True
3007,25048,current,False
3008,15810,current,False
3009,72087,new,False
3010,66157,new,True
3011,12589,current,False
3012,87671,new,False
3013,30417,current,False
3014,57850,new,False
3015,19059,current,False
3016,18761,current,True
3017,28986,current,True
3018,20746,current,True
3019,18415,current,False
3020,43897,current,False
3021,14606,current,True
3022,26303,current,False
3023,33385,current,False
3024,53099,new,False
3025,76455,new,True
3026,44919,current,False
3027,75767,new,False
3028,51911,new,False
3029,15098,current,False
3030,90703,new,True
3031,62873,new,True
3032,81837,new,False
3033,20519,current,False
3034,41343,current,True
3035,93165,new,True
3036,55859,new,True
3037,76174,new,True
3038,76494,new,False
3039,51765,new,False
3040,41253,current,True
3041,40193,current,True
3042,14815,current,False
3043,19352,current,False
3044,10391,current,False
3045,84687,new,False
3046,69903,new,False
3047,73690,new,False
3048,68058,new,False
3049,12440,current,False
3050,35023,current,True
3051,42830,current,True
3052,66437,new,False
3053,13679,current,False
3054,70756,new,True
3055,84045,new,True
3056,42625,current,False
3057,83759,new,True
3058,48452,current,False
3059,17850,current,False
3060,56641,new,False
3061,92331,new,False
3062,25247,current,True
3063,63205,new,True
3064,55853,new,False
3065,76575,new,True
3066,70439,new,False
3067,66883,new,True
3068,49283,current,False
3069,37107,current,True
3070,41316,current,False
3071,31884,current,False
3072,28014,current,False
3073,39129,current,False
3074,52977,new,True
3075,56679,new,True
3076,17655,current,True
3077,27008,current,True
3078,12308,current,False
3079,66532,new,True
3080,10597,current,False
3081,22712,current,False
3082,87073,new,False
3083,92940,new,True
3084,92810,new,True
3085,79041,new,True
3086,35729,current,False
3087,82557,new,False
3088,33949,current,True
3089,13169,current,False
3090,65052,new,True
3091,31453,current,False
3092,82498,new,True
3093,74266,new,False
3094,38516,current,False
3095,43334,current,False
3096,24999,current,False
3097,80455,new,True
3098,39205,current,False
3099,49400,current,False
3100,86837,new,False
3101,57348,new,True
3102,84537,new,True
3103,68883,new,False
3104,16761,current,False
3105,14063,current,False
3106,27016,current,False
3107,63823,new,False
3108,13936,current,True
3109,48948,current,True
3110,29073,current,False
3111,66761,new,False
3112,22264,current,False
3113,53942,new,True
3114,93154,new,True
3115,76750,new,False
3116,49011,current,False
3117,86951,new,False
3118,47724,current,True
3119,11368,current,False
3120,75923,new,False
3121,86328,new,True
3122,22331,current,False
3123,62628,new,True
3124,40958,current,False
3125,39144,current,False
3126,97116,new,False
3127,47076,current,False
3128,13416,current,False
3129,35620,current,False
3130,91290,new,False
3131,50911,new,True
3132,14759,current,False
3133,24844,current,False
3134,26685,current,False
3135,94220,new,True
3136,74171,new,False
3137,89354,new,True
3138,35535,current,False
3139,82212,new,True
3140,44922,current,False
3141,80365,new,False
3142,25567,current,False
3143,75357,new,False
3144,21422,current,False
3145,84574,new,False
3146,94715,new,False
3147,52052,new,True
3148,62618,new,False
3149,59319,new,True
3150,30990,current,False
3151,89065,new,False
3152,50675,new,False
3153,28750,current,True
3154,44167,current,False
3155,92172,new,True
3156,56802,new,False
3157,44412,current,True
3158,97639,new,True
3159,64768,new,False
3160,14577,current,False
3161,25119,current,False
3162,47908,current,False
3163,49037,current,False
3164,26973,current,False
3165,43877,current,False
3166,19140,current,False
3167,84502,new,False
3168,45934,current,True
3169,85856,new,True
3170,72181,new,True
3171,97773,new,True
3172,49896,current,False
3173,18366,current,False
3174,12831,current,False
3175,16441,current,False
3176,59279,new,True
3177,41897,current,False
3178,20831,current,False
3179,40053,current,True
3180,88636,new,True
3181,13003,current,False
3182,70546,new,True
3183,71711,new,True
3184,93428,new,False
3185,78478,new,False
3186,94862,new,False
3187,36158,current,False
3188,59765,new,False
3189,83358,new,False
3190,14592,current,False
3191,67878,new,True
3192,70673,new,False
3193,37297,current,False
3194,86969,new,False
3195,76331,new,False
3196,15241,current,True
3197,22253,current,False
3198,31506,current,True
3199,48484,current,False
3200,85665,new,False
3201,19897,current,True
3202,28856,current,True
3203,13862,current,False
3204,48900,current,False
3205,47952,current,False
3206,56859,new,False
3207,17616,current,True
3208,18098,current,False
3209,57468,new,False
3210,92553,new,False
3211,90193,new,False
3212,11183,current,True
3213,68514,new,True
3214,27507,current,True
3215,31762,current,False
3216,32994,current,False
3217,36180,current,False
3218,96182,new,False
3219,46360,current,True
3220,14800,current,False
3221,18533,current,False
3222,15743,current,False
3223,18955,current,False
3224,50052,new,False
3225,96716,new,False
3226,90521,new,False
3227,27793,current,False
3228,44867,current,False
3229,78048,new,True
3230,39052,current,False
3231,71779,new,False
3232,18942,current,True
3233,17862,current,False
3234,16990,current,False
3235,66386,new,False
3236,36067,current,False
3237,27603,current,True
3238,58310,new,False
3239,35885,current,False
3240,53347,new,False
3241,51500,new,True
3242,13227,current,False
3243,58186,new,True
3244,95457,new,False
3245,59360,new,False
3246,60730,new,True
3247,64634,new,False
3248,22801,current,True
3249,16108,current,True
3250,65139,new,True
3251,51109,new,True
3252,35690,current,True
3253,51888,new,True
3254,26138,current,False
3255,43351,current,False
3256,11345,current,False
3257,64918,new,True
3258,26999,current,False
3259,69676,new,False
3260,66206,new,True
3261,66750,new,True
3262,58110,new,False
3263,83783,new,False
3264,27471,current,False
3265,94125,new,True
3266,27033,current,False
3267,59288,new,True
3268,56893,new,False
3269,26074,current,True
3270,23774,current,False
3271,77103,new,False
3272,76295,new,True
3273,18258,current,False
3274,15114,current,True
3275,22778,current,False
3276,57716,new,False
3277,36320,current,False
3278,42974,current,True
3279,46464,current,False
3280,28993,current,False
3281,49447,current,True
3282,94208,new,False
3283,12911,current,False
3284,99701,new,False
3285,54460,new,False
3286,53963,new,True
3287,92331,new,True
3288,49045,current,False
3289,57337,new,False
3290,65837,new,False
3291,51318,new,True
3292,44894,current,False
3293,83699,new,False
3294,30794,current,False
3295,48260,current,False
3296,43375,current,False
3297,59653,new,True
3298,31445,current,False
3299,34195,current,False
3300,10966,current,False
3301,70746,new,True
3302,33709,current,False
3303,31175,current,False
3304,49399,current,False
3305,50492,new,True
3306,79813,new,True
3307,10103,current,False
3308,22643,current,False
3309,99454,new,False
3310,27472,current,True
3311,85220,new,True
3312,93676,new,False
3313,68530,new,True
3314,64009,new,False
3315,14318,current,True
3316,15368,current,False
3317,77545,new,False
3318,34536,current,False
3319,49814,current,True
3320,55891,new,False
3321,42434,current,False
3322,43715,current,False
3323,46939,current,False
3324,89966,new,True
3325,48132,current,False
3326,68696,new,True
3327,35153,current,False
3328,54507,new,False
3329,43715,current,True
3330,19445,current,False
3331,27661,current,True
3332,19391,current,False
3333,58849,new,False
3334,82538,new,True
3335,79597,new,True
3336,74855,new,True
3337,95868,new,True
3338,65981,new,False
3339,50077,new,True
3340,68790,new,True
3341,24293,current,False
3342,27885,current,False
3343,96838,new,False
3344,80287,new,True
3345,23043,current,False
3346,70504,new,False
3347,20784,current,True
3348,15297,current,False
3349,51540,new,True
3350,38765,current,True
3351,34172,current,False
3352,84162,new,False
3353,14748,current,False
3354,47861,current,False
3355,30810,current,False
3356,30654,current,False
3357,12949,current,False
3358,52920,new,False
3359,31774,current,True
3360,18349,current,False
3361,62815,new,False
3362,93212,new,True
3363,35879,current,False
3364,70154,new,True
3365,96160,new,False
3366,94848,new,False
3367,77990,new,True
3368,24480,current,False
3369,17648,current,False
3370,85161,new,True
3371,61363,new,False
3372,74075,new,True
3373,76222,new,False
3374,63907,new,True
3375,63405,new,False
3376,47543,current,False
3377,84771,new,False
3378,84308,new,False
3379,94170,new,False
3380,25484,current,False
3381,80731,new,False
3382,67244,new,True
3383,30352,current,False
3384,44430,current,False
3385,88896,new,True
3386,58851,new,False
3387,46459,current,False
3388,18853,current,False
3389,44133,current,False
3390,41131,current,False
3391,24056,current,True
3392,27013,current,True
3393,59891,new,True
3394,32477,current,True
3395,99620,new,False
3396,79780,new,True
3397,51793,new,True
3398,11933,current,False
3399,84705,new,False
3400,99456,new,False
3401,56446,new,True
3402,86490,new,False
3403,15346,current,False
3404,37346,current,True
3405,47880,current,False
3406,30241,current,True
3407,23362,current,False
3408,81836,new,True
3409,29508,current,False
3410,33331,current,False
3411,96775,new,False
3412,79279,new,False
3413,57413,new,False
3414,29962,current,False
3415,82865,new,True
3416,48785,current,True
3417,33038,current,False
3418,51696,new,False
3419,59312,new,False
3420,24038,current,True
3421,13767,current,False
3422,82171,new,False
3423,35228,current,False
3424,97734,new,True
3425,48635,current,False
3426,86618,new,False
3427,82079,new,False
3428,97386,new,False
3429,92967,new,False
3430,11548,current,True
3431,36514,current,False
3432,33983,current,True
3433,96301,new,False
3434,58180,new,False
3435,53513,new,True
3436,22177,current,False
3437,89872,new,False
3438,32619,current,False
3439,24933,current,True
3440,50440,new,False
3441,77935,new,True
3442,23710,current,False
3443,26684,current,False
3444,47351,current,False
3445,98714,new,False
3446,64728,new,False
3447,63697,new,False
3448,44154,current,True
3449,40242,current,False
3450,13747,current,False
3451,80762,new,True
3452,50384,new,True
3453,31003,current,True
3454,25113,current,False
3455,43532,current,False
3456,12628,current,False
3457,81450,new,False
3458,51386,new,False
3459,61287,new,False
3460,67073,new,True
3461,51986,new,False
3462,65546,new,False
3463,83825,new,True
3464,24143,current,False
3465,44154,current,False
3466,57292,new,False
3467,69550,new,True
3468,28336,current,False
3469,48966,current,False
3470,60477,new,False
3471,13216,current,False
3472,56464,new,False
3473,90032,new,True
3474,64014,new,False
3475,90285,new,False
3476,32747,current,False
3477,37161,current,False
3478,66589,new,True
3479,80704,new,False
3480,30197,current,True
3481,47229,current,False
3482,22376,current,True
3483,97168,new,True
3484,73592,new,False
3485,81598,new,False
3486,78938,new,False
3487,36311,current,False
3488,66479,new,False
3489,41447,current,False
3490,60207,new,True
3491,71678,new,False
3492,91642,new,False
3493,35888,current,True
3494,65929,new,False
3495,49097,current,False
3496,53862,new,True
3497,53232,new,True
3498,27284,current,False
3499,87598,new,False
3500,12516,current,False
3501,82945,new,False
3502,79105,new,True
3503,93693,new,True
3504,18040,current,False
3505,28149,current,False
3506,57077,new,False
3507,16241,current,False
3508,22827,current,False
3509,76137,new,False
3510,31472,current,True
3511,76695,new,False
3512,80898,new,True
3513,50010,new,False
3514,77620,new,True
3515,16648,current,True
3516,20925,current,False
3517,92859,new,True
3518,85944,new,False
3519,61509,new,True
3520,49226,current,True
3521,25955,current,True
3522,56768,new,False
3523,34025,current,False
3524,84020,new,False
3525,21301,current,False
3526,88199,new,False
3527,98592,new,True
3528,26974,current,False
3529,70538,new,False
3530,77199,new,False
3531,31726,current,False
3532,48333,current,False
3533,16167,current,False
3534,24214,current,False
3535,65475,new,True
3536,10785,current,True
3537,56097,new,True
3538,29089,current,False
3539,97440,new,False
3540,34873,current,False
3541,25911,current,False
3542,53813,new,False
3543,10330,current,True
3544,57055,new,False
3545,62266,new,True
3546,84814,new,False
3547,67025,new,False
3548,99796,new,True
3549,37093,current,True
3550,24574,current,False
3551,34846,current,False
3552,36013,current,False
3553,30498,current,False
3554,93846,new,False
3555,78616,new,True
3556,87365,new,False
3557,77854,new,True
3558,40682,current,False
3559,27303,current,False
3560,52395,new,False
3561,53424,new,False
3562,46586,current,False
3563,61828,new,True
3564,90195,new,True
3565,19551,current,True
3566,28039,current,False
3567,94196,new,False
3568,93201,new,True
3569,60956,new,True
3570,96405,new,False
3571,87685,new,True
3572,72496,new,True
3573,36916,current,True
3574,76662,new,False
3575,38382,current,False
3576,61176,new,False
3577,94732,new,False
3578,39877,current,True
3579,36187,current,False
3580,57983,new,False
3581,42403,current,False
3582,26103,current,False
3583,21959,current,False
3584,26882,current,False
3585,87176,new,False
3586,40406,current,False
3587,20208,current,False
3588,84078,new,False
3589,67449,new,False
3590,44486,current,False
3591,55188,new,False
3592,20779,current,True
3593,76541,new,False
3594,88264,new,True
3595,18086,current,False
3596,94906,new,False
3597,47532,current,False
3598,49657,current,True
3599,27795,current,False
3600,27947,current,False
3601,69683,new,False
3602,71176,new,False
3603,86746,new,True
3604,25682,current,False
3605,26854,current,False
3606,25302,current,False
3607,16864,current,True
3608,43103,current,False
3609,21874,current,False
3610,77402,new,False
3611,62519,new,False
3612,12808,current,False
3613,37192,current,True
3614,10794,current,False
3615,38234,current,False
3616,35411,current,False
3617,71816,new,False
3618,35538,current,True
3619,26014,current,True
3620,31590,current,True
3621,91569,new,True
3622,92148,new,True
3623,22925,current,False
3624,71312,new,True
3625,47654,current,False
3626,19333,current,False
3627,81395,new,False
3628,20144,current,True
3629,13773,current,False
3630,88385,new,True
3631,92199,new,True
3632,53514,new,True
3633,79744,new,True
3634,20661,current,True
3635,16414,current,False
3636,12870,current,False
3637,67411,new,True
3638,81598,new,False
3639,98856,new,False
3640,12972,current,False
3641,51113,new,False
3642,34458,current,False
3643,82271,new,True
3644,82269,new,True
3645,21397,current,True
3646,64463,new,False
3647,44149,current,True
3648,21634,current,False
3649,89307,new,False
3650,60645,new,False
3651,64598,new,False
3652,37572,current,True
3653,94995,new,False
3654,10117,current,False
3655,54217,new,False
3656,34648,current,False
3657,40426,current,True
3658,20774,current,False
3659,61076,new,True
3660,66149,new,True
3661,32442,current,True
3662,73717,new,False
3663,13456,current,True
3664,56945,new,True
3665,88225,new,False
3666,36966,current,False
3667,20724,current,True
3668,82962,new,True
3669,14828,current,False
3670,10162,current,True
3671,57225,new,False
3672,51277,new,False
3673,60711,new,False
3674,99038,new,False
3675,77866,new,True
3676,73343,new,False
3677,31343,current,False
3678,33351,current,True
3679,45804,current,False
3680,94874,new,False
3681,35214,current,False
3682,19080,current,False
3683,25091,current,False
3684,35006,current,True
3685,30849,current,False
3686,24681,current,True
3687,78545,new,True
3688,86210,new,True
3689,29505,current,False
3690,15583,current,False
3691,83176,new,False
3692,39105,current,False
3693,35368,current,False
3694,32244,current,False
3695,13556,current,False
3696,55276,new,False
3697,57520,new,False
3698,87100,new,True
3699,92183,new,False
3700,78806,new,False
3701,39870,current,False
3702,92610,new,True
3703,71422,new,False
3704,87487,new,False
3705,69406,new,False
3706,54308,new,False
3707,28907,current,False
3708,79109,new,True
3709,55707,new,False
3710,95729,new,True
3711,23560,current,True
3712,96719,new,False
3713,23640,current,True
3714,14060,current,False
3715,50191,new,False
3716,99584,new,True
3717,16172,current,False
3718,26727,current,False
3719,59485,new,True
3720,83545,new,True
3721,92040,new,False
3722,53658,new,False
3723,86918,new,False
3724,95210,new,False
3725,61885,new,True
3726,96293,new,True
3727,29483,current,True
3728,95974,new,False
3729,16833,current,False
3730,88238,new,True
3731,63355,new,True
3732,44216,current,True
3733,69922,new,False
3734,25929,current,False
3735,13104,current,False
3736,17963,current,True
3737,98019,new,True
3738,67004,new,False
3739,61280,new,True
3740,64328,new,True
3741,20169,current,False
3742,35313,current,False
3743,38782,current,False
3744,60038,new,True
3745,40789,current,False
3746,56624,new,True
3747,49323,current,False
3748,50034,new,True
3749,35913,current,True
3750,47222,current,False
3751,74599,new,False
3752,66961,new,False
3753,42902,current,False
3754,75325,new,True
3755,87495,new,True
3756,22860,current,False
3757,90376,new,False
3758,81715,new,False
3759,37024,current,True
3760,11403,current,False
3761,70530,new,False
3762,17816,current,False
3763,19246,current,False
3764,10370,current,False
3765,68846,new,False
3766,77774,new,True
3767,23536,current,True
3768,86854,new,False
3769,53287,new,True
3770,94848,new,False
3771,54336,new,True
3772,16753,current,True
3773,44286,current,False
3774,78555,new,False
3775,23017,current,False
3776,59920,new,False
3777,39336,current,False
3778,79213,new,True
3779,29693,current,False
3780,93182,new,False
3781,84347,new,False
3782,57931,new,False
3783,17716,current,False
3784,31720,current,False
3785,14064,current,False
3786,63260,new,False
3787,30665,current,False
3788,33694,current,True
3789,95063,new,True
3790,90768,new,False
3791,24010,current,True
3792,40686,current,True
3793,61855,new,False
3794,71411,new,False
3795,76967,new,False
3796,30911,current,False
3797,98376,new,True
3798,95199,new,False
3799,75841,new,True
3800,52995,new,False
3801,84135,new,False
3802,73731,new,True
3803,28619,current,True
3804,80183,new,False
3805,75924,new,False
3806,85254,new,False
3807,20225,current,False
3808,69203,new,True
3809,24776,current,False
3810,12739,current,True
3811,73243,new,True
3812,42294,current,False
3813,83767,new,True
3814,53032,new,False
3815,62913,new,False
3816,49395,current,True
3817,49057,current,False
3818,57480,new,True
3819,77506,new,False
3820,59506,new,True
3821,20702,current,True
3822,45089,current,True
3823,74135,new,False
3824,75545,new,False
3825,42009,current,False
3826,77955,new,True
3827,92174,new,False
3828,67685,new,True
3829,49200,current,False
3830,56448,new,False
3831,28243,current,True
3832,20267,current,False
3833,74992,new,True
3834,95229,new,True
3835,17106,current,False
3836,76703,new,True
3837,65116,new,True
3838,94049,new,True
3839,83341,new,False
3840,23033,current,False
3841,61031,new,True
3842,16850,current,False
3843,33896,current,False
3844,46634,current,False
3845,56269,new,False
3846,33939,current,True
3847,60718,new,True
3848,80031,new,False
3849,40095,current,False
3850,76508,new,False
3851,44079,current,True
3852,82779,new,False
3853,99000,new,False
3854,93782,new,False
3855,46116,current,True
3856,65378,new,False
3857,13251,current,True
3858,89405,new,True
3859,93545,new,False
3860,54451,new,True
3861,86920,new,False
3862,89028,new,False
3863,61100,new,True
3864,68914,new,False
3865,37697,current,True
3866,86995,new,True
3867,32703,current,False
3868,69075,new,True
3869,19760,current,False
3870,59421,new,False
3871,61132,new,False
3872,45243,current,True
3873,68661,new,False
3874,65114,new,False
3875,40469,current,True
3876,29500,current,False
3877,98969,new,False
3878,73328,new,False
3879,51358,new,False
3880,50454,new,True
3881,14960,current,False
3882,61843,new,True
3883,63868,new,False
3884,56812,new,True
3885,11824,current,False
3886,48474,current,True
3887,15124,current,False
3888,68295,new,True
3889,92542,new,False
3890,40672,current,True
3891,32543,current,True
3892,45765,current,True
3893,30265,current,False
3894,70114,new,False
3895,97253,new,False
3896,13902,current,False
3897,73766,new,False
3898,77050,new,False
3899,15308,current,True
3900,52941,new,True
3901,45925,current,False
3902,36524,current,True
3903,10973,current,False
3904,18116,current,False
3905,31920,current,True
3906,63941,new,False
3907,73842,new,False
3908,38670,current,False
3909,49100,current,False
3910,31687,current,False
3911,80723,new,True
3912,25039,current,False
3913,65480,new,False
3914,36334,current,False
3915,40713,current,False
3916,29584,current,False
3917,56569,new,True
3918,44689,current,True
3919,19508,current,True
3920,61960,new,True
3921,98669,new,False
3922,11658,current,False
3923,66044,new,False
3924,59792,new,False
3925,74345,new,True
3926,43358,current,True
3927,15423,current,False
3928,52150,new,False
3929,94148,new,False
3930,55407,new,True
3931,48995,current,False
3932,24076,current,True
3933,92851,new,False
3934,46768,current,False
3935,97505,new,True
3936,22539,current,False
3937,54768,new,False
3938,48680,current,True
3939,88623,new,False
3940,58310,new,True
3941,78107,new,False
3942,45334,current,True
3943,18074,current,True
3944,63699,new,False
3945,34886,current,False
3946,52507,new,True
3947,93608,new,True
3948,62199,new,False
3949,78495,new,True
3950,25911,current,True
3951,34704,current,False
3952,29906,current,True
3953,36338,current,False
3954,97638,new,True
3955,39467,current,False
3956,64396,new,True
3957,37783,current,False
3958,64913,new,False
3959,60989,new,False
3960,64124,new,True
3961,72917,new,False
3962,75466,new,True
3963,85266,new,True
3964,67206,new,False
3965,44833,current,False
3966,93311,new,True
3967,24169,current,True
3968,65248,new,False
3969,36816,current,False
3970,91258,new,False
3971,93054,new,False
3972,76078,new,False
3973,85033,new,False
3974,47263,current,True
3975,29570,current,False
3976,34629,current,False
3977,21131,current,False
3978,34176,current,False
3979,80868,new,False
3980,14070,current,True
3981,83126,new,True
3982,32148,current,False
3983,35703,current,False
3984,43592,current,False
3985,34299,current,False
3986,23455,current,True
3987,73900,new,True
3988,20114,current,False
3989,74984,new,True
3990,33000,current,False
3991,59903,new,False
3992,71618,new,True
3993,93028,new,True
3994,97304,new,False
3995,37560,current,False
3996,50785,new,False
3997,79256,new,True
3998,67468,new,False
3999,45395,current,False
4000,38449,current,True
4001,76942,new,True
4002,12146,current,False
4003,93911,new,True
4004,61865,new,True
4005,83026,new,False
4006,66342,new,True
4007,45708,current,True
4008,65195,new,True
4009,82817,new,False
4010,48482,current,False
4011,33068,current,True
4012,22427,current,False
4013,84873,new,True
4014,38647,current,False
4015,30110,current,False
4016,60412,new,False
4017,11351,current,True
4018,36279,current,False
4019,19152,current,False
4020,14212,current,False
4021,59699,new,False
4022,66333,new,False
4023,94089,new,True
4024,55845,new,True
4025,24571,current,True
4026,61588,new,False
4027,34421,current,False
4028,16517,current,True
4029,80763,new,True
4030,86231,new,True
4031,54214,new,True
4032,77740,new,False
4033,61219,new,False
4034,27270,current,False
4035,43578,current,False
4036,90729,new,False
4037,45984,current,False
4038,84730,new,False
4039,36084,current,True
4040,27491,current,False
4041,64334,new,False
4042,47828,current,False
4043,76531,new,False
4044,29479,current,False
4045,31308,current,False
4046,13561,current,True
4047,39006,current,False
4048,84788,new,False
4049,88210,new,False
4050,92799,new,True
4051,18234,current,False
4052,15338,current,False
4053,66957,new,False
4054,36243,current,False
4055,40486,current,False
4056,65864,new,True
4057,32617,current,False
4058,76639,new,False
4059,50695,new,False
4060,40980,current,False
4061,42402,current,False
4062,73456,new,False
4063,10843,current,True
4064,73433,new,True
4065,69895,new,False
4066,81744,new,False
4067,85223,new,True
4068,84136,new,True
4069,28089,current,False
4070,45715,current,False
4071,17774,current,True
4072,63828,new,True
4073,80818,new,True
4074,27083,current,False
4075,30567,current,False
4076,69930,new,True
4077,41751,current,False
4078,33332,current,True
4079,91139,new,False
4080,24785,current,False
4081,60292,new,False
4082,72271,new,False
4083,25505,current,False
4084,81776,new,False
4085,72047,new,True
4086,44321,current,False
4087,54581,new,False
4088,95425,new,True
4089,67189,new,True
4090,77736,new,False
4091,74309,new,True
4092,16116,current,False
4093,54034,new,False
4094,36241,current,False
4095,38843,current,False
4096,91470,new,False
4097,92643,new,False
4098,78242,new,False
4099,30696,current,False
4100,13032,current,False
4101,34002,current,False
4102,79150,new,False
4103,96192,new,True
4104,65353,new,True
4105,21356,current,False
4106,27454,current,False
4107,42095,current,False
4108,49834,current,False
4109,43663,current,False
4110,10612,current,False
4111,35893,current,True
4112,64505,new,False
4113,41516,current,True
4114,17111,current,False
4115,43089,current,True
4116,42297,current,False
4117,25861,current,True
4118,35423,current,False
4119,71635,new,False
4120,13304,current,False
4121,88064,new,False
4122,22071,current,True
4123,57979,new,False
4124,52833,new,True
4125,61557,new,False
4126,10877,current,False
4127,32294,current,False
4128,58505,new,True
4129,95441,new,True
4130,60803,new,False
4131,20138,current,False
4132,14194,current,True
4133,75657,new,False
4134,60291,new,True
4135,90729,new,True
4136,14402,current,False
4137,94543,new,False
4138,35805,current,False
4139,88659,new,True
4140,12841,current,False
4141,84413,new,False
4142,73719,new,True
4143,65228,new,False
4144,45556,current,False
4145,87067,new,False
4146,74349,new,True
4147,51851,new,False
4148,58462,new,True
4149,15623,current,False
4150,20284,current,False
4151,84232,new,False
4152,15033,current,False
4153,42145,current,False
4154,62918,new,False
4155,61558,new,True
4156,75937,new,False
4157,15816,current,False
4158,97990,new,True
4159,69684,new,True
4160,85359,new,True
4161,22530,current,True
4162,43348,current,False
4163,78760,new,True
4164,32055,current,True
4165,73846,new,True
4166,50616,new,True
4167,97602,new,True
4168,27246,current,False
4169,42835,current,False
4170,53461,new,False
4171,85487,new,True
4172,73090,new,False
4173,49025,current,True
4174,34946,current,True
4175,38591,current,False
4176,65944,new,False
4177,60489,new,True
4178,30529,current,False
4179,24490,current,False
4180,14977,current,False
4181,74151,new,True
4182,69601,new,False
4183,88224,new,False
4184,96730,new,True
4185,96381,new,False
4186,32991,current,False
4187,13388,current,False
4188,10910,current,False
4189,30647,current,False
4190,13376,current,False
4191,11613,current,True
4192,80947,new,True
4193,71900,new,True
4194,79535,new,True
4195,11060,current,True
4196,24014,current,False
4197,83207,new,True
4198,40241,current,False
4199,96643,new,False
4200,15063,current,False
4201,46439,current,False
4202,21745,current,False
4203,75576,new,False
4204,21694,current,False
4205,20341,current,False
4206,65210,new,True
4207,25945,current,False
4208,82010,new,True
4209,29573,current,True
4210,58137,new,True
4211,62288,new,True
4212,52905,new,False
4213,29206,current,True
4214,23572,current,False
4215,25119,current,False
4216,11165,current,False
4217,34752,current,True
4218,52521,new,False
4219,21122,current,False
4220,34613,current,False
4221,24265,current,False
4222,84630,new,True
4223,15806,current,False
4224,57014,new,True
4225,63915,new,False
4226,34647,current,False
4227,19758,current,False
4228,34526,current,False
4229,77831,new,True
4230,42558,current,False
4231,25927,current,True
4232,85511,new,True
4233,25795,current,True
4234,98771,new,True
4235,97791,new,False
4236,13992,current,False
4237,43074,current,False
4238,45865,current,True
4239,16599,current,True
4240,84885,new,False
4241,36229,current,True
4242,45497,current,False
4243,49445,current,False
4244,85607,new,True
4245,97091,new,True
4246,29141,current,True
4247,57224,new,True
4248,47514,current,False
4249,34083,current,True
4250,37343,current,True
4251,94883,new,False
4252,32791,current,False
4253,19556,current,False
4254,36823,current,False
4255,58970,new,False
4256,10848,current,False
4257,38824,current,False
4258,24280,current,False
4259,77758,new,False
4260,77177,new,False
4261,93683,new,True
4262,22922,current,True
4263,12152,current,True
4264,84145,new,True
4265,32632,current,True
4266,82221,new,False
4267,30244,current,False
4268,20842,current,True
4269,87554,new,True
4270,25327,current,False
4271,19682,current,False
4272,12306,current,False
4273,56336,new,False
4274,31573,current,True
4275,49129,current,False
4276,13288,current,False
4277,20388,current,False
4278,81285,new,True
4279,44545,current,True
4280,88115,new,False
4281,86546,new,False
4282,73296,new,False
4283,32211,current,False
4284,51753,new,True
4285,34650,current,False
4286,25756,current,False
4287,66971,new,False
4288,85255,new,False
4289,22370,current,False
4290,32959,current,True
4291,72490,new,False
4292,18461,current,False
4293,20643,current,False
4294,87933,new,False
4295,70962,new,False
4296,76429,new,True
4297,19666,current,False
4298,89928,new,False
4299,54736,new,False
4300,54168,new,False
4301,85581,new,True
4302,23112,current,False
4303,16126,current,False
4304,37201,current,True
4305,67933,new,True
4306,75068,new,False
4307,26894,current,False
4308,93076,new,False
4309,27384,current,False
4310,57035,new,True
4311,71207,new,True
4312,58931,new,True
4313,91147,new,True
4314,11476,current,False
4315,23565,current,False
4316,88068,new,True
4317,97783,new,False
4318,82625,new,True
4319,13560,current,False
4320,98234,new,True
4321,69629,new,False
4322,22398,current,True
4323,84168,new,True
4324,28164,current,False
4325,82822,new,True
4326,35172,current,False
4327,32811,current,True
4328,33193,current,True
4329,43892,current,False
4330,95045,new,True
4331,83302,new,False
4332,53199,new,True
4333,78458,new,False
4334,46205,current,True
4335,29253,current,False
4336,11192,current,False
4337,13678,current,True
4338,14717,current,False
4339,77745,new,False
4340,12584,current,False
4341,65621,new,False
4342,75696,new,False
4343,44197,current,False
4344,78644,new,True
4345,54874,new,True
4346,35267,current,True
4347,43176,current,False
4348,26360,current,False
4349,36041,current,False
4350,35235,current,True
4351,30197,current,False
4352,63717,new,False
4353,37715,current,False
4354,89207,new,False
4355,57329,new,False
4356,40418,current,False
4357,61401,new,True
4358,75213,new,False
4359,80755,new,False
4360,94502,new,False
4361,81505,new,False
4362,88633,new,True
4363,14202,current,False
4364,85933,new,False
4365,31353,current,False
4366,86172,new,False
4367,66377,new,True
4368,26374,current,False
4369,49539,current,False
4370,27908,current,False
4371,46995,current,False
4372,85972,new,False
4373,34430,current,False
4374,46945,current,False
4375,83275,new,True
4376,94625,new,False
4377,56355,new,False
4378,84618,new,True
4379,32034,current,False
4380,52332,new,False
4381,57203,new,True
4382,40530,current,False
4383,38558,current,False
4384,64498,new,True
4385,95262,new,False
4386,35730,current,False
4387,25147,current,False
4388,19113,current,False
4389,72090,new,False
4390,82667,new,True
4391,31089,current,False
4392,73002,new,False
4393,25893,current,True
4394,73055,new,True
4395,47544,current,False
4396,63710,new,False
4397,39197,current,False
4398,53399,new,False
4399,10833,current,False
4400,54087,new,False
4401,56793,new,True
4402,49166,current,True
4403,22052,current,False
4404,55628,new,False
4405,83685,new,True
4406,43527,current,False
4407,62495,new,True
4408,78106,new,True
4409,10222,current,False
4410,71907,new,True
4411,36267,current,False
4412,81748,new,False
4413,73837,new,False
4414,36956,current,False
4415,73378,new,False
4416,72136,new,False
4417,24877,current,False
4418,20647,current,False
4419,92316,new,True
4420,23973,current,True
4421,74575,new,False
4422,64495,new,False
4423,82251,new,False
4424,52993,new,False
4425,70041,new,True
4426,44449,current,False
4427,94456,new,False
4428,13983,current,False
4429,49691,current,True
4430,31829,current,False
4431,94621,new,True
4432,60469,new,True
4433,85578,new,True
4434,56790,new,False
4435,37970,current,True
4436,39751,current,False
4437,70921,new,False
4438,53114,new,True
4439,12513,current,False
4440,83933,new,True
4441,54328,new,False
4442,74781,new,False
4443,17523,current,False
4444,26943,current,False
4445,88741,new,False
4446,12308,current,True
4447,56620,new,False
4448,92822,new,False
4449,41523,current,False
4450,46972,current,False
4451,94282,new,True
4452,90851,new,False
4453,97822,new,True
4454,22820,current,False
4455,54178,new,False
4456,32784,current,False
4457,55790,new,False
4458,92450,new,True
4459,27324,current,False
4460,18474,current,False
4461,96886,new,False
4462,99302,new,True
4463,18689,current,False
4464,55485,new,False
4465,40547,current,False
4466,98524,new,True
4467,37995,current,True
4468,52031,new,True
4469,49418,current,False
4470,38360,current,False
4471,86213,new,False
4472,87861,new,False
4473,59724,new,False
4474,91493,new,True
4475,44092,current,False
4476,33420,current,True
4477,94379,new,False
4478,94060,new,True
4479,17246,current,True
4480,77506,new,False
4481,55211,new,True
4482,68514,new,False
4483,69298,new,True
4484,64082,new,False
4485,79840,new,False
4486,92290,new,False
4487,95861,new,False
4488,46030,current,False
4489,50210,new,True
4490,97587,new,False
4491,88066,new,False
4492,32325,current,False
4493,21356,current,True
4494,41808,current,False
4495,44301,current,True
4496,88555,new,False
4497,12058,current,False
4498,61541,new,True
4499,58793,new,False
4500,98704,new,True
4501,66262,new,True
4502,93789,new,True
4503,49696,current,False
4504,47317,current,True
4505,15286,current,True
4506,48356,current,False
4507,91724,new,False
4508,10196,current,False
4509,42442,current,False
4510,17272,current,False
4511,25237,current,True
4512,87965,new,True
4513,55876,new,True
4514,76822,new,False
4515,12187,current,False
4516,23312,current,False
4517,50150,new,True
4518,45559,current,False
4519,24948,current,False
4520,77432,new,True
4521,46953,current,False
4522,36171,current,False
4523,81602,new,True
4524,92578,new,False
4525,86618,new,True
4526,28610,current,False
4527,54022,new,True
4528,11293,current,False
4529,58852,new,True
4530,85486,new,False
4531,59685,new,False
4532,18257,current,False
4533,25580,current,False
4534,15270,current,False
4535,27419,current,False
4536,65609,new,True
4537,89198,new,False
4538,49751,current,True
4539,85643,new,False
4540,98647,new,False
4541,80244,new,False
4542,69924,new,False
4543,89960,new,False
4544,15889,current,False
4545,61907,new,True
4546,24265,current,False
4547,71185,new,True
4548,12513,current,False
4549,99101,new,False
4550,25304,current,False
4551,66718,new,False
4552,16556,current,True
4553,88755,new,True
4554,37596,current,True
4555,29536,current,False
4556,50633,new,True
4557,87685,new,True
4558,13493,current,False
4559,32980,current,False
4560,99561,new,True
4561,17268,current,False
4562,75553,new,False
4563,18816,current,False
4564,26639,current,True
4565,45504,current,False
4566,50533,new,False
4567,78769,new,False
4568,84696,new,True
4569,56713,new,False
4570,59736,new,True
4571,23939,current,False
4572,12584,current,True
4573,32869,current,False
4574,62891,new,False
4575,23520,current,False
4576,23338,current,False
4577,38253,current,False
4578,51210,new,False
4579,66282,new,True
4580,31680,current,False
4581,14159,current,False
4582,10569,current,False
4583,42314,current,True
4584,42307,current,False
4585,52410,new,True
4586,72457,new,True
4587,65702,new,True
4588,29372,current,False
4589,25341,current,False
4590,34689,current,True
4591,52260,new,False
4592,89989,new,False
4593,28490,current,True
4594,92603,new,False
4595,24089,current,False
4596,82842,new,False
4597,61540,new,False
4598,82501,new,False
4599,13123,current,False
4600,33034,current,False
4601,27435,current,False
4602,14459,current,False
4603,45618,current,True
4604,49291,current,True
4605,17926,current,True
4606,88049,new,False
4607,61120,new,False
4608,63131,new,False
4609,55690,new,False
4610,78843,new,False
4611,59974,new,True
4612,49899,current,False
4613,90735,new,True
4614,34212,current,False
4615,40499,current,False
4616,26544,current,False
4617,59356,new,True
4618,57474,new,True
4619,46490,current,True
4620,45171,current,False
4621,16684,current,False
4622,11778,current,False
4623,45404,current,False
4624,18525,current,False
4625,36361,current,False
4626,75574,new,False
4627,70470,new,False
4628,13336,current,False
4629,17794,current,False
4630,61431,new,True
4631,66364,new,True
4632,54090,new,True
4633,85253,new,False
4634,71155,new,False
4635,37776,current,True
4636,97842,new,False
4637,52984,new,True
4638,24372,current,False
4639,38011,current,False
4640,44857,current,False
4641,56636,new,False
4642,44912,current,False
4643,15698,current,False
4644,23002,current,True
4645,74618,new,True
4646,33372,current,False
4647,89687,new,True
4648,89314,new,False
4649,42313,current,False
4650,69837,new,True
4651,86638,new,True
4652,78770,new,False
4653,22293,current,False
4654,38256,current,False
4655,61152,new,True
4656,27219,current,False
4657,18749,current,False
4658,23210,current,False
4659,63542,new,False
4660,43747,current,False
4661,63260,new,False
4662,96414,new,False
4663,55621,new,False
4664,12606,current,False
4665,47627,current,False
4666,31271,current,False
4667,91786,new,True
4668,61789,new,True
4669,15261,current,True
4670,26383,current,False
4671,80312,new,True
4672,15902,current,False
4673,35207,current,False
4674,70560,new,False
4675,90743,new,True
4676,19080,current,True
4677,53867,new,False
4678,55878,new,False
4679,70375,new,True
4680,80259,new,False
4681,32199,current,True
4682,80665,new,False
4683,18207,current,True
4684,19291,current,False
4685,39679,current,False
4686,98640,new,False
4687,25271,current,True
4688,42627,current,True
4689,41418,current,False
4690,67705,new,False
4691,23975,current,False
4692,77774,new,False
4693,68650,new,False
4694,87150,new,False
4695,32947,current,False
4696,10490,current,False
4697,61775,new,True
4698,43115,current,False
4699,40305,current,True
4700,30552,current,False
4701,74355,new,False
4702,71665,new,True
4703,11103,current,True
4704,51003,new,True
4705,16081,current,True
4706,32814,current,False
4707,37534,current,False
4708,32476,current,False
4709,86137,new,False
4710,48880,current,False
4711,87691,new,True
4712,58765,new,False
4713,84492,new,True
4714,71063,new,True
4715,19828,current,False
4716,73547,new,False
4717,85676,new,False
4718,10419,current,False
4719,26765,current,True
4720,23515,current,True
4721,86292,new,True
4722,19510,current,False
4723,95781,new,False
4724,82409,new,False
4725,35356,current,False
4726,98264,new,True
4727,90420,new,False
4728,66030,new,False
4729,40614,current,False
4730,68992,new,False
4731,13812,current,False
4732,91664,new,False
4733,36826,current,False
4734,39927,current,False
4735,42426,current,False
4736,27946,current,True
4737,38585,current,False
4738,26601,current,True
4739,83807,new,False
4740,88366,new,True
4741,83292,new,True
4742,20287,current,False
4743,35842,current,False
4744,67446,new,True
4745,45622,current,False
4746,85972,new,False
4747,47246,current,False
4748,19057,current,False
4749,76730,new,True
4750,39058,current,False
4751,61177,new,False
4752,48800,current,False
4753,80083,new,False
4754,66695,new,False
4755,89840,new,False
4756,39112,current,False
4757,89579,new,True
4758,79260,new,True
4759,41882,current,False
4760,35807,current,False
4761,89512,new,True
4762,41334,current,False
4763,10924,current,True
4764,28081,current,True
4765,54674,new,True
4766,59055,new,True
4767,70529,new,True
4768,98926,new,True
4769,45557,current,False
4770,56876,new,True
4771,39558,current,False
4772,92749,new,True
4773,40592,current,False
4774,28873,current,False
4775,69038,new,False
4776,37949,current,True
4777,83004,new,False
4778,80917,new,False
4779,74299,new,False
4780,77704,new,False
4781,20999,current,False
4782,65657,new,False
4783,10061,current,True
4784,91916,new,False
4785,84397,new,True
4786,89232,new,True
4787,64630,new,False
4788,81664,new,True
4789,43015,current,False
4790,62000,new,True
4791,55408,new,True
4792,34774,current,False
4793,48002,current,False
4794,78784,new,True
4795,30107,current,True
4796,16701,current,False
4797,70888,new,True
4798,63114,new,True
4799,41066,current,False
4800,15550,current,True
4801,27939,current,False
4802,28379,current,False
4803,52591,new,True
4804,67969,new,True
4805,77117,new,False
4806,39428,current,False
4807,86522,new,False
4808,79219,new,True
4809,45735,current,False
4810,93623,new,False
4811,37649,current,True
4812,27862,current,True
4813,79169,new,True
4814,88809,new,False
4815,31778,current,False
4816,45167,current,False
4817,42373,current,True
4818,85199,new,True
4819,69922,new,False
4820,99691,new,True
4821,89509,new,True
4822,47440,current,False
4823,25276,current,False
4824,16059,current,False
4825,96548,new,False
4826,51147,new,True
4827,36349,current,False
4828,22923,current,False
4829,14741,current,True
4830,36081,current,False
4831,82685,new,False
4832,16356,current,False
4833,69587,new,False
4834,13599,current,False
4835,67599,new,False
4836,74817,new,False
4837,36798,current,False
4838,10535,current,False
4839,43216,current,True
4840,72148,new,True
4841,61363,new,True
4842,66614,new,False
4843,12645,current,False
4844,19902,current,False
4845,59638,new,False
4846,33588,current,True
4847,34814,current,False
4848,23756,current,False
4849,18417,current,True
4850,91059,new,False
4851,39282,current,False
4852,71878,new,False
4853,45885,current,False
4854,63601,new,True
4855,23566,current,False
4856,58234,new,True
4857,91512,new,False
4858,75853,new,True
4859,89027,new,False
4860,18669,current,False
4861,18644,current,False
4862,22258,current,True
4863,72347,new,False
4864,82250,new,True
4865,41261,current,False
4866,26730,current,True
4867,54291,new,False
4868,13312,current,True
4869,83481,new,False
4870,60761,new,False
4871,23612,current,False
4872,34513,current,True
4873,17286,current,False
4874,54618,new,True
4875,98856,new,False
4876,16590,current,False
4877,24764,current,True
4878,88787,new,False
4879,41778,current,True
4880,67733,new,True
4881,21935,current,False
4882,50542,new,True
4883,23359,current,True
4884,91832,new,True
4885,11513,current,False
4886,55432,new,False
4887,71967,new,False
4888,41187,current,False
4889,71963,new,True
4890,93100,new,False
4891,28420,current,False
4892,30722,current,False
4893,41415,current,False
4894,20706,current,True
4895,24826,current,False
4896,63449,new,False
4897,17789,current,False
4898,95730,new,False
4899,94312,new,False
4900,99070,new,True
4901,83941,new,False
4902,44891,current,False
4903,23868,current,False
4904,35297,current,False
4905,99944,new,False
4906,63114,new,True
4907,18817,current,False
4908,31126,current,False
4909,95194,new,True
4910,68269,new,True
4911,40360,current,False
4912,96347,new,False
4913,62974,new,True
4914,53711,new,False
4915,29876,current,False
4916,86085,new,True
4917,11324,current,False
4918,98139,new,False
4919,49395,current,False
4920,55845,new,True
4921,35276,current,False
4922,27383,current,True
4923,64149,new,False
4924,76249,new,False
4925,93931,new,False
4926,76581,new,True
4927,80008,new,True
4928,20771,current,False
4929,18049,current,True
4930,27795,current,False
4931,48483,current,False
4932,73857,new,False
4933,74745,new,False
4934,24434,current,False
4935,38798,current,True
4936,59593,new,True
4937,32028,current,True
4938,26293,current,False
4939,91150,new,True
4940,33804,current,False
4941,44893,current,True
4942,56141,new,False
4943,42858,current,False
4944,27498,current,False
4945,17769,current,False
4946,19204,current,True
4947,90409,new,True
4948,12021,current,True
4949,28142,current,False
4950,64935,new,False
4951,69448,new,True
4952,15553,current,False
4953,18000,current,False
4954,73990,new,False
4955,88725,new,True
4956,21362,current,False
4957,39860,current,False
4958,41563,current,False
4959,79072,new,True
4960,65070,new,False
4961,26087,current,True
4962,93573,new,False
4963,70984,new,True
4964,75432,new,True
4965,36214,current,False
4966,13703,current,True
4967,35286,current,False
4968,61933,new,False
4969,20559,current,True
4970,89217,new,False
4971,42065,current,False
4972,12822,current,False
4973,80603,new,False
4974,61808,new,False
4975,23444,current,False
4976,69174,new,False
4977,70248,new,False
4978,19340,current,False
4979,89092,new,True
4980,96036,new,False
4981,73329,new,False
4982,24119,current,False
4983,69110,new,True
4984,37748,current,False
4985,43213,current,False
4986,43266,current,False
4987,64888,new,True
4988,59559,new,False
4989,38673,current,False
4990,36168,current,True
4991,44664,current,True
4992,22444,current,False
4993,13349,current,False
4994,29588,current,False
4995,21741,current,False
4996,75531,new,False
4997,96647,new,True
4998,77375,new,True
4999,12344,current,True
5000,84737,new,False
5001,64350,new,False
5002,90067,new,True
5003,23705,current,False
5004,44344,current,False
5005,92734,new,True
5006,68943,new,False
5007,38028,current,False
5008,42616,current,False
5009,96394,new,False
5010,64572,new,True
5011,84051,new,True
5012,66600,new,False
5013,14220,current,False
5014,61860,new,True
5015,61624,new,True
5016,43162,current,False
5017,64371,new,False
5018,16565,current,False
5019,29967,current,False
5020,81737,new,True
5021,72789,new,True
5022,82500,new,False
5023,40148,current,False
5024,13646,current,True
5025,85141,new,False
5026,71331,new,False
5027,14926,current,False
5028,10484,current,True
5029,43172,current,False
5030,53061,new,True
5031,94949,new,False
5032,79012,new,True
5033,42758,current,False
5034,45796,current,True
5035,16670,current,False
5036,61723,new,False
5037,41075,current,False
5038,24194,current,False
5039,51514,new,True
5040,93817,new,True
5041,15286,current,True
5042,90604,new,False
5043,95507,new,False
5044,58126,new,False
5045,87079,new,False
5046,51640,new,False
5047,30094,current,False
5048,64777,new,False
5049,15856,current,False
5050,13581,current,True
5051,85414,new,False
5052,19967,current,False
5053,69307,new,False
5054,28206,current,False
5055,54069,new,True
5056,25831,current,True
5057,75045,new,True
5058,49364,current,False
5059,39426,current,False
5060,14825,current,False
5061,35947,current,False
5062,59127,new,False
5063,75961,new,False
5064,29810,current,True
5065,11314,current,False
5066,48971,current,False
5067,41367,current,False
5068,36580,current,False
5069,40052,current,False
5070,98889,new,False
5071,71911,new,False
5072,13707,current,True
5073,85283,new,True
5074,90445,new,False
5075,59810,new,False
5076,34325,current,False
5077,64467,new,True
5078,87504,new,True
5079,35343,current,False
5080,94833,new,True
5081,78652,new,False
5082,74960,new,False
5083,21074,current,True
5084,52451,new,False
5085,42446,current,True
5086,50189,new,True
5087,23757,current,False
5088,94579,new,True
5089,40798,current,False
5090,69459,new,True
5091,98184,new,False
5092,71273,new,False
5093,57659,new,False
5094,53197,new,False
5095,45600,current,True
5096,21165,current,True
5097,36245,current,False
5098,79429,new,True
5099,21328,current,True
5100,26489,current,False
5101,70436,new,True
5102,60048,new,False
5103,36246,current,False
5104,78266,new,False
5105,24041,current,True
5106,41345,current,True
5107,87381,new,False
5108,72942,new,False
5109,26610,current,True
5110,52806,new,True
5111,38163,current,False
5112,93808,new,True
5113,34813,current,True
5114,81204,new,False
5115,32173,current,False
5116,77312,new,True
5117,49224,current,True
5118,77038,new,False
5119,38968,current,True
5120,82845,new,True
5121,98528,new,False
5122,93781,new,False
5123,66136,new,False
5124,54707,new,False
5125,14021,current,False
5126,29735,current,False
5127,55808,new,False
5128,88552,new,True
5129,12961,current,False
5130,81855,new,True
5131,24946,current,False
5132,86703,new,False
5133,48963,current,False
5134,16232,current,True
5135,77815,new,True
5136,83423,new,True
5137,97048,new,True
5138,48701,current,False
5139,26873,current,False
5140,47639,current,False
5141,30240,current,False
5142,82558,new,False
5143,75803,new,False
5144,46668,current,True
5145,85526,new,True
5146,36949,current,True
5147,69984,new,False
5148,44703,current,False
5149,94220,new,True
5150,88308,new,False
5151,80306,new,True
5152,88121,new,False
5153,92557,new,False
5154,31100,current,True
5155,61367,new,False
5156,27683,current,False
5157,56641,new,True
5158,63812,new,True
5159,33565,current,False
5160,22942,current,False
5161,65484,new,False
5162,39413,current,False
5163,41377,current,False
5164,69096,new,True
5165,82977,new,True
5166,21949,current,False
5167,64994,new,False
5168,33859,current,False
5169,29579,current,True
5170,37793,current,False
5171,43258,current,True
5172,42282,current,False
5173,86079,new,True
5174,34558,current,False
5175,98755,new,False
5176,47775,current,False
5177,84756,new,False
5178,84775,new,True
5179,80195,new,False
5180,46547,current,False
5181,38158,current,False
5182,62628,new,False
5183,54542,new,False
5184,66207,new,True
5185,82538,new,False
5186,63255,new,True
5187,71469,new,True
5188,17024,current,False
5189,31483,current,True
5190,95371,new,True
5191,50760,new,True
5192,75333,new,False
5193,43954,current,False
5194,84436,new,True
5195,47530,current,False
5196,53043,new,False
5197,70973,new,False
5198,29957,current,True
5199,32133,current,False
5200,47717,current,False
5201,28001,current,True
5202,29990,current,False
5203,60500,new,False
5204,59979,new,False
5205,88030,new,True
5206,42718,current,False
5207,16009,current,False
5208,87857,new,False
5209,55722,new,True
5210,20470,current,False
5211,67313,new,False
5212,56866,new,False
5213,44912,current,True
5214,48797,current,True
5215,72984,new,True
5216,21558,current,True
5217,78215,new,True
5218,46904,current,False
5219,87486,new,True
5220,97210,new,False
5221,25212,current,False
5222,30459,current,False
5223,58800,new,True
5224,91032,new,False
5225,31335,current,True
5226,53916,new,False
5227,98671,new,False
5228,29408,current,False
5229,87781,new,False
5230,84012,new,False
5231,51878,new,True
5232,17017,current,False
5233,47355,current,True
5234,54006,new,False
5235,99284,new,False
5236,29840,current,False
5237,64486,new,True
5238,67400,new,False
5239,14133,current,False
5240,78266,new,False
5241,84770,new,True
5242,28165,current,False
5243,18567,current,False
5244,25524,current,False
5245,84345,new,True
5246,38336,current,False
5247,15588,current,False
5248,99855,new,False
5249,42314,current,False
5250,81560,new,False
5251,89550,new,False
5252,14707,current,False
5253,38058,current,False
5254,84418,new,True
5255,45559,current,False
5256,33137,current,False
5257,45827,current,False
5258,45007,current,False
5259,70121,new,True
5260,62889,new,False
5261,56802,new,False
5262,15349,current,True
5263,55646,new,True
5264,16436,current,True
5265,79632,new,False
5266,32867,current,False
5267,10648,current,False
5268,85639,new,False
5269,58051,new,False
5270,44199,current,True
5271,66646,new,False
5272,43501,current,False
5273,96853,new,False
5274,78873,new,False
5275,93740,new,False
5276,58175,new,True
5277,14093,current,False
5278,64519,new,True
5279,47461,current,True
5280,15729,current,False
5281,68812,new,False
5282,52339,new,True
5283,69908,new,False
5284,40456,current,False
5285,83090,new,False
5286,80992,new,True
5287,21803,current,False
5288,22323,current,True
5289,32446,current,False
5290,50121,new,True
5291,11373,current,False
5292,48456,current,False
5293,10891,current,True
5294,30125,current,False
5295,84555,new,True
5296,78738,new,True
5297,31368,current,True
5298,84768,new,True
5299,91945,new,False
5300,87129,new,False
5301,41363,current,False
5302,73246,new,True
5303,56741,new,False
5304,21823,current,False
5305,56587,new,True
5306,45329,current,False
5307,16865,current,False
5308,31135,current,False
5309,87349,new,True
5310,97960,new,False
5311,96699,new,False
5312,68717,new,False
5313,79876,new,True
5314,66129,new,True
5315,52815,new,False
5316,22580,current,True
5317,93489,new,True
5318,48318,current,False
5319,85944,new,True
5320,84954,new,True
5321,41661,current,False
5322,65244,new,True
5323,73515,new,True
5324,53048,new,False
5325,16016,current,True
5326,85426,new,False
5327,38238,current,False
5328,47525,current,True
5329,14413,current,True
5330,30116,current,False
5331,72283,new,True
5332,35221,current,False
5333,66364,new,False
5334,33858,current,False
5335,35064,current,False
5336,55032,new,False
5337,91875,new,True
5338,38564,current,False
5339,98576,new,False
5340,74048,new,False
5341,53226,new,False
5342,67316,new,False
5343,41532,current,False
5344,48023,current,True
5345,70685,new,False
5346,16523,current,False
5347,99620,new,False
5348,66855,new,False
5349,18698,current,False
5350,80544,new,True
5351,32593,current,False
5352,70281,new,False
5353,11542,current,False
5354,53381,new,True
5355,22430,current,True
5356,72227,new,False
5357,92029,new,True
5358,12227,current,False
5359,37261,current,False
5360,87292,new,True
5361,52518,new,False
5362,12372,current,False
5363,81278,new,True
5364,43057,current,False
5365,56983,new,True
5366,80658,new,False
5367,24041,current,False
5368,53501,new,False
5369,95715,new,False
5370,34131,current,False
5371,10083,current,False
5372,76915,new,True
5373,31905,current,True
5374,10027,current,False
5375,62964,new,True
5376,39456,current,False
5377,54223,new,True
5378,27589,current,True
5379,14474,current,True
5380,68844,new,True
5381,68774,new,False
5382,73737,new,False
5383,41209,current,False
5384,55938,new,True
5385,20000,current,True
5386,85157,new,False
5387,19169,current,True
5388,12292,current,True
5389,80617,new,True
5390,58312,new,True
5391,35128,current,False
5392,96445,new,True
5393,53861,new,False
5394,28685,current,False
5395,55835,new,True
5396,23821,current,False
5397,18236,current,False
5398,66740,new,False
5399,49378,current,False
5400,87484,new,True
5401,60800,new,False
5402,37849,current,True
5403,46143,current,False
5404,64761,new,True
5405,21984,current,False
5406,74385,new,True
5407,20946,current,False
5408,46550,current,False
5409,68989,new,False
5410,39354,current,False
5411,56657,new,True
5412,61291,new,False
5413,92410,new,True
5414,10298,current,False
5415,22213,current,True
5416,48646,current,False
5417,63777,new,False
5418,66917,new,False
5419,85259,new,True
5420,78972,new,True
5421,46890,current,False
5422,10428,current,True
5423,44213,current,False
5424,13598,current,False
5425,21011,current,True
5426,80080,new,False
5427,69338,new,True
5428,55242,new,True
5429,54014,new,False
5430,91268,new,True
5431,10392,current,False
5432,53870,new,True
5433,45853,current,False
5434,69232,new,False
5435,29653,current,False
5436,32750,current,True
5437,26650,current,False
5438,32989,current,False
5439,90662,new,False
5440,90986,new,True
5441,43575,current,True
5442,76125,new,False
5443,55963,new,False
5444,80555,new,True
5445,23366,current,False
5446,90467,new,True
5447,49890,current,False
5448,83762,new,False
5449,42843,current,True
5450,41996,current,True
5451,45642,current,False
5452,93171,new,False
5453,94807,new,False
5454,57493,new,True
5455,96419,new,False
5456,52278,new,False
5457,82083,new,True
5458,53251,new,True
5459,60455,new,True
5460,56287,new,True
5461,84381,new,False
5462,46782,current,False
5463,88651,new,False
5464,78197,new,False
5465,46193,current,False
5466,26588,current,False
5467,97730,new,True
5468,70477,new,False
5469,14271,current,False
5470,31585,current,False
5471,33365,current,False
5472,13106,current,True
5473,49106,current,False
5474,75403,new,False
5475,39129,current,False
5476,92187,new,False
5477,41712,current,False
5478,81360,new,False
5479,42901,current,False
5480,23889,current,False
5481,81304,new,False
5482,13189,current,False
5483,26662,current,False
5484,89708,new,True
5485,32470,current,False
5486,51498,new,False
5487,48818,current,False
5488,88733,new,False
5489,76727,new,False
5490,44247,current,False
5491,42789,current,False
5492,17614,current,False
5493,17320,current,False
5494,24299,current,True
5495,43533,current,False
5496,61603,new,False
5497,77928,new,False
5498,43404,current,False
5499,18101,current,False
5500,86321,new,True
5501,76425,new,False
5502,62565,new,False
5503,71552,new,False
5504,76891,new,True
5505,82456,new,False
5506,89779,new,True
5507,37137,current,False
5508,23228,current,False
5509,58696,new,False
5510,58749,new,True
5511,90705,new,False
5512,98409,new,True
5513,16688,current,False
5514,91870,new,True
5515,30019,current,False
5516,67898,new,True
5517,80266,new,False
5518,22973,current,True
5519,10256,current,False
5520,81705,new,True
5521,25587,current,False
5522,82042,new,False
5523,43072,current,False
5524,83048,new,True
5525,37147,current,False
5526,67147,new,True
5527,16871,current,False
5528,55745,new,True
5529,53766,new,False
5530,66452,new,False
5531,84699,new,True
5532,23138,current,False
5533,99846,new,True
5534,34643,current,False
5535,27940,current,False
5536,17197,current,False
5537,28488,current,False
5538,18703,current,False
5539,35193,current,False
5540,81068,new,False
5541,44892,current,False
5542,10959,current,False
5543,16998,current,True
5544,41494,current,False
5545,37941,current,False
5546,89527,new,True
5547,94277,new,True
5548,60530,new,False
5549,33810,current,False
5550,92884,new,True
5551,89508,new,True
5552,23538,current,False
5553,10482,current,True
5554,30852,current,False
5555,78514,new,False
5556,51937,new,False
5557,78520,new,True
5558,47688,current,False
5559,18950,current,True
5560,85181,new,False
5561,77605,new,True
5562,47456,current,False
5563,51338,new,True
5564,55999,new,True
5565,87330,new,True
5566,56764,new,False
5567,94003,new,True
5568,41137,current,False
5569,42127,current,False
5570,38262,current,True
5571,18892,current,False
5572,13571,current,False
5573,66601,new,False
5574,14637,current,False
5575,16837,current,True
5576,88870,new,True
5577,65944,new,False
5578,98864,new,False
5579,68308,new,True
5580,22209,current,False
5581,13969,current,False
5582,38535,current,False
5583,54259,new,True
5584,36822,current,False
5585,87638,new,True
5586,32875,current,False
5587,95086,new,True
5588,91732,new,True
5589,22456,current,True
5590,29582,current,True
5591,48705,current,False
5592,14988,current,True
5593,59689,new,True
5594,25102,current,False
5595,56019,new,True
5596,13172,current,False
5597,72695,new,True
5598,13592,current,False
5599,30347,current,False
5600,13517,current,False
5601,74872,new,True
5602,22338,current,True
5603,64233,new,True
5604,11454,current,False
5605,32886,current,False
5606,77234,new,True
5607,70526,new,False
5608,20338,current,True
5609,33886,current,False
5610,28469,current,False
5611,63850,new,False
5612,59641,new,True
5613,88132,new,True
5614,19005,current,False
5615,65747,new,False
5616,34949,current,False
5617,50855,new,True
5618,14135,current,False
5619,98625,new,False
5620,41013,current,True
5621,30909,current,False
5622,92955,new,False
5623,32799,current,False
5624,38323,current,True
5625,21194,current,False
5626,13828,current,False
5627,94490,new,False
5628,88051,new,False
5629,56231,new,False
5630,87494,new,True
5631,12593,current,True
5632,36360,current,False
5633,67307,new,False
5634,90199,new,False
5635,69264,new,False
5636,96431,new,False
5637,29818,current,True
5638,80128,new,False
5639,62745,new,False
5640,66198,new,False
5641,49131,current,False
5642,20036,current,False
5643,67210,new,False
5644,77467,new,False
5645,32236,current,False
5646,20752,current,False
5647,82683,new,True
5648,20571,current,True
5649,29962,current,False
5650,48558,current,False
5651,83803,new,False
5652,78811,new,False
5653,36434,current,False
5654,31802,current,False
5655,85094,new,False
5656,75764,new,True
5657,42860,current,False
5658,37573,current,False
5659,22479,current,True
5660,24946,current,False
5661,93876,new,False
5662,17681,current,False
5663,33557,current,False
5664,21750,current,False
5665,47458,current,False
5666,41542,current,False
5667,25953,current,False
5668,24855,current,False
5669,48433,current,False
5670,65059,new,False
5671,11764,current,False
5672,17076,current,False
5673,43845,current,False
5674,65198,new,True
5675,96584,new,False
5676,38099,current,True
5677,41857,current,False
5678,49001,current,False
5679,77468,new,True
5680,38744,current,False
5681,23565,current,False
5682,67739,new,False
5683,63224,new,True
5684,83978,new,False
5685,36884,current,True
5686,45747,current,True
5687,60147,new,False
5688,13799,current,False
5689,26365,current,False
5690,68869,new,True
5691,57719,new,True
5692,41238,current,False
5693,25637,current,False
5694,14777,current,False
5695,72782,new,True
5696,96935,new,False
5697,57462,new,False
5698,52534,new,False
5699,67755,new,False
5700,84731,new,False
5701,41966,current,False
5702,47368,current,True
5703,39352,current,False
5704,70222,new,True
5705,60744,new,True
5706,83786,new,False
5707,11450,current,False
5708,31910,current,False
5709,31865,current,True
5710,50935,new,False
5711,93749,new,False
5712,12772,current,False
5713,37972,current,True
5714,11170,current,False
5715,21797,current,False
5716,60002,new,False
5717,84632,new,False
5718,58894,new,True
5719,36811,current,False
5720,38878,current,False
5721,72006,new,False
5722,26930,current,True
5723,82137,new,False
5724,64286,new,False
5725,18898,current,False
5726,42701,current,False
5727,31111,current,True
5728,63735,new,False
5729,38122,current,False
5730,27148,current,False
5731,24004,current,False
5732,29789,current,True
5733,44976,current,False
5734,45980,current,False
5735,65398,new,False
5736,14704,current,False
5737,10704,current,True
5738,37379,current,False
5739,33947,current,True
5740,40364,current,False
5741,32724,current,False
5742,62105,new,True
5743,31564,current,False
5744,33987,current,False
5745,29743,current,False
5746,40583,current,False
5747,61042,new,True
5748,15358,current,False
5749,88686,new,False
5750,14298,current,False
5751,25308,current,True
5752,45900,current,False
5753,22462,current,False
5754,49685,current,True
5755,97253,new,False
5756,19529,current,False
5757,43622,current,False
5758,82514,new,False
5759,77300,new,True
5760,40760,current,True
5761,65299,new,False
5762,83010,new,False
5763,73416,new,False
5764,37010,current,False
5765,84777,new,True
5766,49639,current,False
5767,99745,new,True
5768,48243,current,True
5769,19841,current,False
5770,36593,current,False
5771,19717,current,False
5772,72055,new,False
5773,62928,new,False
5774,18657,current,False
5775,89158,new,False
5776,32430,current,False
5777,80118,new,False
5778,72010,new,False
5779,37742,current,False
5780,94663,new,False
5781,70056,new,True
5782,53326,new,True
5783,14441,current,False
5784,36729,current,False
5785,25487,current,True
5786,13633,current,False
5787,56115,new,False
5788,52713,new,True
5789,24392,current,False
5790,41236,current,False
5791,46594,current,False
5792,54818,new,True
5793,20479,current,False
5794,62005,new,False
5795,86821,new,False
5796,93198,new,True
5797,20967,current,False
5798,67711,new,True
5799,46978,current,False
5800,73254,new,True
5801,51171,new,False
5802,23894,current,False
5803,48849,current,False
5804,45361,current,False
5805,89861,new,True
5806,12617,current,True
5807,91400,new,False
5808,33843,current,False
5809,41850,current,True
5810,34882,current,True
5811,60648,new,False
5812,81828,new,True
5813,13571,current,False
5814,36379,current,False
5815,17067,current,True
5816,73211,new,False
5817,76508,new,True
5818,93817,new,True
5819,48817,current,False
5820,42866,current,False
5821,10544,current,True
5822,98777,new,False
5823,16845,current,False
5824,59353,new,True
5825,31013,current,False
5826,78582,new,True
5827,80994,new,True
5828,85946,new,True
5829,38445,current,False
5830,62899,new,False
5831,40964,current,False
5832,88905,new,True
5833,98599,new,False
5834,59854,new,False
5835,87038,new,True
5836,25747,current,True
5837,66676,new,False
5838,91854,new,True
5839,76486,new,True
5840,81929,new,False
5841,65365,new,True
5842,66222,new,False
5843,61542,new,False
5844,88978,new,False
5845,56704,new,False
5846,16417,current,False
5847,78082,new,True
5848,89225,new,True
5849,52181,new,True
5850,16294,current,False
5851,20377,current,False
5852,79328,new,False
5853,41225,current,False
5854,72540,new,False
5855,44412,current,False
5856,32265,current,False
5857,92124,new,False
5858,30805,current,True
5859,42575,current,False
5860,89865,new,True
5861,74719,new,False
5862,57965,new,True
5863,43243,current,False
5864,44647,current,True
5865,58475,new,False
5866,93847,new,False
5867,91527,new,True
5868,94257,new,False
5869,55912,new,False
5870,58962,new,True
5871,43735,current,False
5872,14830,current,True
5873,90620,new,False
5874,22595,current,False
5875,14796,current,True
5876,51416,new,False
5877,32527,current,False
5878,83731,new,False
5879,18884,current,True
5880,99065,new,True
5881,35635,current,False
5882,53453,new,True
5883,48364,current,False
5884,85604,new,True
5885,56484,new,False
5886,81541,new,True
5887,89492,new,True
5888,30846,current,True
5889,45300,current,False
5890,19824,current,False
5891,53771,new,False
5892,13001,current,False
5893,44923,current,False
5894,15490,current,False
5895,27653,current,False
5896,89247,new,False
5897,26794,current,False
5898,86448,new,False
5899,38000,current,True
5900,56453,new,False
5901,16928,current,False
5902,81673,new,True
5903,74077,new,True
5904,21841,current,False
5905,71921,new,False
5906,40799,current,False
5907,59313,new,False
5908,55657,new,False
5909,27455,current,True
5910,75240,new,False
5911,10365,current,False
5912,37616,current,True
5913,54650,new,False
5914,13360,current,True
5915,31598,current,True
5916,42768,current,False
5917,48810,current,False
5918,86183,new,True
5919,85686,new,True
5920,19770,current,False
5921,42811,current,False
5922,93084,new,False
5923,40081,current,False
5924,13074,current,False
5925,29737,current,True
5926,40391,current,False
5927,50131,new,False
5928,77812,new,False
5929,26636,current,False
5930,95344,new,True
5931,56046,new,True
5932,13848,current,False
5933,39035,current,False
5934,72931,new,False
5935,63318,new,False
5936,13204,current,False
5937,97782,new,True
5938,13657,current,False
5939,65143,new,False
5940,60056,new,True
5941,84035,new,True
5942,49816,current,True
5943,69396,new,True
5944,29394,current,False
5945,36268,current,False
5946,80021,new,False
5947,20216,current,False
5948,12990,current,False
5949,46095,current,False
5950,33026,current,False
5951,37664,current,False
5952,71823,new,True
5953,73693,new,False
5954,69140,new,False
5955,62442,new,False
5956,34045,current,True
5957,70546,new,False
5958,78449,new,True
5959,11274,current,False
5960,18644,current,False
5961,32143,current,False
5962,55461,new,False
5963,78487,new,False
5964,13541,current,False
5965,10669,current,False
5966,70194,new,False
5967,41560,current,False
5968,55828,new,False
5969,26049,current,True
5970,91534,new,False
5971,73649,new,False
5972,21421,current,False
5973,30852,current,False
5974,92417,new,False
5975,80141,new,True
5976,93751,new,False
5977,17995,current,True
5978,75502,new,True
5979,29805,current,False
5980,83665,new,False
5981,72300,new,True
5982,19851,current,False
5983,49618,current,True
5984,63809,new,False
5985,79576,new,False
5986,36391,current,False
5987,51615,new,False
5988,55497,new,False
5989,60043,new,False
5990,32616,current,False
5991,46932,current,False
5992,56910,new,False
5993,44781,current,True
5994,41194,current,False
5995,91563,new,False
5996,56309,new,True
5997,21184,current,True
5998,13038,current,True
5999,89076,new,True
6000,49579,current,False
6001,63090,new,False
6002,65785,new,False
6003,77882,new,True
6004,40668,current,True
6005,22649,current,True
6006,16314,current,True
6007,47173,current,False
6008,20540,current,False
6009,46738,current,False
6010,80811,new,True
6011,94326,new,True
6012,66795,new,False
6013,38755,current,True
6014,77926,new,False
6015,49319,current,True
6016,79155,new,True
6017,45844,current,False
6018,69845,new,False
6019,84696,new,False
6020,50341,new,True
6021,16330,current,False
6022,90565,new,True
6023,94292,new,False
6024,63619,new,False
6025,17249,current,True
6026,61828,new,True
6027,10864,current,False
6028,11514,current,False
6029,33980,current,False
6030,18655,current,False
6031,99152,new,False
6032,34396,current,False
6033,26522,current,False
6034,71345,new,True
6035,29747,current,True
6036,18573,current,False
6037,35172,current,False
6038,97201,new,False
6039,62561,new,False
6040,91919,new,False
6041,93191,new,False
6042,40089,current,False
6043,31116,current,True
6044,58328,new,True
6045,92123,new,False
6046,35520,current,False
6047,86066,new,False
6048,91909,new,False
6049,81453,new,True
6050,98777,new,True
6051,42683,current,False
6052,71035,new,False
6053,96615,new,True
6054,74287,new,False
6055,74519,new,True
6056,54676,new,True
6057,18832,current,False
6058,48158,current,False
6059,34431,current,False
6060,54256,new,False
6061,59202,new,True
6062,26208,current,True
6063,33375,current,False
6064,55661,new,False
6065,69782,new,False
6066,80769,new,True
6067,92438,new,True
6068,58586,new,True
6069,88062,new,True
6070,98509,new,True
6071,28401,current,False
6072,69582,new,True
6073,20255,current,False
6074,58165,new,True
6075,45443,current,False
6076,77357,new,False
6077,32792,current,True
6078,40660,current,False
6079,84657,new,False
6080,81916,new,False
6081,36283,current,False
6082,10579,current,False
6083,16576,current,False
6084,81368,new,False
6085,69677,new,False
6086,60505,new,False
6087,18169,current,False
6088,43946,current,False
6089,26106,current,False
6090,99618,new,False
6091,29164,current,False
6092,83837,new,False
6093,93077,new,False
6094,63378,new,True
6095,15326,current,False
6096,62984,new,True
6097,59484,new,False
6098,20057,current,False
6099,47959,current,False
6100,96612,new,False
6101,90608,new,False
6102,14256,current,True
6103,66820,new,False
6104,93733,new,False
6105,36344,current,False
6106,50144,new,True
6107,48049,current,False
6108,82418,new,False
6109,79341,new,False
6110,70965,new,True
6111,81368,new,True
6112,24570,current,False
6113,23014,current,True
6114,36613,current,False
6115,83165,new,False
6116,89874,new,True
6117,98190,new,False
6118,22818,current,False
6119,65581,new,False
6120,36128,current,True
6121,43447,current,False
6122,14620,current,False
6123,68169,new,True
6124,50954,new,False
6125,18429,current,False
6126,25099,current,False
6127,24473,current,True
6128,71577,new,True
6129,82967,new,False
6130,15940,current,True
6131,43464,current,False
6132,34146,current,False
6133,47448,current,False
6134,72009,new,False
6135,38222,current,False
6136,88530,new,True
6137,47560,current,False
6138,39812,current,False
6139,71565,new,False
6140,72260,new,False
6141,46067,current,False
6142,23462,current,True
6143,23958,current,False
6144,26900,current,False
6145,75765,new,False
6146,14527,current,False
6147,16391,current,False
6148,77450,new,False
6149,76379,new,False
6150,73779,new,True
6151,15409,current,False
6152,42016,current,True
6153,85781,new,True
6154,58016,new,False
6155,45920,current,False
6156,60148,new,False
6157,36767,current,False
6158,45177,current,False
6159,19461,current,False
6160,77270,new,True
6161,97151,new,True
6162,66178,new,False
6163,72071,new,True
6164,82084,new,False
6165,66930,new,True
6166,37588,current,True
6167,84712,new,True
6168,62977,new,True
6169,35066,current,True
6170,42176,current,False
6171,22697,current,True
6172,89172,new,False
6173,83410,new,True
6174,53809,new,True
6175,73782,new,True
6176,14372,current,False
6177,10432,current,False
6178,98491,new,True
6179,91630,new,False
6180,29989,current,True
6181,94018,new,True
6182,26230,current,False
6183,34009,current,False
6184,61901,new,False
6185,96247,new,False
6186,45927,current,True
6187,17695,current,False
6188,57842,new,False
6189,87371,new,True
6190,82483,new,True
6191,61433,new,True
6192,52213,new,True
6193,35670,current,False
6194,96228,new,False
6195,21439,current,False
6196,28617,current,True
6197,96654,new,False
6198,53614,new,True
6199,95931,new,False
6200,38433,current,True
6201,37070,current,False
6202,73952,new,True
6203,45856,current,False
6204,76966,new,True
6205,29796,current,False
6206,53823,new,True
6207,30470,current,False
6208,70921,new,True
6209,59434,new,True
6210,48766,current,True
6211,41454,current,False
6212,34770,current,True
6213,86102,new,True
6214,46716,current,False
6215,45970,current,False
6216,93860,new,False
6217,68361,new,False
6218,25546,current,False
6219,23347,current,False
6220,40073,current,False
6221,85380,new,False
6222,86932,new,False
6223,66632,new,False
6224,87301,new,False
6225,18551,current,True
6226,72634,new,True
6227,44209,current,True
6228,58100,new,True
6229,21215,current,True
6230,57744,new,True
6231,97662,new,True
6232,26784,current,False
6233,13932,current,True
6234,59386,new,False
6235,80114,new,False
6236,82433,new,False
6237,38200,current,False
6238,38324,current,False
6239,27349,current,False
6240,57452,new,False
6241,88675,new,True
6242,99668,new,True
6243,26896,current,True
6244,36719,current,False
6245,50243,new,False
6246,78395,new,False
6247,67273,new,True
6248,58725,new,True
6249,28096,current,False
6250,70558,new,True
6251,29320,current,True
6252,76775,new,False
6253,75668,new,False
6254,72668,new,True
6255,68372,new,False
6256,39224,current,False
6257,21822,current,False
6258,28039,current,False
6259,83576,new,True
6260,29703,current,False
6261,48781,current,True
6262,68680,new,False
6263,45939,current,False
6264,17920,current,False
6265,15856,current,False
6266,21737,current,False
6267,14113,current,False
6268,74653,new,False
6269,63708,new,False
6270,26497,current,False
6271,66610,new,False
6272,93212,new,False
6273,89253,new,True
6274,42740,current,False
6275,29985,current,True
6276,93817,new,False
6277,32541,current,False
6278,57328,new,False
6279,63277,new,False
6280,41515,current,False
6281,65180,new,True
6282,85372,new,True
6283,67319,new,True
6284,71294,new,False
6285,36672,current,False
6286,78493,new,True
6287,72630,new,True
6288,14142,current,False
6289,71229,new,True
6290,55709,new,False
6291,67400,new,True
6292,24109,current,False
6293,84866,new,False
6294,36062,current,True
6295,66176,new,False
6296,69974,new,False
6297,62638,new,False
6298,24436,current,False
6299,48048,current,False
6300,53606,new,True
6301,93696,new,True
6302,63223,new,False
6303,93740,new,False
6304,82768,new,True
6305,17770,current,False
6306,91471,new,False
6307,66630,new,False
6308,40552,current,True
6309,58862,new,False
6310,80661,new,True
6311,39885,current,False
6312,30113,current,False
6313,17033,current,True
6314,24979,current,False
6315,79285,new,False
6316,55918,new,False
6317,25565,current,False
6318,52826,new,False
6319,46162,current,False
6320,33528,current,False
6321,38302,current,True
6322,41237,current,False
6323,48179,current,False
6324,69664,new,True
6325,39163,current,False
6326,58700,new,False
6327,45506,current,False
6328,75583,new,False
6329,56448,new,False
6330,12207,current,True
6331,10215,current,False
6332,21436,current,True
6333,53105,new,True
6334,12514,current,False
6335,73389,new,False
6336,81802,new,True
6337,94644,new,True
6338,25829,current,True
6339,57106,new,False
6340,26363,current,True
6341,36706,current,False
6342,83450,new,True
6343,77303,new,False
6344,18916,current,False
6345,57148,new,False
6346,58394,new,False
6347,29721,current,False
6348,98978,new,True
6349,85704,new,True
6350,82561,new,True
6351,90783,new,True
6352,80997,new,False
6353,24203,current,False
6354,62089,new,False
6355,98286,new,False
6356,44963,current,False
6357,98666,new,False
6358,19137,current,False
6359,98696,new,True
6360,54602,new,True
6361,48878,current,True
6362,80933,new,False
6363,98150,new,False
6364,61455,new,False
6365,26420,current,True
6366,38144,current,False
6367,57784,new,False
6368,67932,new,False
6369,77020,new,False
6370,84339,new,False
6371,84063,new,False
6372,10382,current,True
6373,17673,current,False
6374,35047,current,False
6375,23898,current,False
6376,47778,current,False
6377,35059,current,False
6378,70829,new,True
6379,17662,current,False
6380,77590,new,True
6381,27531,current,False
6382,61224,new,True
6383,32081,current,False
6384,29801,current,False
6385,98595,new,False
6386,97659,new,True
6387,15157,current,False
6388,82112,new,True
6389,58544,new,False
6390,94223,new,False
6391,12802,current,True
6392,55859,new,False
6393,64152,new,False
6394,15868,current,False
6395,82248,new,False
6396,89539,new,False
6397,18972,current,True
6398,68483,new,True
6399,38719,current,False
6400,40295,current,False
6401,29387,current,True
6402,42277,current,False
6403,19512,current,False
6404,58113,new,False
6405,25438,current,True
6406,60337,new,False
6407,61765,new,False
6408,40717,current,False
6409,96369,new,False
6410,87305,new,True
6411,16810,current,False
6412,14551,current,True
6413,95052,new,False
6414,74933,new,False
6415,61856,new,False
6416,90563,new,False
6417,66320,new,False
6418,14447,current,False
6419,31912,current,False
6420,87978,new,False
6421,15031,current,False
6422,57678,new,True
6423,95877,new,True
6424,41670,current,False
6425,11548,current,False
6426,35233,current,False
6427,20313,current,True
6428,44884,current,False
6429,87380,new,True
6430,32509,current,False
6431,15815,current,True
6432,32673,current,False
6433,42633,current,False
6434,32729,current,False
6435,89220,new,False
6436,99229,new,False
6437,28195,current,True
6438,76603,new,True
6439,73068,new,True
6440,89200,new,False
6441,64819,new,True
6442,98160,new,True
6443,26869,current,False
6444,34648,current,False
6445,86485,new,True
6446,18988,current,False
6447,58946,new,True
6448,17402,current,False
6449,44933,current,False
6450,17792,current,True
6451,73069,new,False
6452,54808,new,False
6453,93849,new,True
6454,52153,new,False
6455,71406,new,False
6456,26110,current,False
6457,43300,current,True
6458,19497,current,True
6459,61440,new,True
6460,52627,new,False
6461,97006,new,True
6462,62993,new,False
6463,78436,new,True
6464,69826,new,False
6465,14349,current,False
6466,72644,new,True
6467,49017,current,False
6468,21764,current,False
6469,17928,current,False
6470,35266,current,False
6471,89386,new,True
6472,51966,new,True
6473,41817,current,False
6474,67836,new,True
6475,59008,new,False
6476,65750,new,False
6477,47568,current,False
6478,77281,new,True
6479,22888,current,False
6480,71333,new,True
6481,22840,current,True
6482,23160,current,False
6483,33533,current,False
6484,91156,new,False
6485,19451,current,False
6486,95842,new,True
6487,13126,current,False
6488,15293,current,False
6489,71593,new,True
6490,62629,new,True
6491,27394,current,False
6492,58199,new,False
6493,94046,new,False
6494,77845,new,True
6495,35892,current,False
6496,64531,new,False
6497,80528,new,False
6498,10742,current,False
6499,49427,current,True
6500,28971,current,False
6501,79513,new,False
6502,10918,current,True
6503,86132,new,False
6504,49798,current,False
6505,42990,current,False
6506,19872,current,False
6507,13331,current,False
6508,42370,current,False
6509,21658,current,True
6510,14439,current,False
6511,99955,new,True
6512,81816,new,True
6513,30710,current,False
6514,95075,new,False
6515,61489,new,False
6516,46465,current,True
6517,64127,new,False
6518,20564,current,False
6519,22882,current,False
6520,25207,current,False
6521,33295,current,False
6522,95830,new,True
6523,72402,new,True
6524,42233,current,False
6525,80382,new,False
6526,25484,current,False
6527,43716,current,True
6528,30426,current,False
6529,32280,current,False
6530,14558,current,True
6531,26929,current,False
6532,12352,current,False
6533,59758,new,True
6534,62936,new,False
6535,76216,new,False
6536,15252,current,False
6537,45799,current,True
6538,45795,current,False
6539,71349,new,True
6540,68922,new,False
6541,35159,current,False
6542,32588,current,False
6543,73631,new,False
6544,37214,current,False
6545,87380,new,True
6546,72367,new,False
6547,68717,new,False
6548,56280,new,False
6549,23007,current,False
6550,65819,new,True
6551,58784,new,True
6552,50542,new,True
6553,90306,new,False
6554,97979,new,False
6555,49261,current,False
6556,75144,new,True
6557,50394,new,False
6558,37079,current,True
6559,31978,current,False
6560,47216,current,False
6561,48451,current,False
6562,56493,new,False
6563,10649,current,True
6564,84220,new,True
6565,61660,new,False
6566,63055,new,True
6567,41489,current,False
6568,53169,new,True
6569,43980,current,True
6570,50398,new,False
6571,21611,current,False
6572,92664,new,False
6573,20835,current,False
6574,12639,current,True
6575,82907,new,False
6576,38332,current,False
6577,49315,current,True
6578,32497,current,False
6579,72684,new,False
6580,83313,new,False
6581,12776,current,True
6582,39591,current,False
6583,79040,new,False
6584,61478,new,False
6585,93544,new,True
6586,93658,new,False
6587,19263,current,False
6588,70433,new,True
6589,39227,current,False
6590,64819,new,False
6591,39087,current,False
6592,88663,new,True
6593,89006,new,True
6594,30464,current,True
6595,71791,new,True
6596,67068,new,False
6597,62699,new,False
6598,16170,current,False
6599,34666,current,False
6600,56681,new,True
6601,71678,new,True
6602,98372,new,True
6603,88333,new,False
6604,89907,new,False
6605,45033,current,False
6606,55829,new,False
6607,70259,new,False
6608,86796,new,True
6609,59493,new,True
6610,54459,new,True
6611,58910,new,False
6612,19617,current,True
6613,16371,current,False
6614,51206,new,False
6615,78572,new,True
6616,29764,current,False
6617,32376,current,False
6618,31886,current,False
6619,14292,current,False
6620,57416,new,False
6621,35760,current,False
6622,31404,current,False
6623,42630,current,False
6624,39187,current,False
6625,59055,new,True
6626,44849,current,False
6627,35332,current,True
6628,73930,new,False
6629,10318,current,False
6630,90005,new,False
6631,71637,new,False
6632,13573,current,False
6633,13921,current,True
6634,94374,new,False
6635,49957,current,False
6636,16821,current,True
6637,27850,current,False
6638,60235,new,False
6639,57475,new,True
6640,80837,new,True
6641,36732,current,True
6642,27469,current,False
6643,97633,new,False
6644,42773,current,True
6645,79424,new,False
6646,93448,new,True
6647,91468,new,False
6648,22380,current,True
6649,72538,new,True
6650,51799,new,False
6651,47233,current,True
6652,30220,current,False
6653,81291,new,False
6654,94341,new,True
6655,59352,new,False
6656,27133,current,True
6657,25180,current,False
6658,13707,current,False
6659,48051,current,False
6660,81099,new,False
6661,14541,current,True
6662,67607,new,False
6663,23785,current,False
6664,12520,current,False
6665,93898,new,False
6666,79488,new,True
6667,34901,current,True
6668,77597,new,False
6669,14317,current,False
6670,32398,current,True
6671,90909,new,True
6672,83134,new,True
6673,91029,new,False
6674,78356,new,False
6675,70147,new,False
6676,50931,new,False
6677,65412,new,False
6678,19418,current,False
6679,99859,new,True
6680,65800,new,False
6681,67986,new,False
6682,29418,current,False
6683,62991,new,False
6684,13514,current,False
6685,53835,new,True
6686,81016,new,True
6687,56930,new,False
6688,73900,new,False
6689,33872,current,False
6690,68337,new,True
6691,51905,new,False
6692,29810,current,False
6693,36873,current,False
6694,33837,current,True
6695,61894,new,False
6696,98040,new,False
6697,17157,current,False
6698,71064,new,True
6699,27880,current,False
6700,14010,current,True
6701,74198,new,False
6702,48796,current,True
6703,32075,current,True
6704,47371,current,False
6705,79820,new,False
6706,40630,current,True
6707,57032,new,True
6708,62274,new,True
6709,81459,new,False
6710,39506,current,False
6711,14036,current,False
6712,63205,new,False
6713,39674,current,True
6714,93798,new,False
6715,12045,current,False
6716,29274,current,False
6717,31629,current,True
6718,25274,current,False
6719,73508,new,True
6720,61086,new,True
6721,67132,new,False
6722,39149,current,False
6723,48004,current,True
6724,10655,current,True
6725,96804,new,True
6726,32987,current,False
6727,11977,current,False
6728,97358,new,False
6729,79202,new,True
6730,35572,current,False
6731,64514,new,False
6732,84583,new,False
6733,72946,new,True
6734,17982,current,False
6735,14452,current,False
6736,52793,new,False
6737,80166,new,True
6738,74145,new,False
6739,87669,new,False
6740,32398,current,True
6741,62320,new,True
6742,48255,current,True
6743,46632,current,True
6744,56853,new,True
6745,90734,new,True
6746,49549,current,False
6747,46281,current,False
6748,27812,current,False
6749,22006,current,False
6750,33271,current,False
6751,76944,new,False
6752,83923,new,True
6753,69934,new,False
6754,19633,current,True
6755,73045,new,False
6756,48584,current,True
6757,55804,new,False
6758,62688,new,True
6759,74771,new,False
6760,22414,current,False
6761,83387,new,True
6762,15737,current,True
6763,46252,current,True
6764,22937,current,False
6765,95182,new,False
6766,19502,current,True
6767,11469,current,True
6768,70341,new,True
6769,29104,current,False
6770,27312,current,True
6771,44734,current,False
6772,66351,new,True
6773,25341,current,False
6774,33478,current,True
6775,95152,new,True
6776,77043,new,True
6777,56642,new,True
6778,95393,new,False
6779,17795,current,False
6780,58202,new,True
6781,16238,current,False
6782,88445,new,False
6783,76674,new,False
6784,13699,current,False
6785,17303,current,False
6786,35810,current,False
6787,26666,current,True
6788,85191,new,False
6789,75615,new,True
6790,27292,current,False
6791,97110,new,True
6792,22316,current,False
6793,67335,new,True
6794,49460,current,False
6795,74132,new,False
6796,21214,current,False
6797,41067,current,True
6798,40373,current,False
6799,58330,new,True
6800,42565,current,False
6801,41064,current,False
6802,22110,current,False
6803,77266,new,False
6804,72104,new,True
6805,72884,new,True
6806,82266,new,True
6807,80551,new,True
6808,34355,current,False
6809,45163,current,True
6810,89369,new,False
6811,45074,current,False
6812,48631,current,False
6813,19025,current,False
6814,74995,new,True
6815,63574,new,False
6816,55809,new,False
6817,57572,new,True
6818,30424,current,True
6819,79643,new,False
6820,30236,current,False
6821,35129,current,False
6822,53771,new,True
6823,45017,current,True
6824,25456,current,False
6825,79133,new,False
6826,76658,new,True
6827,35262,current,True
6828,24676,current,False
6829,41202,current,True
6830,80206,new,False
6831,13158,current,True
6832,13683,current,False
6833,43751,current,True
6834,96975,new,False
6835,68714,new,True
6836,65963,new,True
6837,15156,current,False
6838,87110,new,False
6839,89443,new,True
6840,54455,new,False
6841,19693,current,True
6842,76144,new,True
6843,49199,current,True
6844,96525,new,True
6845,87703,new,False
6846,26669,current,False
6847,16346,current,False
6848,11627,current,False
6849,72143,new,False
6850,73581,new,False
6851,81398,new,True
6852,18811,current,False
6853,56084,new,False
6854,62720,new,True
6855,14187,current,True
6856,63037,new,False
6857,32071,current,True
6858,82552,new,False
6859,49337,current,False
6860,85210,new,True
6861,42284,current,False
6862,42593,current,True
6863,57186,new,False
6864,40852,current,False
6865,33667,current,True
6866,59806,new,False
6867,15021,current,False
6868,27082,current,True
6869,67923,new,False
6870,17882,current,False
6871,46618,current,True
6872,18743,current,False
6873,86659,new,False
6874,49524,current,False
6875,53925,new,True
6876,54022,new,False
6877,72139,new,False
6878,19173,current,True
6879,55954,new,False
6880,73480,new,False
6881,58186,new,False
6882,65695,new,False
6883,25426,current,False
6884,49598,current,False
6885,46493,current,False
6886,91083,new,True
6887,97565,new,True
6888,29600,current,False
6889,45564,current,False
6890,96126,new,False
6891,89431,new,False
6892,92982,new,False
6893,16513,current,True
6894,73956,new,False
6895,61158,new,False
6896,76658,new,False
6897,64923,new,True
6898,69280,new,True
6899,82590,new,False
6900,12770,current,False
6901,21851,current,False
6902,76594,new,False
6903,77861,new,True
6904,61580,new,True
6905,82070,new,True
6906,38871,current,False
6907,33176,current,False
6908,96192,new,True
6909,25773,current,False
6910,77558,new,False
6911,69261,new,False
6912,34672,current,False
6913,98783,new,True
6914,28666,current,True
6915,32553,current,False
6916,55254,new,False
6917,75093,new,True
6918,29500,current,False
6919,79062,new,False
6920,67450,new,False
6921,17996,current,False
6922,17138,current,False
6923,71080,new,False
6924,38407,current,False
6925,40048,current,False
6926,31498,current,False
6927,55170,new,True
6928,44461,current,True
6929,13771,current,False
6930,37176,current,True
6931,29932,current,False
6932,15605,current,False
6933,23182,current,True
6934,68584,new,True
6935,42987,current,False
6936,44209,current,False
6937,87528,new,True
6938,34628,current,False
6939,12392,current,True
6940,16054,current,False
6941,16049,current,False
6942,48572,current,False
6943,22044,current,True
6944,49937,current,False
6945,69338,new,False
6946,12119,current,False
6947,91744,new,False
6948,24890,current,False
6949,21073,current,False
6950,13719,current,True
6951,77882,new,False
6952,45830,current,False
6953,63686,new,False
6954,29274,current,False
6955,47743,current,True
6956,83769,new,False
6957,39396,current,False
6958,45590,current,False
6959,41451,current,False
6960,36609,current,False
6961,11977,current,True
6962,42861,current,False
6963,81981,new,True
6964,41339,current,False
6965,72870,new,False
6966,17791,current,False
6967,48824,current,True
6968,83358,new,False
6969,43080,current,False
6970,74713,new,False
6971,12486,current,True
6972,50137,new,True
6973,57048,new,False
6974,16084,current,False
6975,21897,current,True
6976,44835,current,False
6977,51934,new,False
6978,66209,new,True
6979,59918,new,False
6980,85053,new,True
6981,61006,new,False
6982,16465,current,True
6983,50847,new,True
6984,84287,new,False
6985,24000,current,False
6986,68511,new,False
6987,36282,current,False
6988,50956,new,False
6989,33548,current,True
6990,41489,current,False
6991,29879,current,False
6992,44167,current,False
6993,49534,current,False
6994,30169,current,False
6995,66205,new,False
6996,47995,current,False
6997,25409,current,False
6998,34382,current,True
6999,35144,current,False
7000,42965,current,False
7001,18680,current,False
7002,91911,new,True
7003,33131,current,False
7004,79318,new,True
7005,67876,new,False
7006,47989,current,True
7007,75051,new,True
7008,88252,new,False
7009,25951,current,False
7010,94300,new,False
7011,85806,new,True
7012,97914,new,True
7013,54711,new,False
7014,28156,current,False
7015,36499,current,False
7016,37763,current,True
7017,47081,current,False
7018,94921,new,True
7019,33180,current,False
7020,16498,current,False
7021,89374,new,True
7022,10603,current,False
7023,65166,new,True
7024,51528,new,False
7025,81512,new,True
7026,29395,current,False
7027,97419,new,True
7028,14532,current,False
7029,25094,current,False
7030,43144,current,True
7031,53219,new,False
7032,21403,current,False
7033,25727,current,False
7034,59633,new,False
7035,64446,new,False
7036,94102,new,True
7037,30112,current,False
7038,12841,current,False
7039,30714,current,False
7040,17751,current,False
7041,34117,current,False
7042,87997,new,True
7043,23131,current,False
7044,38443,current,False
7045,32094,current,True
7046,36002,current,False
7047,14886,current,False
7048,30280,current,True
7049,92771,new,True
7050,24068,current,False
7051,41574,current,False
7052,82869,new,True
7053,17990,current,False
7054,80800,new,False
7055,18020,current,False
7056,55903,new,False
7057,91318,new,False
7058,13786,current,True
7059,66490,new,True
7060,54850,new,True
7061,63562,new,False
7062,93245,new,False
7063,42752,current,False
7064,60486,new,False
7065,15167,current,False
7066,48435,current,True
7067,82471,new,True
7068,33336,current,False
7069,44673,current,False
7070,74907,new,True
7071,89671,new,True
7072,92396,new,True
7073,41964,current,False
7074,53051,new,False
7075,39388,current,True
7076,38959,current,False
7077,13368,current,False
7078,99346,new,False
7079,21720,current,False
7080,14309,current,True
7081,51877,new,True
7082,13804,current,False
7083,21256,current,False
7084,98462,new,False
7085,55099,new,True
7086,52129,new,False
7087,88514,new,True
7088,96415,new,True
7089,36103,current,True
7090,12546,current,False
7091,27488,current,True
7092,80918,new,True
7093,67025,new,True
7094,28637,current,False
7095,38923,current,False
7096,62617,new,False
7097,63252,new,False
7098,51878,new,False
7099,20894,current,False
7100,30627,current,False
7101,41897,current,False
7102,75920,new,False
7103,11374,current,True
7104,12413,current,False
7105,87608,new,False
7106,77837,new,False
7107,88188,new,True
7108,67433,new,False
7109,33655,current,False
7110,60725,new,True
7111,65039,new,True
7112,34120,current,False
7113,74339,new,False
7114,78492,new,False
7115,19855,current,True
7116,82861,new,False
7117,66698,new,True
7118,56209,new,False
7119,89748,new,True
7120,38306,current,True
7121,72479,new,True
7122,18421,current,False
7123,41341,current,False
7124,96653,new,False
7125,95213,new,False
7126,11411,current,False
7127,38492,current,False
7128,45732,current,True
7129,25242,current,True
7130,80964,new,True
7131,29705,current,False
7132,57353,new,False
7133,74693,new,False
7134,54365,new,False
7135,32291,current,False
7136,27694,current,False
7137,17073,current,False
7138,40274,current,False
7139,23566,current,True
7140,68706,new,False
7141,82738,new,False
7142,19514,current,True
7143,58610,new,False
7144,22967,current,False
7145,92046,new,False
7146,18744,current,False
7147,59672,new,True
7148,10760,current,False
7149,37680,current,True
7150,17043,current,False
7151,62209,new,False
7152,48109,current,True
7153,25097,current,False
7154,22016,current,False
7155,64525,new,False
7156,19476,current,False
7157,92196,new,False
7158,82007,new,True
7159,81431,new,False
7160,30649,current,False
7161,71592,new,True
7162,91288,new,False
7163,80734,new,True
7164,36073,current,False
7165,14228,current,True
7166,87540,new,False
7167,78683,new,False
7168,28629,current,False
7169,46882,current,True
7170,77255,new,True
7171,91667,new,True
7172,54566,new,True
7173,41905,current,True
7174,25376,current,False
7175,41886,current,False
7176,37282,current,False
7177,68947,new,True
7178,50094,new,False
7179,70055,new,True
7180,87741,new,False
7181,84468,new,False
7182,10922,current,False
7183,99451,new,False
7184,51331,new,False
7185,11579,current,False
7186,11756,current,False
7187,32659,current,False
7188,92835,new,False
7189,17241,current,False
7190,34631,current,True
7191,25403,current,True
7192,25932,current,False
7193,18979,current,True
7194,40342,current,False
7195,11817,current,False
7196,24290,current,True
7197,46143,current,False
7198,30967,current,False
7199,57607,new,False
7200,28032,current,False
7201,11959,current,False
7202,15783,current,False
7203,28365,current,False
7204,96003,new,False
7205,36830,current,False
7206,21809,current,False
7207,24185,current,True
7208,91121,new,False
7209,63845,new,False
7210,28252,current,True
7211,22373,current,True
7212,31567,current,True
7213,69178,new,True
7214,23167,current,False
7215,89574,new,False
7216,54597,new,False
7217,48781,current,False
7218,26068,current,False
7219,65204,new,True
7220,15249,current,False
7221,28848,current,False
7222,62037,new,False
7223,23009,current,False
7224,48395,current,False
7225,57582,new,False
7226,76272,new,False
7227,39000,current,False
7228,18813,current,False
7229,17917,current,False
7230,59831,new,False
7231,43364,current,False
7232,42729,current,False
7233,94415,new,True
7234,77682,new,False
7235,66351,new,True
7236,35102,current,False
7237,35614,current,True
7238,28767,current,False
7239,17946,current,False
7240,20524,current,True
7241,20819,current,False
7242,91756,new,True
7243,34631,current,False
7244,72149,new,True
7245,93562,new,True
7246,49438,current,False
7247,79533,new,True
7248,27588,current,False
7249,13771,current,False
7250,16171,current,False
7251,33373,current,True
7252,18593,current,False
7253,24588,current,False
7254,65910,new,True
7255,18366,current,False
7256,39952,current,False
7257,71261,new,False
7258,28873,current,False
7259,23282,current,False
7260,89694,new,True
7261,87012,new,True
7262,55308,new,True
7263,45545,current,False
7264,13159,current,False
7265,48983,current,True
7266,37368,current,False
7267,70490,new,False
7268,67870,new,True
7269,32466,current,False
7270,11663,current,False
7271,37498,current,False
7272,52645,new,False
7273,55254,new,True
7274,28259,current,True
7275,56030,new,True
7276,93676,new,False
7277,38024,current,True
7278,74103,new,False
7279,95030,new,False
7280,54198,new,False
7281,40237,current,False
7282,62623,new,False
7283,97510,new,False
7284,24088,current,True
7285,50358,new,False
7286,51717,new,False
7287,17481,current,False
7288,36989,current,False
7289,95366,new,False
7290,30648,current,False
7291,24690,current,True
7292,45296,current,False
7293,82371,new,False
7294,40818,current,False
7295,73047,new,True
7296,22345,current,False
7297,18491,current,True
7298,39791,current,False
7299,14539,current,False
7300,14500,current,False
7301,50053,new,False
7302,44886,current,False
7303,83731,new,True
7304,37001,current,False
7305,45148,current,True
7306,25462,current,False
7307,29221,current,False
7308,22753,current,True
7309,96027,new,False
7310,31765,current,False
7311,79879,new,False
7312,70284,new,False
7313,10416,current,False
7314,89793,new,True
7315,14126,current,False
7316,20883,current,False
7317,32027,current,True
7318,78648,new,True
7319,29742,current,False
7320,10581,current,False
7321,17194,current,False
7322,91869,new,True
7323,98161,new,True
7324,32728,current,False
7325,31803,current,False
7326,73518,new,True
7327,53374,new,False
7328,48428,current,True
7329,13523,current,False
7330,79888,new,False
7331,57293,new,False
7332,34191,current,True
7333,96820,new,True
7334,23784,current,True
7335,17253,current,True
7336,99943,new,False
7337,18210,current,True
7338,38089,current,True
7339,89561,new,False
7340,72898,new,True
7341,19713,current,False
7342,22459,current,True
7343,21552,current,False
7344,34637,current,True
7345,18313,current,True
7346,21663,current,False
7347,60217,new,False
7348,31552,current,True
7349,28036,current,False
7350,79083,new,False
7351,43874,current,False
7352,81538,new,False
7353,62273,new,False
7354,47715,current,True
7355,88060,new,False
7356,73688,new,True
7357,33591,current,False
7358,65090,new,True
7359,17818,current,False
7360,42035,current,False
7361,62156,new,False
7362,25722,current,True
7363,33659,current,True
7364,72850,new,False
7365,45112,current,True
7366,91177,new,False
7367,62276,new,False
7368,69233,new,True
7369,49867,current,False
7370,51016,new,True
7371,55556,new,False
7372,94183,new,True
7373,22954,current,False
7374,13563,current,True
7375,41811,current,False
7376,16349,current,False
7377,78599,new,True
7378,82966,new,True
7379,34273,current,True
7380,26089,current,False
7381,48261,current,True
7382,46397,current,False
7383,15199,current,True
7384,48183,current,False
7385,95701,new,True
7386,40193,current,True
7387,84707,new,False
7388,31418,current,False
7389,27941,current,False
7390,93291,new,True
7391,86832,new,True
7392,60607,new,True
7393,74757,new,True
7394,43221,current,False
7395,68544,new,False
7396,50178,new,True
7397,99226,new,True
7398,66576,new,True
7399,82636,new,False
7400,14489,current,False
7401,57506,new,False
7402,95499,new,False
7403,22122,current,False
7404,99238,new,False
7405,29859,current,False
7406,58915,new,False
7407,39552,current,False
7408,43708,current,False
7409,90709,new,True
7410,47770,current,False
7411,68867,new,False
7412,86590,new,True
7413,79923,new,False
7414,98682,new,False
7415,24360,current,False
7416,95945,new,False
7417,17057,current,False
7418,99096,new,False
7419,31738,current,False
7420,60997,new,True
7421,69873,new,False
7422,53753,new,True
7423,92162,new,True
7424,85617,new,False
7425,97811,new,True
7426,38540,current,False
7427,61227,new,False
7428,33066,current,True
7429,43203,current,False
7430,94985,new,False
7431,51549,new,False
7432,19318,current,True
7433,55839,new,False
7434,37037,current,True
7435,15570,current,False
7436,65803,new,False
7437,56191,new,False
7438,32218,current,False
7439,69146,new,False
7440,89369,new,False
7441,65278,new,True
7442,30472,current,True
7443,40377,current,False
7444,71921,new,False
7445,79123,new,True
7446,80009,new,True
7447,75584,new,True
7448,94148,new,False
7449,31688,current,True
7450,69838,new,False
7451,95353,new,True
7452,45074,current,False
7453,25644,current,False
7454,52918,new,False
7455,65001,new,True
7456,92731,new,False
7457,53783,new,False
7458,54654,new,True
7459,90465,new,False
7460,40854,current,False
7461,17530,current,False
7462,24445,current,True
7463,44591,current,False
7464,84031,new,True
7465,38544,current,False
7466,45344,current,False
7467,92944,new,True
7468,25719,current,False
7469,35858,current,False
7470,98598,new,True
7471,93853,new,True
7472,57008,new,True
7473,39206,current,True
7474,43076,current,False
7475,86673,new,False
7476,49853,current,True
7477,23184,current,False
7478,54608,new,True
7479,16649,current,False
7480,20885,current,False
7481,34178,current,False
7482,74553,new,True
7483,36341,current,False
7484,84211,new,False
7485,12056,current,False
7486,51215,new,False
7487,76791,new,False
7488,10165,current,True
7489,13816,current,False
7490,61900,new,True
7491,74651,new,False
7492,26773,current,False
7493,10202,current,False
7494,81077,new,False
7495,67783,new,False
7496,22688,current,True
7497,14330,current,True
7498,23223,current,False
7499,62452,new,False
7500,21583,current,True
7501,54314,new,False
7502,98108,new,False
7503,27574,current,False
7504,72294,new,True
7505,45447,current,False
7506,37755,current,False
7507,29105,current,True
7508,79945,new,False
7509,21477,current,False
7510,50400,new,False
7511,14548,current,True
7512,81433,new,False
7513,56863,new,False
7514,56281,new,False
7515,18719,current,False
7516,76726,new,False
7517,27989,current,False
7518,81802,new,False
7519,42937,current,False
7520,76440,new,False
7521,67375,new,False
7522,14395,current,False
7523,91665,new,True
7524,16609,current,False
7525,72507,new,True
7526,15604,current,False
7527,46054,current,False
7528,16968,current,False
7529,14355,current,True
7530,84256,new,False
7531,86940,new,False
7532,80954,new,True
7533,46792,current,True
7534,19130,current,False
7535,48099,current,False
7536,32340,current,True
7537,29511,current,False
7538,26262,current,False
7539,78615,new,True
7540,45479,current,False
7541,19375,current,False
7542,63298,new,False
7543,12917,current,False
7544,15270,current,False
7545,46687,current,False
7546,47240,current,False
7547,28988,current,False
7548,18016,current,False
7549,44009,current,False
7550,26609,current,False
7551,68670,new,False
7552,21989,current,False
7553,38569,current,False
7554,14008,current,False
7555,67752,new,True
7556,50290,new,False
7557,33039,current,False
7558,60138,new,True
7559,68292,new,False
7560,46683,current,False
7561,52520,new,True
7562,21165,current,False
7563,59157,new,False
7564,82971,new,True
7565,86602,new,False
7566,52356,new,True
7567,27878,current,True
7568,40339,current,True
7569,61817,new,True
7570,47618,current,False
7571,80540,new,True
7572,28727,current,False
7573,10547,current,False
7574,64257,new,False
7575,46938,current,False
7576,84283,new,True
7577,20747,current,True
7578,17933,current,False
7579,19492,current,False
7580,17128,current,False
7581,81538,new,False
7582,26216,current,False
7583,14766,current,False
7584,96490,new,False
7585,34115,current,False
7586,60806,new,False
7587,20815,current,False
7588,60406,new,False
7589,40622,current,False
7590,81186,new,False
7591,51669,new,False
7592,13640,current,False
7593,75496,new,True
7594,15884,current,True
7595,28696,current,False
7596,36605,current,False
7597,41742,current,False
7598,70286,new,False
7599,92453,new,False
7600,85670,new,True
7601,12538,current,False
7602,48128,current,True
7603,45478,current,False
7604,38536,current,False
7605,46749,current,False
7606,38782,current,False
7607,96550,new,False
7608,26748,current,False
7609,27812,current,False
7610,53226,new,True
7611,17355,current,False
7612,82077,new,False
7613,64177,new,True
7614,62182,new,True
7615,76769,new,True
7616,26986,current,False
7617,75660,new,True
7618,33456,current,False
7619,23984,current,False
7620,91258,new,True
7621,16238,current,True
7622,73494,new,True
7623,33633,current,False
7624,96335,new,False
7625,58887,new,True
7626,84888,new,False
7627,77373,new,True
7628,26982,current,False
7629,92634,new,True
7630,78369,new,True
7631,34554,current,True
7632,94876,new,False
7633,72231,new,True
7634,21444,current,False
7635,48643,current,True
7636,51423,new,False
7637,20841,current,False
7638,35522,current,False
7639,67054,new,False
7640,33262,current,False
7641,54741,new,False
7642,76509,new,True
7643,86674,new,True
7644,77401,new,True
7645,50197,new,True
7646,60425,new,False
7647,70405,new,False
7648,96748,new,True
7649,40832,current,False
7650,41965,current,False
7651,67860,new,False
7652,51260,new,False
7653,34465,current,False
7654,94667,new,False
7655,87807,new,False
7656,82883,new,False
7657,68789,new,False
7658,61465,new,False
7659,53073,new,True
7660,88366,new,False
7661,93011,new,False
7662,25352,current,False
7663,79628,new,False
7664,58905,new,True
7665,86387,new,True
7666,14352,current,False
7667,79961,new,True
7668,67751,new,False
7669,24225,current,False
7670,37481,current,True
7671,64310,new,False
7672,71783,new,False
7673,11069,current,False
7674,46192,current,False
7675,59875,new,False
7676,54436,new,False
7677,52588,new,True
7678,20219,current,False
7679,11679,current,False
7680,68815,new,False
7681,54069,new,False
7682,43057,current,True
7683,58236,new,False
7684,97341,new,False
7685,20506,current,False
7686,40813,current,False
7687,34396,current,True
7688,98817,new,False
7689,93146,new,False
7690,19095,current,True
7691,43072,current,False
7692,10374,current,True
7693,66483,new,False
7694,47665,current,False
7695,95857,new,True
7696,90532,new,True
7697,24138,current,True
7698,13013,current,True
7699,26035,current,True
7700,83883,new,False
7701,97597,new,True
7702,45680,current,False
7703,96654,new,False
7704,55090,new,True
7705,32965,current,False
7706,29327,current,True
7707,14353,current,True
7708,70476,new,False
7709,85088,new,True
7710,37731,current,False
7711,73598,new,False
7712,36490,current,False
7713,59307,new,False
7714,29149,current,False
7715,38902,current,True
7716,24149,current,False
7717,24202,current,True
7718,13050,current,True
7719,58917,new,False
7720,76221,new,False
7721,58008,new,False
7722,18560,current,True
7723,20300,current,True
7724,27264,current,False
7725,46483,current,False
7726,72131,new,False
7727,26293,current,False
7728,22700,current,False
7729,39743,current,False
7730,26173,current,False
7731,77650,new,True
7732,70718,new,False
7733,41840,current,True
7734,69148,new,True
7735,18957,current,True
7736,12867,current,False
7737,10118,current,False
7738,93759,new,True
7739,36251,current,False
7740,73475,new,True
7741,96870,new,True
7742,37168,current,False
7743,18237,current,False
7744,61094,new,True
7745,87276,new,False
7746,58210,new,True
7747,50268,new,True
7748,34284,current,True
7749,99472,new,False
7750,96038,new,False
7751,45116,current,False
7752,11809,current,False
7753,98211,new,True
7754,77462,new,False
7755,33264,current,True
7756,96733,new,True
7757,33254,current,False
7758,86655,new,False
7759,54337,new,False
7760,14621,current,True
7761,44742,current,False
7762,66830,new,True
7763,21522,current,True
7764,38976,current,False
7765,49189,current,False
7766,89837,new,False
7767,39423,current,False
7768,58297,new,False
7769,87386,new,True
7770,89966,new,False
7771,54528,new,True
7772,59305,new,False
7773,61561,new,True
7774,53235,new,False
7775,15926,current,False
7776,81755,new,False
7777,70955,new,False
7778,66502,new,False
7779,65206,new,True
7780,88190,new,False
7781,24084,current,False
7782,14800,current,True
7783,30307,current,False
7784,11460,current,False
7785,20159,current,False
7786,23381,current,False
7787,60455,new,True
7788,46525,current,True
7789,12935,current,True
7790,86283,new,True
7791,16199,current,False
7792,11888,current,False
7793,20969,current,False
7794,10480,current,False
7795,99168,new,True
7796,43244,current,False
7797,63145,new,True
7798,31934,current,True
7799,14020,current,False
7800,79379,new,True
7801,95822,new,False
7802,89410,new,False
7803,28093,current,True
7804,21473,current,False
7805,35332,current,True
7806,31279,current,False
7807,47173,current,False
7808,83005,new,False
7809,86408,new,False
7810,18653,current,True
7811,42359,current,True
7812,37090,current,True
7813,20871,current,False
7814,35660,current,False
7815,48061,current,False
7816,51762,new,False
7817,89736,new,True
7818,91687,new,False
7819,65541,new,False
7820,55964,new,False
7821,23543,current,False
7822,76923,new,False
7823,32299,current,True
7824,93455,new,True
7825,76682,new,False
7826,17138,current,False
7827,53645,new,True
7828,24915,current,False
7829,59117,new,False
7830,77367,new,True
7831,44349,current,True
7832,29902,current,False
7833,72167,new,False
7834,45854,current,False
7835,58419,new,False
7836,47238,current,False
7837,59690,new,True
7838,40547,current,False
7839,83081,new,False
7840,29747,current,False
7841,22411,current,False
7842,39594,current,False
7843,14788,current,False
7844,52193,new,True
7845,75837,new,True
7846,82230,new,True
7847,47986,current,True
7848,92589,new,False
7849,10761,current,False
7850,53150,new,True
7851,17226,current,False
7852,11239,current,False
7853,37897,current,False
7854,10343,current,True
7855,94258,new,False
7856,31944,current,False
7857,63984,new,True
7858,17752,current,True
7859,93126,new,False
7860,70405,new,False
7861,33034,current,False
7862,19351,current,True
7863,41208,current,False
7864,46991,current,True
7865,36140,current,True
7866,27147,current,False
7867,43144,current,True
7868,38875,current,False
7869,79157,new,True
7870,67503,new,True
7871,63063,new,True
7872,11114,current,False
7873,93602,new,True
7874,20261,current,False
7875,59531,new,True
7876,52050,new,False
7877,69807,new,False
7878,30486,current,False
7879,22076,current,False
7880,20374,current,False
7881,31266,current,False
7882,80990,new,False
7883,74902,new,False
7884,93725,new,False
7885,32522,current,False
7886,45589,current,False
7887,46823,current,False
7888,25066,current,False
7889,23410,current,False
7890,91059,new,True
7891,74778,new,True
7892,60666,new,True
7893,42594,current,False
7894,20546,current,False
7895,64772,new,False
7896,49588,current,True
7897,86311,new,False
7898,69935,new,False
7899,76909,new,False
7900,20894,current,True
7901,47722,current,False
7902,27298,current,False
7903,81826,new,False
7904,53052,new,False
7905,26508,current,False
7906,90576,new,False
7907,34795,current,False
7908,59961,new,True
7909,99708,new,True
7910,27320,current,False
7911,61207,new,True
7912,47275,current,False
7913,54646,new,True
7914,41257,current,True
7915,48968,current,False
7916,84753,new,True
7917,66360,new,False
7918,44477,current,False
7919,12373,current,False
7920,36883,current,False
7921,27657,current,False
7922,21024,current,True
7923,15992,current,False
7924,89651,new,True
7925,67234,new,True
7926,65142,new,False
7927,58465,new,True
7928,90363,new,False
7929,43487,current,True
7930,68163,new,True
7931,36370,current,False
7932,89296,new,True
7933,98738,new,False
7934,15594,current,False
7935,17386,current,True
7936,97940,new,True
7937,69548,new,False
7938,85293,new,False
7939,53864,new,False
7940,40582,current,False
7941,27336,current,False
7942,45640,current,True
7943,36069,current,False
7944,90275,new,False
7945,88677,new,False
7946,57334,new,True
7947,43675,current,False
7948,42542,current,False
7949,63840,new,True
7950,26213,current,False
7951,14206,current,False
7952,93991,new,False
7953,40110,current,False
7954,14331,current,False
7955,68865,new,False
7956,33354,current,False
7957,41333,current,False
7958,92219,new,True
7959,61445,new,False
7960,45786,current,False
7961,92204,new,True
7962,13149,current,True
7963,77296,new,False
7964,92755,new,False
7965,27785,current,False
7966,86110,new,True
7967,12240,current,True
7968,48721,current,False
7969,76424,new,True
7970,65025,new,True
7971,24363,current,False
7972,21197,current,False
7973,20365,current,False
7974,63553,new,False
7975,58317,new,False
7976,13997,current,False
7977,27304,current,True
7978,46337,current,True
7979,73973,new,True
7980,22952,current,True
7981,10294,current,False
7982,91712,new,False
7983,41280,current,False
7984,45610,current,False
7985,84033,new,True
7986,60931,new,True
7987,73268,new,False
7988,81307,new,False
7989,63118,new,False
7990,69472,new,True
7991,71887,new,False
7992,41573,current,False
7993,99937,new,False
7994,98685,new,True
7995,94878,new,False
7996,28053,current,False
7997,30645,current,True
7998,43496,current,True
7999,35111,current,True
8000,57685,new,True
8001,20879,current,True
8002,49201,current,False
8003,58272,new,True
8004,43917,current,False
8005,74195,new,False
8006,30738,current,False
8007,80345,new,False
8008,58489,new,True
8009,21416,current,False
8010,46003,current,False
8011,68495,new,False
8012,21776,current,False
8013,71525,new,False
8014,46462,current,False
8015,50726,new,False
8016,94544,new,False
8017,24748,current,False
8018,44949,current,False
8019,97374,new,True
8020,14688,current,False
8021,65337,new,False
8022,22671,current,False
8023,79122,new,False
8024,90020,new,True
8025,37709,current,True
8026,34725,current,True
8027,26321,current,False
8028,82533,new,True
8029,35574,current,False
8030,41971,current,False
8031,22936,current,False
8032,83773,new,True
8033,24879,current,True
8034,58283,new,False
8035,29443,current,False
8036,39824,current,False
8037,51315,new,False
8038,79162,new,True
8039,47060,current,False
8040,51471,new,False
8041,11428,current,False
8042,29673,current,False
8043,67572,new,False
8044,60264,new,False
8045,93622,new,True
8046,28778,current,False
8047,53749,new,True
8048,14411,current,False
8049,46717,current,False
8050,42480,current,True
8051,55091,new,False
8052,36540,current,True
8053,99730,new,False
8054,59145,new,False
8055,31648,current,False
8056,61020,new,True
8057,77555,new,True
8058,65276,new,True
8059,79302,new,True
8060,74213,new,True
8061,39850,current,True
8062,92149,new,True
8063,57062,new,True
8064,51233,new,True
8065,70393,new,True
8066,24871,current,False
8067,47150,current,False
8068,31758,current,False
8069,24356,current,False
8070,17643,current,True
8071,43669,current,False
8072,33545,current,False
8073,19055,current,True
8074,97485,new,False
8075,71986,new,False
8076,45706,current,True
8077,76293,new,False
8078,84838,new,True
8079,82986,new,False
8080,24724,current,False
8081,11498,current,False
8082,81543,new,True
8083,62152,new,True
8084,92649,new,False
8085,20193,current,False
8086,63211,new,True
8087,97423,new,False
8088,24308,current,False
8089,24227,current,False
8090,14172,current,True
8091,31286,current,False
8092,32000,current,False
8093,30046,current,True
8094,32792,current,True
8095,77045,new,False
8096,29007,current,False
8097,75093,new,False
8098,61769,new,True
8099,25355,current,False
8100,60791,new,False
8101,74225,new,True
8102,35928,current,True
8103,29290,current,False
8104,46058,current,True
8105,58490,new,False
8106,18398,current,False
8107,70131,new,False
8108,40254,current,False
8109,99040,new,False
8110,79752,new,False
8111,47314,current,False
8112,73540,new,True
8113,34701,current,False
8114,39929,current,False
8115,45216,current,False
8116,98844,new,False
8117,37391,current,False
8118,36416,current,True
8119,14286,current,False
8120,14353,current,False
8121,86153,new,False
8122,37404,current,False
8123,76492,new,False
8124,65345,new,False
8125,28481,current,True
8126,81121,new,False
8127,63866,new,False
8128,48878,current,False
8129,69485,new,False
8130,31025,current,False
8131,79026,new,True
8132,63981,new,False
8133,36952,current,True
8134,40215,current,False
8135,93227,new,True
8136,35661,current,False
8137,22276,current,False
8138,29885,current,False
8139,81378,new,True
8140,43055,current,True
8141,79104,new,True
8142,87145,new,True
8143,16322,current,True
8144,99527,new,False
8145,98805,new,False
8146,84953,new,True
8147,47012,current,False
8148,50587,new,True
8149,16099,current,False
8150,49121,current,False
8151,40561,current,False
8152,17656,current,False
8153,57418,new,True
8154,10171,current,True
8155,27307,current,True
8156,85708,new,False
8157,50109,new,True
8158,87461,new,True
8159,54956,new,True
8160,68126,new,False
8161,27893,current,False
8162,67248,new,True
8163,41682,current,True
8164,11766,current,False
8165,10459,current,False
8166,88793,new,True
8167,75278,new,True
8168,44967,current,False
8169,19894,current,False
8170,82038,new,False
8171,76290,new,True
8172,58514,new,False
8173,94077,new,True
8174,86318,new,True
8175,77364,new,True
8176,61916,new,False
8177,74127,new,True
8178,45998,current,False
8179,86023,new,True
8180,78914,new,True
8181,93041,new,True
8182,65497,new,False
8183,65526,new,True
8184,14513,current,False
8185,39332,current,False
8186,24963,current,False
8187,71183,new,False
8188,81637,new,False
8189,34222,current,True
8190,41440,current,False
8191,62530,new,False
8192,26761,current,True
8193,97382,new,True
8194,41811,current,False
8195,81481,new,True
8196,59191,new,True
8197,20251,current,False
8198,95438,new,False
8199,96136,new,False
8200,86075,new,False
8201,73438,new,False
8202,60471,new,True
8203,12278,current,True
8204,27286,current,False
8205,40324,current,False
8206,84781,new,True
8207,78609,new,False
8208,48223,current,True
8209,28920,current,False
8210,60782,new,True
8211,48704,current,False
8212,41547,current,False
8213,65086,new,True
8214,83756,new,False
8215,44288,current,False
8216,23282,current,False
8217,28478,current,False
8218,23542,current,False
8219,96493,new,True
8220,48530,current,False
8221,58980,new,True
8222,45764,current,True
8223,36991,current,False
8224,87332,new,False
8225,90654,new,False
8226,82854,new,False
8227,74512,new,False
8228,63548,new,False
8229,62955,new,False
8230,37576,current,False
8231,44205,current,False
8232,21835,current,False
8233,54213,new,True
8234,52698,new,True
8235,38953,current,False
8236,13545,current,False
8237,85716,new,False
8238,28582,current,True
8239,91846,new,True
8240,51352,new,False
8241,19004,current,True
8242,10992,current,True
8243,91886,new,False
8244,69269,new,False
8245,70214,new,False
8246,92859,new,True
8247,14948,current,True
8248,27881,current,False
8249,91902,new,False
8250,82262,new,False
8251,13693,current,False
8252,57113,new,False
8253,25532,current,True
8254,64394,new,False
8255,32436,current,False
8256,56302,new,False
8257,91111,new,False
8258,92520,new,False
8259,14073,current,False
8260,39266,current,True
8261,40190,current,False
8262,44733,current,False
8263,94328,new,True
8264,83530,new,True
8265,20218,current,False
8266,21412,current,True
8267,43099,current,False
8268,74185,new,False
8269,98986,new,False
8270,82996,new,True
8271,28915,current,True
8272,82245,new,False
8273,37764,current,False
8274,26189,current,True
8275,42000,current,False
8276,31068,current,False
8277,84167,new,False
8278,29381,current,False
8279,45923,current,True
8280,18993,current,False
8281,65792,new,False
8282,14237,current,False
8283,17285,current,False
8284,36795,current,True
8285,75366,new,False
8286,77140,new,False
8287,31673,current,True
8288,71734,new,False
8289,36641,current,False
8290,39121,current,False
8291,71363,new,False
8292,28748,current,True
8293,11256,current,False
8294,65898,new,False
8295,72036,new,True
8296,25471,current,False
8297,11064,current,False
8298,17656,current,False
8299,59999,new,False
8300,33579,current,False
8301,46795,current,False
8302,59097,new,False
8303,72559,new,False
8304,37945,current,False
8305,35970,current,False
8306,84761,new,True
8307,44777,current,False
8308,38956,current,False
8309,32459,current,False
8310,35888,current,True
8311,98932,new,False
8312,37871,current,False
8313,67589,new,False
8314,59289,new,False
8315,30546,current,False
8316,35967,current,False
8317,83970,new,False
8318,11786,current,True
8319,94116,new,False
8320,79877,new,False
8321,38330,current,False
8322,28586,current,True
8323,61099,new,True
8324,77613,new,True
8325,54543,new,False
8326,22894,current,True
8327,22703,current,True
8328,63175,new,False
8329,47870,current,True
8330,33805,current,False
8331,28665,current,False
8332,74596,new,True
8333,16487,current,True
8334,22379,current,False
8335,66338,new,True
8336,46324,current,False
8337,17108,current,True
8338,49241,current,True
8339,35133,current,False
8340,40757,current,False
8341,17325,current,False
8342,90234,new,False
8343,19120,current,False
8344,39543,current,True
8345,70753,new,True
8346,34611,current,False
8347,79451,new,False
8348,24415,current,False
8349,73074,new,True
8350,68262,new,True
8351,50160,new,False
8352,64875,new,False
8353,48593,current,True
8354,26916,current,True
8355,95311,new,True
8356,92204,new,True
8357,92973,new,False
8358,22706,current,False
8359,90518,new,False
8360,77608,new,False
8361,17010,current,False
8362,34341,current,True
8363,18732,current,False
8364,97340,new,False
8365,88397,new,True
8366,65818,new,False
8367,89710,new,False
8368,90015,new,True
8369,96154,new,True
8370,80477,new,True
8371,22243,current,False
8372,35150,current,False
8373,11434,current,False
8374,85213,new,True
8375,35044,current,False
8376,52819,new,False
8377,51299,new,True
8378,42332,current,False
8379,14664,current,False
8380,86176,new,True
8381,34397,current,False
8382,83852,new,True
8383,34226,current,False
8384,92751,new,False
8385,66381,new,True
8386,30264,current,False
8387,35367,current,True
8388,65616,new,False
8389,16989,current,False
8390,19350,current,True
8391,68145,new,False
8392,95475,new,True
8393,60789,new,False
8394,10703,current,True
8395,29490,current,False
8396,11458,current,True
8397,68653,new,False
8398,21416,current,True
8399,76241,new,False
8400,60730,new,False
8401,93203,new,True
8402,23129,current,True
8403,81644,new,False
8404,69013,new,True
8405,65616,new,True
8406,93828,new,False
8407,74767,new,True
8408,46766,current,True
8409,21239,current,True
8410,85352,new,False
8411,20069,current,True
8412,67697,new,False
8413,52760,new,True
8414,78176,new,False
8415,71354,new,True
8416,84493,new,False
8417,64126,new,True
8418,61407,new,True
8419,22813,current,True
8420,56358,new,False
8421,74598,new,True
8422,81197,new,True
8423,28673,current,False
8424,47586,current,True
8425,18306,current,False
8426,47652,current,True
8427,49844,current,True
8428,27312,current,False
8429,99034,new,True
8430,68945,new,True
8431,78995,new,False
8432,43999,current,False
8433,31251,current,False
8434,23586,current,False
8435,32087,current,False
8436,27905,current,False
8437,29994,current,False
8438,27909,current,False
8439,72595,new,False
8440,43096,current,False
8441,72051,new,True
8442,40676,current,False
8443,56934,new,True
8444,22731,current,True
8445,22678,current,True
8446,57743,new,True
8447,43148,current,True
8448,79519,new,False
8449,20100,current,True
8450,36934,current,False
8451,68008,new,True
8452,99607,new,True
8453,32023,current,False
8454,40219,current,False
8455,43653,current,False
8456,56281,new,True
8457,91897,new,False
8458,11724,current,False
8459,14421,current,True
8460,55472,new,False
8461,29650,current,True
8462,16068,current,True
8463,65124,new,False
8464,35784,current,False
8465,87199,new,True
8466,64922,new,True
8467,11412,current,False
8468,98657,new,False
8469,20240,current,False
8470,66055,new,False
8471,54142,new,False
8472,55435,new,False
8473,11255,current,True
8474,15831,current,False
8475,28677,current,False
8476,85461,new,False
8477,14121,current,False
8478,61802,new,True
8479,28088,current,False
8480,27096,current,False
8481,21005,current,False
8482,33419,current,False
8483,35238,current,False
8484,56588,new,False
8485,26296,current,False
8486,23308,current,True
8487,16374,current,False
8488,75915,new,False
8489,34556,current,True
8490,41599,current,False
8491,65014,new,True
8492,58212,new,False
8493,57618,new,False
8494,45802,current,False
8495,15501,current,False
8496,63367,new,False
8497,59629,new,False
8498,96648,new,False
8499,25081,current,True
8500,52077,new,True
8501,17919,current,False
8502,17010,current,False
8503,46806,current,False
8504,23489,current,False
8505,56056,new,False
8506,67484,new,False
8507,66594,new,False
8508,83268,new,False
8509,27441,current,False
8510,28623,current,True
8511,85452,new,True
8512,79351,new,False
8513,21682,current,False
8514,94778,new,False
8515,29084,current,True
8516,42156,current,True
8517,58039,new,True
8518,16029,current,False
8519,20692,current,False
8520,21893,current,True
8521,66020,new,False
8522,90954,new,False
8523,29756,current,True
8524,52894,new,True
8525,26733,current,False
8526,90151,new,True
8527,72976,new,False
8528,24360,current,True
8529,55057,new,True
8530,88570,new,False
8531,11687,current,False
8532,31270,current,True
8533,69159,new,True
8534,85169,new,False
8535,70489,new,True
8536,93720,new,False
8537,90369,new,False
8538,36609,current,True
8539,40736,current,True
8540,12093,current,False
8541,13949,current,True
8542,47094,current,True
8543,76619,new,True
8544,15419,current,False
8545,34225,current,False
8546,50849,new,False
8547,47086,current,False
8548,88393,new,False
8549,78066,new,False
8550,49977,current,True
8551,35954,current,False
8552,29464,current,True
8553,72358,new,True
8554,86313,new,False
8555,53359,new,False
8556,21891,current,False
8557,73446,new,True
8558,48841,current,False
8559,89669,new,False
8560,45942,current,False
8561,59678,new,True
8562,76915,new,True
8563,71603,new,False
8564,91898,new,False
8565,68423,new,False
8566,62886,new,False
8567,45697,current,False
8568,95274,new,False
8569,20181,current,False
8570,43279,current,False
8571,17242,current,False
8572,28561,current,False
8573,54696,new,True
8574,47067,current,False
8575,72117,new,False
8576,54907,new,False
8577,98554,new,False
8578,92453,new,True
8579,71042,new,False
8580,78042,new,False
8581,17030,current,True
8582,63933,new,False
8583,51618,new,True
8584,21977,current,True
8585,11005,current,False
8586,39124,current,False
8587,24886,current,False
8588,41477,current,False
8589,14503,current,False
8590,24649,current,False
8591,24666,current,True
8592,65268,new,False
8593,45879,current,False
8594,40263,current,True
8595,73844,new,False
8596,75548,new,True
8597,42405,current,False
8598,70845,new,False
8599,60249,new,False
8600,81296,new,False
8601,88730,new,False
8602,23016,current,False
8603,59146,new,False
8604,88531,new,False
8605,61014,new,False
8606,71033,new,False
8607,15583,current,True
8608,74920,new,True
8609,40907,current,False
8610,40715,current,False
8611,18996,current,True
8612,12195,current,False
8613,44853,current,False
8614,45383,current,True
8615,72532,new,False
8616,58737,new,False
8617,49636,current,False
8618,84023,new,True
8619,53733,new,True
8620,36807,current,False
8621,12297,current,False
8622,23807,current,False
8623,42532,current,False
8624,24068,current,False
8625,74754,new,True
8626,82683,new,False
8627,37736,current,False
8628,71804,new,True
8629,57379,new,False
8630,12943,current,False
8631,16851,current,True
8632,91809,new,True
8633,24402,current,False
8634,27078,current,False
8635,93397,new,True
8636,72721,new,False
8637,55739,new,False
8638,34062,current,False
8639,72043,new,True
8640,31031,current,False
8641,13596,current,False
8642,20021,current,False
8643,20083,current,True
8644,71841,new,True
8645,57912,new,True
8646,34727,current,True
8647,48810,current,False
8648,92060,new,False
8649,26926,current,False
8650,19315,current,False
8651,84438,new,True
8652,99194,new,False
8653,55328,new,False
8654,11106,current,True
8655,37327,current,True
8656,32282,current,False
8657,34467,current,True
8658,13231,current,False
8659,54749,new,True
8660,47070,current,False
8661,99474,new,False
8662,25012,current,True
8663,17263,current,False
8664,44277,current,True
8665,74565,new,True
8666,10004,current,False
8667,58248,new,True
8668,96706,new,False
8669,51385,new,True
8670,99335,new,False
8671,49392,current,True
8672,19535,current,False
8673,75787,new,False
8674,42655,current,False
8675,33543,current,False
8676,44918,current,True
8677,60287,new,False
8678,79390,new,False
8679,90174,new,False
8680,50331,new,True
8681,68008,new,True
8682,66114,new,True
8683,62948,new,True
8684,41369,current,True
8685,46647,current,False
8686,51902,new,False
8687,95537,new,True
8688,27742,current,False
8689,39995,current,False
8690,69638,new,True
8691,48686,current,True
8692,20884,current,True
8693,53805,new,False
8694,43451,current,False
8695,65243,new,False
8696,72027,new,False
8697,84644,new,False
8698,43300,current,False
8699,16403,current,True
8700,53954,new,True
8701,43550,current,False
8702,82486,new,False
8703,16120,current,True
8704,94605,new,True
8705,16181,current,False
8706,81768,new,False
8707,72202,new,False
8708,56649,new,True
8709,97227,new,False
8710,40624,current,True
8711,85480,new,False
8712,97098,new,True
8713,55251,new,False
8714,17657,current,True
8715,42750,current,False
8716,64150,new,True
8717,36293,current,True
8718,42932,current,True
8719,43684,current,False
8720,10496,current,False
8721,68593,new,False
8722,49732,current,True
8723,98890,new,True
8724,69094,new,False
8725,10886,current,True
8726,12935,current,False
8727,40131,current,False
8728,65735,new,True
8729,66851,new,False
8730,48728,current,False
8731,10058,current,True
8732,28169,current,True
8733,33826,current,False
8734,29150,current,False
8735,15346,current,False
8736,61719,new,False
8737,13616,current,True
8738,79981,new,False
8739,51763,new,False
8740,74696,new,True
8741,68708,new,False
8742,53033,new,False
8743,32143,current,False
8744,34437,current,True
8745,12469,current,False
8746,99240,new,False
8747,22335,current,False
8748,15244,current,False
8749,56109,new,False
8750,42579,current,False
8751,15506,current,False
8752,11705,current,False
8753,92630,new,False
8754,52588,new,True
8755,14850,current,True
8756,35595,current,True
8757,52154,new,True
8758,61089,new,True
8759,37746,current,False
8760,25523,current,False
8761,57403,new,False
8762,29254,current,True
8763,14565,current,False
8764,22683,current,False
8765,21481,current,False
8766,83793,new,True
8767,93488,new,True
8768,85126,new,False
8769,99134,new,True
8770,48849,current,False
8771,43503,current,False
8772,61580,new,True
8773,66202,new,True
8774,86987,new,False
8775,18452,current,False
8776,77967,new,False
8777,88383,new,False
8778,60811,new,False
8779,84904,new,False
8780,20848,current,False
8781,46247,current,False
8782,37586,current,False
8783,43283,current,False
8784,64869,new,True
8785,44092,current,False
8786,16892,current,False
8787,63638,new,False
8788,49399,current,False
8789,57042,new,False
8790,50576,new,False
8791,22907,current,False
8792,41897,current,True
8793,17899,current,True
8794,72078,new,True
8795,87994,new,False
8796,30987,current,False
8797,34500,current,False
8798,16893,current,True
8799,15397,current,False
8800,14906,current,True
8801,11643,current,False
8802,21936,current,False
8803,24901,current,True
8804,44897,current,True
8805,31442,current,False
8806,79268,new,False
8807,44699,current,False
8808,78857,new,True
8809,71374,new,False
8810,17850,current,False
8811,82209,new,False
8812,70952,new,False
8813,86269,new,False
8814,25141,current,False
8815,14546,current,False
8816,85199,new,False
8817,43631,current,True
8818,16523,current,False
8819,47407,current,False
8820,15821,current,False
8821,32490,current,False
8822,51382,new,True
8823,91512,new,True
8824,75653,new,False
8825,62360,new,False
8826,97270,new,True
8827,39021,current,True
8828,48166,current,False
8829,50264,new,True
8830,52102,new,False
8831,87599,new,True
8832,20356,current,True
8833,35309,current,True
8834,60221,new,False
8835,12038,current,False
8836,92794,new,False
8837,71983,new,True
8838,34123,current,False
8839,92537,new,False
8840,68720,new,False
8841,48248,current,True
8842,92607,new,True
8843,73161,new,False
8844,40622,current,True
8845,26484,current,False
8846,22887,current,False
8847,48092,current,False
8848,25454,current,False
8849,97160,new,True
8850,74767,new,False
8851,90129,new,False
8852,67168,new,True
8853,93772,new,False
8854,44732,current,False
8855,93734,new,True
8856,98150,new,False
8857,59941,new,False
8858,63062,new,False
8859,52550,new,False
8860,37129,current,False
8861,89421,new,False
8862,46401,current,False
8863,60996,new,False
8864,63758,new,True
8865,57791,new,False
8866,26360,current,True
8867,98634,new,False
8868,38893,current,False
8869,29307,current,True
8870,14507,current,False
8871,60332,new,True
8872,63772,new,False
8873,88263,new,True
8874,74230,new,False
8875,52529,new,False
8876,84771,new,False
8877,72049,new,False
8878,80379,new,True
8879,74634,new,False
8880,69401,new,False
8881,34131,current,False
8882,57515,new,False
8883,62544,new,False
8884,30182,current,False
8885,62174,new,False
8886,90535,new,False
8887,63190,new,False
8888,56919,new,False
8889,40771,current,True
8890,74701,new,True
8891,89712,new,False
8892,35766,current,False
8893,61841,new,True
8894,57295,new,True
8895,43107,current,False
8896,83932,new,True
8897,43930,current,False
8898,55381,new,True
8899,20641,current,False
8900,95580,new,True
8901,12996,current,False
8902,72756,new,False
8903,69813,new,False
8904,73926,new,True
8905,93450,new,False
8906,68327,new,False
8907,50121,new,True
8908,85751,new,False
8909,99808,new,True
8910,85595,new,False
8911,37218,current,False
8912,86548,new,False
8913,11836,current,False
8914,78195,new,True
8915,31572,current,True
8916,92375,new,False
8917,85523,new,True
8918,31914,current,False
8919,19348,current,False
8920,83701,new,True
8921,23189,current,False
8922,95318,new,False
8923,84442,new,True
8924,23652,current,False
8925,73675,new,True
8926,60226,new,False
8927,27363,current,False
8928,45026,current,False
8929,10235,current,True
8930,80266,new,False
8931,46944,current,True
8932,74995,new,True
8933,60338,new,False
8934,32613,current,False
8935,41659,current,False
8936,62756,new,False
8937,49930,current,False
8938,12628,current,False
8939,80946,new,True
8940,13683,current,True
8941,11391,current,False
8942,96240,new,True
8943,21719,current,False
8944,36758,current,False
8945,71515,new,False
8946,59445,new,False
8947,49005,current,False
8948,19426,current,False
8949,46209,current,True
8950,76510,new,True
8951,34988,current,False
8952,97661,new,False
8953,68975,new,False
8954,42855,current,False
8955,58298,new,False
8956,43584,current,True
8957,11151,current,False
8958,24370,current,True
8959,13672,current,True
8960,19342,current,False
8961,74576,new,False
8962,71559,new,True
8963,61452,new,False
8964,58853,new,True
8965,36564,current,False
8966,55959,new,True
8967,15447,current,True
8968,22839,current,True
8969,34834,current,True
8970,98548,new,False
8971,64014,new,True
8972,25614,current,True
8973,86519,new,False
8974,13057,current,True
8975,16174,current,False
8976,71205,new,True
8977,47873,current,False
8978,20650,current,True
8979,28344,current,False
8980,50747,new,False
8981,15941,current,True
8982,92300,new,True
8983,34982,current,False
8984,45549,current,True
8985,44960,current,True
8986,90854,new,True
8987,58841,new,False
8988,73663,new,False
8989,50497,new,True
8990,28352,current,False
8991,34437,current,True
8992,31400,current,False
8993,38437,current,False
8994,46842,current,True
8995,88265,new,False
8996,87783,new,True
8997,77250,new,False
8998,87800,new,True
8999,87770,new,True
9000,45937,current,False
9001,97542,new,False
9002,35758,current,True
9003,14076,current,False
9004,41347,current,False
9005,29377,current,False
9006,80486,new,True
9007,66566,new,False
9008,80662,new,False
9009,81082,new,True
9010,82310,new,False
9011,40941,current,True
9012,72394,new,False
9013,22546,current,False
9014,81624,new,True
9015,94431,new,True
9016,64604,new,False
9017,28184,current,True
9018,49930,current,False
9019,19554,current,True
9020,67134,new,True
9021,23884,current,True
9022,41979,current,False
9023,92179,new,False
9024,40225,current,False
9025,56220,new,True
9026,96073,new,False
9027,44043,current,False
9028,19413,current,True
9029,57918,new,False
9030,98166,new,False
9031,51247,new,False
9032,67602,new,False
9033,29655,current,True
9034,38878,current,False
9035,26571,current,False
9036,12177,current,False
9037,16462,current,False
9038,35926,current,True
9039,74717,new,False
9040,26168,current,True
9041,19436,current,False
9042,78214,new,True
9043,10205,current,False
9044,60523,new,True
9045,29440,current,True
9046,90224,new,False
9047,25096,current,False
9048,81218,new,True
9049,49033,current,False
9050,93706,new,False
9051,57946,new,False
9052,61454,new,False
9053,37504,current,False
9054,87323,new,True
9055,96599,new,False
9056,60236,new,True
9057,24202,current,False
9058,48361,current,True
9059,63010,new,False
9060,79004,new,False
9061,23250,current,True
9062,23899,current,False
9063,54374,new,False
9064,79060,new,True
9065,26649,current,True
9066,98753,new,True
9067,42351,current,True
9068,56669,new,False
9069,65262,new,False
9070,52045,new,True
9071,78825,new,True
9072,25383,current,False
9073,47584,current,False
9074,97356,new,False
9075,65207,new,False
9076,59713,new,True
9077,49181,current,True
9078,33553,current,False
9079,48303,current,False
9080,90462,new,False
9081,35263,current,False
9082,51122,new,False
9083,80342,new,False
9084,48485,current,False
9085,37414,current,False
9086,23169,current,False
9087,68642,new,False
9088,25103,current,True
9089,33033,current,True
9090,16748,current,False
9091,18810,current,False
9092,16949,current,False
9093,58833,new,False
9094,61252,new,True
9095,14243,current,False
9096,67137,new,True
9097,88901,new,False
9098,51239,new,True
9099,48615,current,False
9100,46039,current,False
9101,12395,current,False
9102,71326,new,False
9103,10301,current,False
9104,38543,current,False
9105,85529,new,True
9106,94699,new,True
9107,41768,current,True
9108,40896,current,False
9109,44467,current,True
9110,91997,new,True
9111,15434,current,False
9112,13398,current,True
9113,54688,new,False
9114,19136,current,False
9115,12912,current,False
9116,19407,current,False
9117,10412,current,False
9118,52188,new,True
9119,82504,new,False
9120,80142,new,True
9121,13834,current,False
9122,73162,new,True
9123,95293,new,False
9124,45380,current,False
9125,82844,new,False
9126,50732,new,False
9127,38062,current,False
9128,18901,current,False
9129,60069,new,True
9130,95979,new,True
9131,46075,current,False
9132,30413,current,False
9133,41188,current,False
9134,40400,current,False
9135,85164,new,True
9136,80756,new,True
9137,23573,current,False
9138,44722,current,True
9139,30950,current,False
9140,92026,new,True
9141,32281,current,False
9142,72824,new,False
9143,69357,new,True
9144,54125,new,False
9145,55074,new,False
9146,90427,new,True
9147,14383,current,True
9148,74033,new,False
9149,52445,new,False
9150,41215,current,False
9151,34781,current,False
9152,51426,new,False
9153,35561,current,False
9154,86723,new,False
9155,34608,current,False
9156,11306,current,False
9157,20796,current,False
9158,25490,current,True
9159,37297,current,False
9160,34863,current,False
9161,47213,current,False
9162,77479,new,True
9163,50370,new,True
9164,35331,current,False
9165,77095,new,False
9166,70557,new,True
9167,69434,new,True
9168,32374,current,False
9169,35167,current,True
9170,86407,new,True
9171,60353,new,False
9172,48680,current,True
9173,27854,current,True
9174,48315,current,False
9175,92096,new,True
9176,65418,new,True
9177,23371,current,False
9178,48968,current,False
9179,32944,current,True
9180,78280,new,False
9181,65236,new,False
9182,34276,current,False
9183,59252,new,True
9184,85948,new,True
9185,92306,new,False
9186,33710,current,True
9187,72173,new,False
9188,43775,current,True
9189,71364,new,True
9190,79990,new,False
9191,41059,current,False
9192,63118,new,False
9193,55171,new,True
9194,16216,current,True
9195,74912,new,False
9196,15225,current,False
9197,50749,new,False
9198,30883,current,False
9199,33673,current,False
9200,64436,new,True
9201,18987,current,True
9202,44548,current,False
9203,12422,current,False
9204,11901,current,False
9205,29739,current,False
9206,54400,new,False
9207,49100,current,False
9208,30848,current,False
9209,35570,current,False
9210,77464,new,False
9211,97886,new,False
9212,63868,new,True
9213,16142,current,False
9214,72136,new,False
9215,34680,current,True
9216,73652,new,False
9217,85208,new,False
9218,99569,new,False
9219,88687,new,False
9220,52923,new,False
9221,54158,new,True
9222,55910,new,True
9223,73743,new,True
9224,42437,current,True
9225,27074,current,True
9226,83376,new,False
9227,38890,current,False
9228,99676,new,False
9229,32520,current,False
9230,11106,current,False
9231,35013,current,True
9232,95110,new,True
9233,80601,new,True
9234,32531,current,False
9235,26673,current,True
9236,66081,new,False
9237,17221,current,True
9238,88473,new,False
9239,60345,new,False
9240,95835,new,True
9241,52983,new,False
9242,53142,new,False
9243,36210,current,False
9244,97782,new,True
9245,18564,current,False
9246,68766,new,False
9247,50150,new,True
9248,28590,current,False
9249,83708,new,False
9250,35808,current,False
9251,29699,current,False
9252,22811,current,False
9253,45193,current,True
9254,24013,current,False
9255,33052,current,True
9256,37441,current,False
9257,35523,current,False
9258,81906,new,False
9259,31413,current,False
9260,80780,new,False
9261,94138,new,False
9262,17877,current,False
9263,30272,current,True
9264,84882,new,True
9265,13163,current,False
9266,73347,new,False
9267,91467,new,False
9268,87181,new,True
9269,16855,current,False
9270,30713,current,False
9271,82579,new,True
9272,10102,current,False
9273,18952,current,True
9274,39898,current,False
9275,49475,current,False
9276,75372,new,False
9277,14555,current,False
9278,43221,current,False
9279,93901,new,False
9280,55531,new,False
9281,17815,current,True
9282,67211,new,False
9283,76233,new,False
9284,21279,current,True
9285,55520,new,False
9286,64995,new,False
9287,60763,new,False
9288,88236,new,True
9289,38083,current,False
9290,34360,current,False
9291,43290,current,True
9292,63822,new,False
9293,35718,current,False
9294,98994,new,True
9295,28352,current,False
9296,95797,new,True
9297,61465,new,True
9298,52556,new,False
9299,24228,current,False
9300,79312,new,True
9301,56823,new,False
9302,76701,new,True
9303,97781,new,True
9304,40230,current,False
9305,67787,new,False
9306,26627,current,False
9307,23180,current,False
9308,47877,current,True
9309,87063,new,True
9310,43660,current,False
9311,68151,new,False
9312,97508,new,True
9313,21365,current,False
9314,46660,current,False
9315,72103,new,False
9316,76469,new,False
9317,81202,new,False
9318,24902,current,False
9319,48606,current,False
9320,10327,current,True
9321,61879,new,False
9322,48628,current,False
9323,76032,new,True
9324,99038,new,True
9325,97619,new,False
9326,63692,new,True
9327,71923,new,False
9328,85171,new,False
9329,88680,new,False
9330,40383,current,False
9331,14216,current,True
9332,74026,new,True
9333,27337,current,False
9334,79834,new,False
9335,41435,current,False
9336,92593,new,True
9337,39944,current,False
9338,99866,new,True
9339,49364,current,False
9340,14494,current,False
9341,41086,current,False
9342,12527,current,False
9343,69715,new,False
9344,64343,new,False
9345,96812,new,True
9346,52158,new,True
9347,17891,current,True
9348,93177,new,False
9349,91563,new,True
9350,89794,new,True
9351,99576,new,False
9352,76011,new,True
9353,12168,current,False
9354,77014,new,True
9355,31515,current,True
9356,36101,current,False
9357,97588,new,True
9358,42149,current,False
9359,94643,new,False
9360,72727,new,False
9361,52473,new,True
9362,32128,current,True
9363,90508,new,False
9364,70569,new,False
9365,24153,current,False
9366,99780,new,False
9367,29038,current,False
9368,50993,new,True
9369,98902,new,False
9370,48337,current,True
9371,68520,new,True
9372,18575,current,False
9373,56638,new,True
9374,41621,current,False
9375,93872,new,False
9376,58328,new,True
9377,51767,new,True
9378,62866,new,False
9379,97436,new,True
9380,57011,new,False
9381,55448,new,False
9382,90205,new,True
9383,14402,current,False
9384,10160,current,False
9385,35651,current,False
9386,11594,current,False
9387,75831,new,True
9388,82230,new,False
9389,70837,new,False
9390,76506,new,False
9391,56856,new,False
9392,97210,new,False
9393,77256,new,False
9394,87263,new,True
9395,31505,current,False
9396,18354,current,False
9397,46033,current,False
9398,46926,current,True
9399,49838,current,False
9400,43759,current,True
9401,28335,current,False
9402,89183,new,False
9403,72135,new,False
9404,97818,new,False
9405,52446,new,False
9406,80801,new,False
9407,35824,current,True
9408,20091,current,True
9409,48382,current,True
9410,80981,new,False
9411,36019,current,True
9412,40164,current,False
9413,21005,current,False
9414,36641,current,False
9415,93352,new,False
9416,26289,current,False
9417,87110,new,True
9418,39023,current,False
9419,81084,new,False
9420,60845,new,True
9421,33185,current,False
9422,70848,new,True
9423,37540,current,False
9424,56658,new,False
9425,64276,new,True
9426,11556,current,False
9427,12866,current,False
9428,86385,new,True
9429,29331,current,True
9430,66950,new,True
9431,77527,new,False
9432,95970,new,False
9433,43547,current,False
9434,42501,current,True
9435,98952,new,False
9436,71857,new,False
9437,88235,new,False
9438,49840,current,False
9439,13100,current,False
9440,15764,current,False
9441,43420,current,False
9442,27611,current,True
9443,62361,new,False
9444,13647,current,True
9445,58373,new,False
9446,13597,current,True
9447,47353,current,False
9448,46528,current,True
9449,78130,new,False
9450,39135,current,False
9451,20924,current,False
9452,28620,current,False
9453,93736,new,False
9454,61991,new,False
9455,98408,new,True
9456,35255,current,True
9457,45215,current,False
9458,17291,current,False
9459,14213,current,False
9460,80765,new,False
9461,74409,new,True
9462,20792,current,False
9463,78288,new,False
9464,49644,current,False
9465,32510,current,False
9466,93375,new,False
9467,69723,new,False
9468,25242,current,False
9469,30357,current,False
9470,31575,current,True
9471,36782,current,False
9472,39787,current,True
9473,42348,current,True
9474,16373,current,False
9475,31107,current,False
9476,85244,new,True
9477,11042,current,True
9478,16710,current,False
9479,59225,new,True
9480,70568,new,True
9481,48925,current,False
9482,41114,current,False
9483,31044,current,False
9484,59500,new,False
9485,21631,current,True
9486,41633,current,True
9487,10218,current,False
9488,23585,current,False
9489,65606,new,False
9490,15097,current,True
9491,93827,new,True
9492,22539,current,False
9493,89482,new,True
9494,86559,new,False
9495,65935,new,False
9496,20047,current,True
9497,36203,current,False
9498,42549,current,False
9499,60365,new,False
9500,59933,new,True
9501,13521,current,False
9502,61230,new,True
9503,16664,current,True
9504,64168,new,False
9505,11028,current,False
9506,58265,new,True
9507,59382,new,False
9508,82148,new,True
9509,14706,current,False
9510,44782,current,False
9511,53348,new,False
9512,14558,current,True
9513,83114,new,True
9514,35393,current,True
9515,20692,current,False
9516,63792,new,False
9517,33093,current,False
9518,50916,new,True
9519,92119,new,True
9520,26445,current,False
9521,58619,new,False
9522,17886,current,False
9523,39093,current,False
9524,16559,current,False
9525,54372,new,False
9526,34629,current,True
9527,58133,new,True
9528,18063,current,False
9529,17062,current,False
9530,83145,new,True
9531,36587,current,False
9532,97285,new,True
9533,25200,current,True
9534,36034,current,False
9535,30732,current,False
9536,54525,new,True
9537,56661,new,False
9538,19815,current,False
9539,81772,new,False
9540,17017,current,False
9541,34952,current,False
9542,93266,new,True
9543,79831,new,False
9544,12091,current,False
9545,26657,current,False
9546,78329,new,False
9547,96483,new,False
9548,18500,current,True
9549,49161,current,True
9550,39765,current,True
9551,43652,current,False
9552,89716,new,True
9553,82143,new,True
9554,62177,new,False
9555,51672,new,False
9556,92049,new,True
9557,18597,current,True
9558,90504,new,True
9559,12479,current,True
9560,53924,new,True
9561,73141,new,True
9562,13716,current,False
9563,20153,current,False
9564,88715,new,False
9565,77643,new,False
9566,26714,current,True
9567,38447,current,False
9568,47764,current,False
9569,11194,current,False
9570,90220,new,True
9571,20054,current,False
9572,14531,current,False
9573,35938,current,True
9574,49413,current,False
9575,15687,current,False
9576,67617,new,False
9577,35703,current,False
9578,14722,current,True
9579,49306,current,True
9580,27717,current,False
9581,13172,current,True
9582,23696,current,False
9583,26053,current,False
9584,62631,new,True
9585,80501,new,False
9586,43635,current,False
9587,76215,new,True
9588,67999,new,True
9589,58487,new,False
9590,23657,current,False
9591,86706,new,False
9592,71004,new,True
9593,91414,new,False
9594,60044,new,False
9595,24041,current,False
9596,35535,current,True
9597,90915,new,True
9598,35058,current,False
9599,39218,current,False
9600,31998,current,False
9601,24915,current,False
9602,86710,new,True
9603,91768,new,True
9604,28817,current,True
9605,97675,new,False
9606,56496,new,False
9607,49778,current,True
9608,58495,new,False
9609,85039,new,False
9610,97536,new,False
9611,90126,new,False
9612,64124,new,False
9613,43688,current,False
9614,75771,new,False
9615,73450,new,False
9616,95667,new,True
9617,46101,current,False
9618,18242,current,False
9619,81005,new,False
9620,34627,current,True
9621,21916,current,False
9622,18923,current,False
9623,30784,current,False
9624,13049,current,True
9625,60558,new,True
9626,26431,current,False
9627,75251,new,False
9628,33083,current,False
9629,33967,current,False
9630,27413,current,False
9631,68665,new,True
9632,27672,current,False
9633,57969,new,True
9634,50423,new,False
9635,84803,new,True
9636,26622,current,False
9637,37635,current,False
9638,27340,current,False
9639,48063,current,False
9640,26969,current,False
9641,11593,current,True
9642,84237,new,False
9643,74971,new,True
9644,49675,current,False
9645,81625,new,False
9646,98791,new,False
9647,50446,new,True
9648,17897,current,False
9649,77659,new,True
9650,46738,current,False
9651,21500,current,True
9652,44299,current,True
9653,26323,current,False
9654,38791,current,False
9655,49072,current,True
9656,96903,new,True
9657,14769,current,True
9658,24094,current,True
9659,49768,current,False
9660,93676,new,False
9661,16958,current,False
9662,83537,new,True
9663,86038,new,True
9664,53124,new,False
9665,29000,current,False
9666,15212,current,True
9667,85627,new,True
9668,14474,current,True
9669,86271,new,True
9670,39143,current,False
9671,43533,current,False
9672,46579,current,True
9673,46743,current,False
9674,35751,current,False
9675,84456,new,False
9676,29181,current,False
9677,60293,new,True
9678,74861,new,True
9679,38333,current,False
9680,20715,current,False
9681,64865,new,True
9682,26394,current,False
9683,99993,new,False
9684,39895,current,False
9685,22970,current,True
9686,78175,new,False
9687,32639,current,False
9688,24513,current,False
9689,33624,current,False
9690,12917,current,False
9691,97724,new,False
9692,58838,new,False
9693,55017,new,True
9694,23259,current,False
9695,20798,current,False
9696,78612,new,True
9697,61903,new,False
9698,69944,new,True
9699,10364,current,False
9700,30342,current,False
9701,63592,new,False
9702,34542,current,True
9703,99839,new,False
9704,10185,current,False
9705,20383,current,False
9706,82481,new,True
9707,18227,current,False
9708,54930,new,True
9709,88189,new,True
9710,96121,new,True
9711,16200,current,False
9712,78646,new,False
9713,32365,current,False
9714,65513,new,True
9715,34079,current,False
9716,28568,current,False
9717,26293,current,False
9718,46523,current,False
9719,45098,current,True
9720,48280,current,False
9721,51582,new,False
9722,61580,new,True
9723,10465,current,False
9724,68602,new,False
9725,27130,current,False
9726,24498,current,True
9727,17282,current,False
9728,51523,new,True
9729,62987,new,False
9730,77929,new,False
9731,25526,current,True
9732,68857,new,False
9733,21636,current,False
9734,40243,current,False
9735,67515,new,True
9736,71995,new,False
9737,32909,current,False
9738,81797,new,True
9739,68602,new,True
9740,65638,new,False
9741,15477,current,True
9742,10785,current,False
9743,85059,new,False
9744,97488,new,True
9745,86237,new,True
9746,11579,current,False
9747,42673,current,True
9748,37712,current,False
9749,63840,new,False
9750,40578,current,False
9751,43113,current,False
9752,43698,current,False
9753,42837,current,False
9754,17625,current,True
9755,19161,current,False
9756,17578,current,True
9757,28664,current,False
9758,15807,current,True
9759,46153,current,False
9760,99036,new,False
9761,49243,current,False
9762,99760,new,True
9763,86986,new,False
9764,63970,new,True
9765,27913,current,True
9766,52615,new,True
9767,82710,new,True
9768,56483,new,True
9769,46239,current,False
9770,37686,current,False
9771,50428,new,True
9772,80668,new,True
9773,27218,current,False
9774,53284,new,False
9775,33104,current,False
9776,44443,current,True
9777,82535,new,False
9778,86984,new,True
9779,38436,current,True
9780,29548,current,False
9781,33343,current,False
9782,64174,new,False
9783,57261,new,False
9784,96251,new,True
9785,87802,new,True
9786,25338,current,False
9787,90198,new,False
9788,28565,current,True
9789,91205,new,True
9790,22977,current,False
9791,21600,current,True
9792,97201,new,True
9793,94461,new,True
9794,62461,new,False
9795,75210,new,False
9796,23232,current,False
9797,79970,new,False
9798,20315,current,False
9799,54993,new,True
9800,65433,new,False
9801,79006,new,True
9802,94881,new,False
9803,83917,new,False
9804,10158,current,False
9805,61145,new,False
9806,58299,new,True
9807,49441,current,False
9808,37600,current,True
9809,29962,current,False
9810,60930,new,False
9811,59442,new,False
9812,90650,new,False
9813,44784,current,False
9814,13031,current,True
9815,43115,current,False
9816,49989,current,False
9817,39062,current,False
9818,51096,new,False
9819,91502,new,False
9820,36575,current,False
9821,53213,new,False
9822,79645,new,True
9823,30194,current,False
9824,38315,current,False
9825,17170,current,False
9826,22188,current,False
9827,10305,current,False
9828,53974,new,True
9829,21622,current,False
9830,52011,new,True
9831,52295,new,False
9832,28534,current,False
9833,84455,new,True
9834,25153,current,False
9835,43378,current,False
9836,67380,new,False
9837,65575,new,False
9838,15677,current,True
9839,23838,current,False
9840,64900,new,False
9841,92542,new,False
9842,35300,current,True
9843,58420,new,False
9844,47976,current,False
9845,13173,current,False
9846,22363,current,False
9847,15818,current,True
9848,41296,current,False
9849,53159,new,False
9850,24876,current,False
9851,48751,current,True
9852,35168,current,False
9853,83166,new,False
9854,73959,new,False
9855,51226,new,False
9856,65319,new,False
9857,23266,current,False
9858,17209,current,False
9859,64285,new,True
9860,11558,current,True
9861,12185,current,False
9862,80572,new,False
9863,18082,current,False
9864,38971,current,True
9865,27881,current,False
9866,14833,current,True
9867,72324,new,False
9868,80146,new,False
9869,18586,current,True
9870,96448,new,False
9871,32015,current,True
9872,55698,new,False
9873,23369,current,False
9874,90593,new,True
9875,76964,new,True
9876,95985,new,True
9877,58319,new,False
9878,56258,new,False
9879,94177,new,True
9880,33178,current,False
9881,39543,current,False
9882,65454,new,False
9883,52744,new,True
9884,47179,current,False
9885,90025,new,True
9886,73126,new,False
9887,13190,current,False
9888,56674,new,False
9889,27349,current,False
9890,20029,current,False
9891,22311,current,False
9892,49927,current,False
9893,45063,current,False
9894,45907,current,False
9895,31646,current,True
9896,31113,current,False
9897,44270,current,True
9898,45803,current,False
9899,36789,current,True
9900,95366,new,False
9901,41037,current,False
9902,25227,current,False
9903,48930,current,False
9904,49093,current,False
9905,12872,current,False
9906,37872,current,False
9907,25232,current,False
9908,19623,current,False
9909,53515,new,True
9910,84451,new,False
9911,60716,new,True
9912,54548,new,False
9913,93762,new,False
9914,31224,current,True
9915,15433,current,True
9916,33055,current,False
9917,45656,current,False
9918,69729,new,True
9919,99954,new,False
9920,41646,current,False
9921,43947,current,False
9922,96224,new,False
9923,88367,new,False
9924,67169,new,True
9925,68394,new,True
9926,25413,current,False
9927,40002,current,True
9928,10396,current,False
9929,14056,current,False
9930,41574,current,False
9931,96026,new,False
9932,41833,current,False
9933,61138,new,True
9934,65605,new,False
9935,25759,current,False
9936,83961,new,True
9937,74920,new,True
9938,48969,current,True
9939,26756,current,False
9940,98094,new,False
9941,82916,new,False
9942,46636,current,False
9943,45062,current,True
9944,95406,new,True
9945,96759,new,True
9946,17675,current,False
9947,11529,current,False
9948,60311,new,False
9949,18375,current,False
9950,52214,new,False
9951,16397,current,False
9952,87089,new,False
9953,10732,current,True
9954,42553,current,False
9955,77302,new,False
9956,33566,current,False
9957,33064,current,True
9958,53244,new,False
9959,65670,new,False
9960,47439,current,False
9961,88544,new,False
9962,87360,new,True
9963,16487,current,False
9964,96342,new,False
9965,53555,new,True
9966,81101,new,True
9967,39187,current,True
9968,63163,new,False
9969,46762,current,False
9970,79955,new,False
9971,66080,new,False
9972,42045,current,False
9973,46972,current,False
9974,91269,new,True
9975,24393,current,False
9976,97658,new,True
9977,71509,new,False
9978,58411,new,False
9979,11053,current,True
9980,85573,new,False
9981,29978,current,False
9982,69805,new,True
9983,75944,new,False
9984,14229,current,False
9985,45774,current,True
9986,75607,new,True
9987,42160,current,False
9988,61027,new,True
9989,90047,new,False
9990,29058,current,True
9991,60713,new,False
9992,78697,new,False
9993,31818,current,False
9994,32858,current,False
9995,23713,current,False
9996,79002,new,True
9997,72279,new,True
9998,70912,new,False
9999,23285,current,True
10000,45679,current,False
10001,32491,current,False
10002,35027,current,False
10003,25004,current,True
10004,81197,new,False
10005,30159,current,False
10006,53135,new,True
10007,87528,new,False
10008,44929,current,False
10009,73314,new,True
10010,20112,current,True
10011,52351,new,False
10012,17245,current,True
10013,31131,current,False
10014,37827,current,False
10015,67918,new,False
10016,20906,current,False
10017,67928,new,True
10018,79972,new,False
10019,41658,current,False
10020,67146,new,True
10021,80304,new,True
10022,58449,new,True
10023,10575,current,False
10024,91117,new,False
10025,81885,new,True
10026,32222,current,True
10027,47881,current,False
10028,80012,new,False
10029,93529,new,True
10030,81412,new,False
10031,51384,new,True
10032,13904,current,False
10033,23790,current,True
10034,22334,current,False
10035,40135,current,False
10036,81221,new,True
10037,26199,current,False
10038,21837,current,False
10039,32330,current,False
10040,36738,current,True
10041,79964,new,True
10042,16321,current,False
10043,32213,current,False
10044,13942,current,False
10045,81018,new,False
10046,50370,new,False
10047,20622,current,False
10048,95080,new,True
10049,25099,current,True
10050,40278,current,False
10051,27989,current,False
10052,48830,current,False
10053,62075,new,False
10054,95562,new,False
10055,26222,current,False
10056,84665,new,True
10057,51034,new,False
10058,30909,current,False
10059,78701,new,False
10060,63954,new,False
10061,51155,new,True
10062,35636,current,False
10063,85270,new,False
10064,40435,current,False
10065,42808,current,False
10066,62027,new,True
10067,74595,new,True
10068,49285,current,False
10069,20175,current,False
10070,42408,current,False
10071,36599,current,True
10072,94359,new,True
10073,80019,new,True
10074,41593,current,False
10075,14647,current,False
10076,47334,current,True
10077,76166,new,False
10078,80709,new,False
10079,54385,new,False
10080,98977,new,False
10081,72992,new,False
10082,23452,current,False
10083,40427,current,False
10084,73814,new,False
10085,16434,current,False
10086,62499,new,False
10087,78475,new,False
10088,47243,current,False
10089,26802,current,True
10090,16185,current,False
10091,81004,new,True
10092,41472,current,False
10093,24072,current,False
10094,21453,current,True
10095,32083,current,False
10096,11844,current,False
10097,20944,current,True
10098,32867,current,False
10099,31368,current,False
10100,95989,new,False
10101,97229,new,True
10102,28539,current,True
10103,92566,new,False
10104,83057,new,True
10105,30931,current,False
10106,15965,current,False
10107,88890,new,False
10108,98617,new,True
10109,10344,current,False
10110,16165,current,False
10111,33871,current,False
10112,43388,current,False
10113,99407,new,True
10114,64760,new,False
10115,84276,new,False
10116,60223,new,True
10117,16792,current,True
10118,31415,current,False
10119,15531,current,False
10120,62241,new,True
10121,57023,new,True
10122,14466,current,False
10123,39146,current,False
10124,19838,current,False
10125,18311,current,True
10126,17616,current,True
10127,11127,current,False
10128,17956,current,True
10129,93093,new,False
10130,28250,current,True
10131,22391,current,False
10132,96724,new,False
10133,86742,new,False
10134,73808,new,False
10135,59705,new,True
10136,12893,current,False
10137,14745,current,False
10138,46920,current,True
10139,47649,current,False
10140,45285,current,False
10141,40508,current,False
10142,93514,new,True
10143,62590,new,False
10144,31186,current,True
10145,68406,new,True
10146,60183,new,True
10147,76637,new,False
10148,34527,current,False
10149,43596,current,False
10150,85357,new,True
10151,53523,new,False
10152,49791,current,True
10153,73308,new,True
10154,24745,current,False
10155,67416,new,True
10156,10596,current,False
10157,50533,new,True
10158,38325,current,False
10159,94421,new,False
10160,36616,current,False
10161,73207,new,True
10162,41194,current,False
10163,79206,new,False
10164,46505,current,True
10165,37102,current,True
10166,87063,new,True
10167,81369,new,True
10168,96395,new,False
10169,42816,current,True
10170,25966,current,False
10171,21443,current,False
10172,35113,current,True
10173,87757,new,True
10174,58756,new,False
10175,19867,current,True
10176,72868,new,True
10177,28113,current,False
10178,85882,new,False
10179,67082,new,True
10180,69236,new,True
10181,75740,new,False
10182,27378,current,False
10183,27211,current,False
10184,23853,current,False
10185,35607,current,False
10186,95870,new,False
10187,28934,current,False
10188,96828,new,True
10189,62385,new,False
10190,79128,new,False
10191,23864,current,False
10192,56699,new,True
10193,34311,current,True
10194,17803,current,False
10195,51996,new,True
10196,32365,current,False
10197,83739,new,False
10198,65735,new,True
10199,75807,new,True
10200,86862,new,False
10201,60175,new,False
10202,17650,current,False
10203,31586,current,False
10204,76941,new,False
10205,45810,current,True
10206,31188,current,False
10207,96649,new,False
10208,14155,current,False
10209,49693,current,True
10210,73505,new,False
10211,85692,new,True
10212,57776,new,False
10213,19324,current,True
10214,89866,new,False
10215,27416,current,True
10216,87946,new,True
10217,21513,current,False
10218,77028,new,True
10219,24151,current,False
10220,14046,current,False
10221,67661,new,True
10222,59156,new,True
10223,24109,current,False
10224,90092,new,True
10225,99571,new,False
10226,95954,new,False
10227,25516,current,False
10228,32621,current,False
10229,46698,current,True
10230,16778,current,False
10231,25686,current,False
10232,67165,new,True
10233,11137,current,False
10234,74192,new,False
10235,89556,new,True
10236,66502,new,False
10237,46151,current,True
10238,92746,new,True
10239,23619,current,True
10240,98413,new,True
10241,94355,new,False
10242,22395,current,True
10243,16394,current,False
10244,31256,current,False
10245,34887,current,False
10246,11663,current,False
10247,76728,new,False
10248,39325,current,False
10249,37112,current,True
10250,31698,current,False
10251,44875,current,False
10252,20731,current,True
10253,11929,current,False
10254,16950,current,True
10255,59816,new,True
10256,34841,current,True
10257,89545,new,False
10258,10755,current,True
10259,22072,current,False
10260,58073,new,True
10261,32485,current,True
10262,42439,current,False
10263,15021,current,True
10264,64859,new,False
10265,81312,new,False
10266,11605,current,True
10267,27411,current,False
10268,26152,current,False
10269,64840,new,False
10270,70202,new,True
10271,42668,current,True
10272,51341,new,True
10273,81007,new,False
10274,47990,current,True
10275,90778,new,False
10276,17835,current,True
10277,88964,new,False
10278,37296,current,True
10279,64381,new,True
10280,64150,new,True
10281,35039,current,True
10282,92931,new,True
10283,44565,current,False
10284,83144,new,False
10285,56436,new,False
10286,38665,current,False
10287,53731,new,True
10288,33980,current,False
10289,20798,current,False
10290,66366,new,False
10291,27165,current,False
10292,53221,new,False
10293,75269,new,False
10294,56548,new,False
10295,45305,current,True
10296,45050,current,True
10297,99778,new,True
10298,48545,current,False
10299,32747,current,False
10300,34577,current,True
10301,57245,new,True
10302,54488,new,False
10303,18634,current,False
10304,70792,new,True
10305,85424,new,False
10306,49868,current,False
10307,80408,new,True
10308,68751,new,False
10309,51249,new,False
10310,27412,current,False
10311,23853,current,False
10312,38679,current,False
10313,68202,new,False
10314,97425,new,True
10315,88813,new,False
10316,20312,current,False
10317,48568,current,False
10318,69876,new,False
10319,28636,current,False
10320,70892,new,False
10321,36824,current,False
10322,93924,new,True
10323,91976,new,False
10324,40503,current,False
10325,13461,current,False
10326,55606,new,False
10327,76536,new,False
10328,22906,current,False
10329,67063,new,False
10330,16121,current,False
10331,28113,current,False
10332,82609,new,False
10333,71190,new,True
10334,79687,new,False
10335,67874,new,True
10336,97502,new,True
10337,54218,new,True
10338,86426,new,True
10339,34336,current,False
10340,86162,new,False
10341,47570,current,False
10342,12087,current,True
10343,71570,new,False
10344,34651,current,False
10345,47520,current,False
10346,44045,current,False
10347,38664,current,False
10348,18414,current,True
10349,93659,new,True
10350,31941,current,False
10351,91642,new,True
10352,66365,new,False
10353,62059,new,True
10354,40365,current,False
10355,95063,new,False
10356,17318,current,False
10357,68806,new,True
10358,62677,new,False
10359,11259,current,False
10360,31743,current,False
10361,62326,new,True
10362,71064,new,False
10363,22540,current,False
10364,64406,new,False
10365,37190,current,False
10366,42887,current,False
10367,66857,new,False
10368,39046,current,False
10369,84507,new,False
10370,70349,new,True
10371,28170,current,True
10372,25984,current,False
10373,14981,current,True
10374,10466,current,False
10375,81625,new,True
10376,29057,current,False
10377,42119,current,False
10378,70875,new,True
10379,25819,current,True
10380,23315,current,False
10381,24652,current,False
10382,92398,new,True
10383,86898,new,False
10384,36235,current,True
10385,13191,current,False
10386,16110,current,False
10387,14434,current,False
10388,78182,new,False
10389,90852,new,False
10390,29823,current,False
10391,43813,current,False
10392,44766,current,False
10393,71737,new,True
10394,93264,new,True
10395,11314,current,False
10396,88903,new,True
10397,90443,new,True
10398,52435,new,True
10399,60403,new,True
10400,28466,current,False
10401,78629,new,True
10402,21286,current,False
10403,90779,new,True
10404,45274,current,False
10405,16195,current,True
10406,59675,new,True
10407,38654,current,False
10408,22713,current,True
10409,26247,current,False
10410,76455,new,False
10411,70732,new,False
10412,88418,new,False
10413,12883,current,False
10414,66121,new,False
10415,16791,current,False
10416,39430,current,False
10417,12385,current,False
10418,13551,current,False
10419,97686,new,False
10420,91452,new,True
10421,10532,current,False
10422,91475,new,True
10423,91907,new,False
10424,39105,current,True
10425,57939,new,False
10426,36486,current,True
10427,43561,current,False
10428,84480,new,False
10429,42603,current,False
10430,44026,current,False
10431,62517,new,True
10432,94729,new,False
10433,31641,current,False
10434,79264,new,False
10435,41140,current,False
10436,43651,current,False
10437,48710,current,False
10438,84101,new,False
10439,82027,new,False
10440,12835,current,False
10441,13201,current,True
10442,17269,current,True
10443,32291,current,False
10444,90533,new,True
10445,41328,current,False
10446,33196,current,False
10447,88989,new,True
10448,15564,current,False
10449,68752,new,False
10450,33873,current,False
10451,85127,new,True
10452,39287,current,False
10453,10268,current,True
10454,11689,current,False
10455,89688,new,False
10456,12143,current,False
10457,62430,new,True
10458,26062,current,False
10459,45062,current,True
10460,38170,current,True
10461,89080,new,True
10462,17070,current,False
10463,99577,new,False
10464,81344,new,True
10465,48909,current,True
10466,46093,current,True
10467,26554,current,False
10468,61849,new,False
10469,72009,new,False
10470,44938,current,True
10471,74292,new,False
10472,50222,new,False
10473,17004,current,False
10474,51190,new,True
10475,24764,current,False
10476,19709,current,False
10477,77484,new,True
10478,93370,new,True
10479,75540,new,True
10480,54719,new,True
10481,14318,current,False
10482,14794,current,False
10483,24051,current,False
10484,26089,current,False
10485,32058,current,False
10486,54131,new,True
10487,86707,new,False
10488,10515,current,False
10489,83397,new,True
10490,61460,new,False
10491,19667,current,True
10492,59005,new,False
10493,12180,current,False
10494,22519,current,True
10495,65173,new,False
10496,69306,new,True
10497,20520,current,False
10498,42361,current,False
10499,39189,current,False
10500,25471,current,False
10501,94693,new,True
10502,38576,current,False
10503,60722,new,True
10504,45472,current,False
10505,56825,new,True
10506,18300,current,False
10507,54298,new,False
10508,71241,new,True
10509,76415,new,True
10510,97593,new,True
10511,47627,current,False
10512,78347,new,True
10513,57623,new,True
10514,70089,new,False
10515,77206,new,False
10516,22330,current,False
10517,68123,new,False
10518,32607,current,True
10519,30320,current,False
10520,94702,new,True
10521,39617,current,False
10522,78652,new,False
10523,38384,current,False
10524,95701,new,True
10525,55347,new,False
10526,69690,new,False
10527,45645,current,True
10528,37750,current,True
10529,45169,current,False
10530,77627,new,True
10531,99929,new,False
10532,83492,new,False
10533,42058,current,False
10534,45908,current,False
10535,45812,current,False
10536,44842,current,False
10537,88046,new,False
10538,48456,current,False
10539,49478,current,False
10540,72415,new,False
10541,20130,current,False
10542,58819,new,True
10543,44530,current,True
10544,23889,current,False
10545,59359,new,False
10546,99535,new,False
10547,24683,current,True
10548,41113,current,False
10549,41047,current,True
10550,24209,current,False
10551,68182,new,False
10552,75876,new,False
10553,28720,current,False
10554,37129,current,True
10555,60214,new,True
10556,93665,new,True
10557,27078,current,True
10558,75979,new,False
10559,10817,current,False
10560,91353,new,True
10561,90323,new,True
10562,63036,new,True
10563,48523,current,False
10564,69912,new,True
10565,12162,current,True
10566,40742,current,True
10567,85800,new,True
10568,87306,new,False
10569,39324,current,True
10570,12453,current,False
10571,91853,new,False
10572,15587,current,False
10573,59793,new,False
10574,51892,new,False
10575,74320,new,False
10576,89647,new,False
10577,33764,current,False
10578,12569,current,False
10579,51311,new,False
10580,46419,current,False
10581,25018,current,False
10582,96517,new,True
10583,35698,current,False
10584,90434,new,True
10585,36684,current,True
10586,74157,new,True
10587,88868,new,False
10588,25588,current,False
10589,23677,current,False
10590,79290,new,False
10591,73445,new,True
10592,86846,new,True
10593,75366,new,False
10594,46656,current,False
10595,20485,current,True
10596,30577,current,False
10597,66356,new,False
10598,17406,current,False
10599,15672,current,False
10600,98018,new,False
10601,59885,new,False
10602,40256,current,True
10603,75162,new,True
10604,81495,new,False
10605,47093,current,True
10606,18810,current,True
10607,36737,current,False
10608,18997,current,False
10609,42763,current,False
10610,18324,current,False
10611,70184,new,False
10612,39622,current,True
10613,46686,current,True
10614,90792,new,False
10615,64284,new,True
10616,85304,new,False
10617,67067,new,True
10618,17743,current,False
10619,16290,current,False
10620,38839,current,False
10621,80791,new,False
10622,92727,new,True
10623,73690,new,False
10624,57043,new,True
10625,71887,new,True
10626,69601,new,True
10627,18764,current,False
10628,24564,current,False
10629,34945,current,False
10630,41485,current,False
10631,65326,new,True
10632,44243,current,False
10633,51197,new,True
10634,24428,current,True
10635,43937,current,False
10636,87477,new,True
10637,56652,new,False
10638,37472,current,True
10639,16645,current,False
10640,47694,current,True
10641,58330,new,False
10642,70152,new,False
10643,80285,new,False
10644,95669,new,False
10645,32474,current,False
10646,71322,new,False
10647,16838,current,True
10648,53695,new,False
10649,21308,current,False
10650,68369,new,True
10651,40501,current,False
10652,76099,new,True
10653,31589,current,True
10654,77496,new,True
10655,49187,current,False
10656,40684,current,False
10657,53593,new,True
10658,53557,new,False
10659,46652,current,False
10660,42830,current,False
10661,82158,new,True
10662,98977,new,False
10663,38124,current,False
10664,22224,current,True
10665,67106,new,False
10666,46723,current,False
10667,60136,new,False
10668,13904,current,False
10669,34097,current,False
10670,64943,new,False
10671,31178,current,True
10672,30631,current,True
10673,74507,new,True
10674,94407,new,False
10675,34747,current,True
10676,99202,new,True
10677,93109,new,False
10678,54378,new,False
10679,28228,current,False
10680,78331,new,False
10681,93939,new,False
10682,73426,new,False
10683,65572,new,False
10684,48104,current,False
10685,92501,new,True
10686,13809,current,True
10687,41996,current,False
10688,25592,current,False
10689,17759,current,False
10690,11178,current,False
10691,88545,new,True
10692,40412,current,True
10693,39674,current,False
10694,31367,current,False
10695,80803,new,True
10696,29926,current,False
10697,13713,current,False
10698,35361,current,True
10699,36419,current,False
10700,89565,new,False
10701,55118,new,False
10702,12856,current,False
10703,81098,new,True
10704,35767,current,False
10705,84029,new,False
10706,52469,new,True
10707,44660,current,False
10708,17740,current,False
10709,31035,current,False
10710,21418,current,True
10711,17932,current,False
10712,80777,new,False
10713,52996,new,False
10714,93121,new,False
10715,60710,new,False
10716,50775,new,False
10717,49255,current,False
10718,66446,new,True
10719,55911,new,False
10720,84428,new,False
10721,22594,current,False
10722,19842,current,False
10723,88443,new,True
10724,61571,new,True
10725,22749,current,True
10726,89366,new,True
10727,97467,new,False
10728,47789,current,False
10729,59528,new,False
10730,28706,current,False
10731,17341,current,False
10732,70165,new,False
10733,43065,current,False
10734,60499,new,True
10735,32029,current,True
10736,44662,current,False
10737,73275,new,False
10738,38276,current,True
10739,53795,new,False
10740,48907,current,False
10741,74083,new,False
10742,33430,current,True
10743,61472,new,False
10744,14353,current,True
10745,13987,current,True
10746,58475,new,True
10747,81084,new,True
10748,71140,new,False
10749,16058,current,False
10750,59717,new,False
10751,38537,current,False
10752,15516,current,False
10753,46182,current,True
10754,17256,current,False
10755,19648,current,False
10756,14604,current,True
10757,89560,new,True
10758,46359,current,False
10759,71476,new,True
10760,24852,current,False
10761,59518,new,False
10762,74401,new,False
10763,69051,new,False
10764,19990,current,False
10765,58651,new,True
10766,40135,current,False
10767,96997,new,True
10768,45006,current,True
10769,35105,current,False
10770,70001,new,True
10771,21685,current,True
10772,47004,current,False
10773,51154,new,True
10774,49597,current,True
10775,55614,new,False
10776,10412,current,False
10777,68428,new,True
10778,13532,current,False
10779,75478,new,True
10780,36817,current,False
10781,26958,current,True
10782,80451,new,False
10783,37223,current,False
10784,61962,new,False
10785,45273,current,False
10786,53938,new,False
10787,66363,new,False
10788,94550,new,True
10789,29024,current,True
10790,36824,current,True
10791,53276,new,True
10792,36304,current,False
10793,15686,current,False
10794,52830,new,True
10795,64666,new,True
10796,77171,new,True
10797,41481,current,False
10798,30114,current,False
10799,77112,new,True
10800,85652,new,True
10801,77986,new,True
10802,34226,current,True
10803,11777,current,True
10804,86555,new,False
10805,53475,new,False
10806,10966,current,True
10807,21724,current,True
10808,24155,current,False
10809,72835,new,False
10810,13777,current,False
10811,13512,current,True
10812,56194,new,True
10813,20496,current,False
10814,94230,new,True
10815,27648,current,True
10816,73518,new,True
10817,20494,current,False
10818,17554,current,False
10819,35719,current,False
10820,19331,current,False
10821,13423,current,False
10822,30129,current,True
10823,35854,current,False
10824,75851,new,False
10825,25494,current,False
10826,42634,current,False
10827,92444,new,True
10828,72538,new,False
10829,22790,current,False
10830,22903,current,True
10831,56024,new,False
10832,25095,current,False
10833,12645,current,False
10834,27223,current,False
10835,51154,new,True
10836,28830,current,False
10837,34035,current,False
10838,76668,new,True
10839,19992,current,False
10840,55783,new,True
10841,20677,current,False
10842,38169,current,False
10843,42031,current,False
10844,27488,current,True
10845,24976,current,False
10846,28391,current,False
10847,40733,current,False
10848,89162,new,False
10849,25178,current,False
10850,73162,new,True
10851,79737,new,True
10852,28270,current,False
10853,26683,current,False
10854,40871,current,False
10855,26959,current,False
10856,62028,new,True
10857,12590,current,True
10858,18450,current,True
10859,32981,current,False
10860,44120,current,False
10861,42590,current,False
10862,54616,new,False
10863,30688,current,False
10864,35956,current,False
10865,18503,current,False
10866,74988,new,True
10867,58945,new,True
10868,83759,new,True
10869,23957,current,False
10870,95877,new,True
10871,15276,current,False
10872,79490,new,False
10873,76080,new,False
10874,78369,new,True
10875,96483,new,True
10876,38467,current,False
10877,52234,new,False
10878,85057,new,False
10879,30958,current,False
10880,67856,new,True
10881,35111,current,False
10882,52009,new,True
10883,63495,new,True
10884,47931,current,False
10885,48196,current,True
10886,88202,new,True
10887,48470,current,False
10888,83381,new,True
10889,91908,new,True
10890,63306,new,True
10891,54564,new,True
10892,51076,new,False
10893,28727,current,True
10894,17300,current,True
10895,62215,new,False
10896,97023,new,True
10897,24282,current,False
10898,92001,new,True
10899,90959,new,False
10900,37861,current,False
10901,61112,new,False
10902,35251,current,False
10903,87002,new,True
10904,45622,current,False
10905,91360,new,False
10906,54780,new,False
10907,64532,new,True
10908,78187,new,True
10909,34927,current,True
10910,47630,current,False
10911,15851,current,True
10912,83296,new,True
10913,88949,new,True
10914,61926,new,True
10915,26584,current,False
10916,11511,current,True
10917,14669,current,False
10918,51950,new,False
10919,82725,new,False
10920,24920,current,False
10921,30753,current,False
10922,12710,current,True
10923,22945,current,False
10924,76134,new,True
10925,41612,current,False
10926,27189,current,False
10927,51631,new,True
10928,22645,current,False
10929,34482,current,False
10930,49687,current,False
10931,64728,new,False
10932,89305,new,False
10933,39012,current,False
10934,33493,current,False
10935,54243,new,True
10936,42377,current,False
10937,84923,new,True
10938,94126,new,True
10939,16420,current,False
10940,45396,current,False
10941,44339,current,True
10942,51326,new,True
10943,77482,new,False
10944,12800,current,False
10945,11357,current,True
10946,30825,current,False
10947,87748,new,True
10948,72574,new,True
10949,98133,new,False
10950,60556,new,False
10951,94845,new,False
10952,53767,new,False
10953,16279,current,False
10954,92138,new,True
10955,51743,new,False
10956,90861,new,True
10957,76332,new,True
10958,39783,current,False
10959,76983,new,False
10960,74179,new,False
10961,96165,new,False
10962,11277,current,True
10963,13800,current,False
10964,24496,current,True
10965,21690,current,True
10966,78226,new,False
10967,78110,new,True
10968,16594,current,False
10969,25831,current,False
10970,78513,new,False
10971,98328,new,True
10972,49576,current,True
10973,15614,current,True
10974,93349,new,True
10975,80393,new,True
10976,41984,current,True
10977,22497,current,True
10978,50595,new,False
10979,69251,new,False
10980,59966,new,False
10981,72353,new,True
10982,88030,new,True
10983,11632,current,True
10984,26517,current,False
10985,11963,current,False
10986,59986,new,False
10987,90905,new,True
10988,82740,new,True
10989,21852,current,False
10990,61980,new,False
10991,74185,new,False
10992,31378,current,False
10993,29719,current,False
10994,81308,new,True
10995,35528,current,True
10996,13582,current,False
10997,24744,current,True
10998,65661,new,True
10999,66933,new,False
11000,93404,new,True
11001,12288,current,True
11002,98537,new,False
11003,21701,current,False
11004,70727,new,True
11005,18242,current,False
11006,77634,new,True
11007,81687,new,False
11008,15920,current,False
11009,98093,new,False
11010,10476,current,False
11011,58114,new,True
11012,97601,new,False
11013,38328,current,False
11014,20434,current,False
11015,26086,current,False
11016,55918,new,False
11017,90077,new,False
11018,20347,current,False
11019,53753,new,True
11020,83208,new,False
11021,43418,current,False
11022,39071,current,False
11023,46224,current,False
11024,22335,current,False
11025,84041,new,True
11026,92260,new,False
11027,42372,current,False
11028,11808,current,False
11029,33154,current,False
11030,18116,current,False
11031,62901,new,True
11032,16725,current,False
11033,94115,new,False
11034,16516,current,False
11035,27617,current,False
11036,55340,new,True
11037,67055,new,True
11038,19450,current,False
11039,83738,new,False
11040,46063,current,False
11041,79870,new,False
11042,32916,current,False
11043,50636,new,False
11044,79730,new,False
11045,56501,new,True
11046,77524,new,False
11047,80163,new,True
11048,44722,current,False
11049,22804,current,True
11050,86152,new,True
11051,58403,new,True
11052,35113,current,True
11053,46261,current,False
11054,52883,new,True
11055,55941,new,False
11056,18279,current,True
11057,34016,current,True
11058,94711,new,True
11059,19631,current,True
11060,31023,current,False
11061,51565,new,True
11062,74715,new,True
11063,19634,current,False
11064,93532,new,False
11065,52402,new,False
11066,56725,new,False
11067,75897,new,False
11068,96160,new,True
11069,85356,new,False
11070,58188,new,True
11071,81449,new,True
11072,36645,current,False
11073,13691,current,True
11074,23014,current,False
11075,38413,current,False
11076,29597,current,False
11077,18044,current,False
11078,42562,current,False
11079,69735,new,False
11080,34400,current,False
11081,90980,new,False
11082,35760,current,True
11083,79577,new,True
11084,65105,new,True
11085,40392,current,False
11086,87454,new,True
11087,18942,current,True
11088,40786,current,False
11089,74546,new,True
11090,38837,current,False
11091,23316,current,False
11092,40090,current,False
11093,68302,new,True
11094,93096,new,False
11095,93558,new,False
11096,15942,current,False
11097,19652,current,False
11098,61186,new,True
11099,38201,current,False
11100,44729,current,True
11101,29975,current,False
11102,40024,current,False
11103,39263,current,False
11104,33282,current,True
11105,96193,new,False
11106,56225,new,False
11107,91152,new,True
11108,19280,current,False
11109,17518,current,False
11110,26420,current,False
11111,32545,current,False
11112,67750,new,True
11113,74336,new,True
11114,75032,new,True
11115,11500,current,False
11116,71283,new,False
11117,44133,current,False
11118,25647,current,False
11119,63308,new,True
11120,98106,new,False
11121,50775,new,False
11122,87184,new,True
11123,51623,new,True
11124,29537,current,True
11125,38109,current,True
11126,66594,new,True
11127,38356,current,True
11128,98662,new,False
11129,58195,new,True
11130,46185,current,False
11131,97559,new,False
11132,15292,current,False
11133,53636,new,True
11134,77006,new,False
11135,88238,new,False
11136,75994,new,False
11137,93934,new,False
11138,85969,new,False
11139,79840,new,False
11140,38486,current,False
11141,14762,current,False
11142,28920,current,True
11143,10997,current,True
11144,96122,new,False
11145,12128,current,False
11146,51225,new,False
11147,97295,new,False
11148,22796,current,False
11149,28643,current,False
11150,57320,new,False
11151,36897,current,False
11152,67534,new,False
11153,84914,new,True
11154,60476,new,True
11155,32604,current,False
11156,29790,current,False
11157,75902,new,True
11158,70001,new,False
11159,84087,new,False
11160,15299,current,False
11161,33833,current,False
11162,54853,new,True
11163,92052,new,True
11164,96377,new,True
11165,26424,current,False
11166,98973,new,True
11167,21943,current,True
11168,28264,current,False
11169,76111,new,True
11170,18399,current,False
11171,80068,new,False
11172,69872,new,True
11173,18073,current,True
11174,72508,new,False
11175,75741,new,True
11176,26275,current,False
11177,84230,new,True
11178,16371,current,False
11179,49269,current,True
11180,27260,current,False
11181,32089,current,True
11182,20963,current,False
11183,63438,new,True
11184,99227,new,False
11185,44430,current,False
11186,89677,new,True
11187,27582,current,True
11188,73374,new,True
11189,78528,new,True
11190,82109,new,True
11191,67373,new,False
11192,96618,new,False
11193,85751,new,False
11194,46760,current,True
11195,89034,new,True
11196,82692,new,False
11197,78986,new,True
11198,44422,current,False
11199,76367,new,False
11200,83944,new,True
11201,82395,new,False
11202,41105,current,True
11203,25682,current,False
11204,87040,new,True
11205,46448,current,False
11206,20175,current,False
11207,12274,current,False
11208,77502,new,False
11209,51791,new,True
11210,64981,new,False
11211,68906,new,False
11212,25722,current,True
11213,71668,new,False
11214,64539,new,False
11215,90123,new,True
11216,51936,new,False
11217,77206,new,True
11218,82455,new,False
11219,15825,current,False
11220,77888,new,True
11221,31409,current,False
11222,42275,current,False
11223,82030,new,True
11224,21193,current,False
11225,22184,current,False
11226,15580,current,False
11227,28611,current,False
11228,56757,new,False
11229,26434,current,False
11230,78834,new,False
11231,22355,current,False
11232,56311,new,True
11233,14002,current,True
11234,46530,current,True
11235,70494,new,True
11236,42626,current,False
11237,51631,new,False
11238,39883,current,True
11239,24876,current,False
11240,51818,new,False
11241,33301,current,False
11242,23460,current,False
11243,62495,new,False
11244,63029,new,True
11245,17586,current,True
11246,24881,current,False
11247,83281,new,True
11248,70243,new,True
11249,36113,current,True
11250,96333,new,False
11251,64947,new,False
11252,59042,new,True
11253,89723,new,True
11254,64150,new,False
11255,47675,current,False
11256,98282,new,False
11257,87179,new,True
11258,48686,current,True
11259,56058,new,True
11260,23096,current,False
11261,48618,current,True
11262,43135,current,True
11263,76002,new,True
11264,64219,new,True
11265,71701,new,True
11266,33146,current,False
11267,60436,new,True
11268,46957,current,False
11269,37161,current,False
11270,13685,current,True
11271,76076,new,False
11272,66697,new,False
11273,96228,new,True
11274,97476,new,False
11275,48121,current,False
11276,99769,new,True
11277,49960,current,True
11278,16583,current,False
11279,33105,current,False
11280,47888,current,True
11281,75884,new,True
11282,50608,new,True
11283,23285,current,True
11284,81541,new,True
11285,57940,new,False
11286,26823,current,False
11287,15022,current,False
11288,34621,current,True
11289,22860,current,False
11290,26196,current,True
11291,87428,new,False
11292,92108,new,False
11293,19924,current,False
11294,71552,new,True
11295,40597,current,False
11296,60494,new,False
11297,87071,new,False
11298,22157,current,False
11299,70464,new,False
11300,74031,new,True
11301,93689,new,False
11302,72910,new,False
11303,33734,current,True
11304,97345,new,False
11305,22916,current,False
11306,70848,new,False
11307,62099,new,True
11308,28694,current,False
11309,62007,new,False
11310,45972,current,False
11311,32587,current,True
11312,76940,new,False
11313,97079,new,False
11314,65037,new,True
11315,59058,new,True
11316,82507,new,True
11317,28416,current,False
11318,72016,new,True
11319,37604,current,True
11320,24449,current,True
11321,12265,current,False
11322,61008,new,False
11323,71558,new,False
11324,80619,new,False
11325,81197,new,False
11326,21297,current,True
11327,39502,current,False
11328,73875,new,False
11329,24823,current,False
11330,46978,current,True
11331,38029,current,False
11332,39238,current,True
11333,40661,current,True
11334,67710,new,False
11335,77142,new,False
11336,99055,new,True
11337,79387,new,True
11338,90995,new,False
11339,98429,new,True
11340,31967,current,False
11341,97588,new,False
11342,24655,current,False
11343,78112,new,False
11344,11913,current,False
11345,33019,current,False
11346,94253,new,False
11347,90059,new,False
11348,57090,new,False
11349,64747,new,True
11350,96360,new,True
11351,50504,new,True
11352,50700,new,True
11353,62175,new,False
11354,91902,new,False
11355,79319,new,False
11356,73602,new,True
11357,53960,new,False
11358,99662,new,False
11359,58763,new,True
11360,16902,current,False
11361,33192,current,False
11362,79789,new,False
11363,47885,current,True
11364,45882,current,False
11365,49119,current,True
11366,90984,new,True
11367,49296,current,False
11368,75026,new,True
11369,25871,current,False
11370,50164,new,False
11371,31088,current,False
11372,14543,current,False
11373,98151,new,False
11374,22069,current,False
11375,91831,new,True
11376,65446,new,True
11377,69169,new,False
11378,99202,new,False
11379,18736,current,False
11380,60456,new,True
11381,16138,current,False
11382,55168,new,False
11383,35344,current,True
11384,13292,current,False
11385,88224,new,False
11386,87072,new,True
11387,26034,current,False
11388,47722,current,True
11389,88174,new,True
11390,88227,new,True
11391,85522,new,False
11392,74996,new,True
11393,74317,new,True
11394,70042,new,False
11395,35261,current,False
11396,13879,current,False
11397,50950,new,True
11398,17640,current,False
11399,81669,new,False
11400,68133,new,True
11401,59544,new,False
11402,38744,current,False
11403,18752,current,False
11404,92770,new,True
11405,46619,current,True
11406,63008,new,True
11407,44561,current,False
11408,14526,current,True
11409,34903,current,False
11410,96325,new,True
11411,98005,new,False
11412,32056,current,True
11413,23625,current,False
11414,28933,current,True
11415,59695,new,False
11416,73451,new,True
11417,91607,new,True
11418,52902,new,False
11419,46152,current,False
11420,54900,new,False
11421,58049,new,False
11422,79016,new,False
11423,68666,new,True
11424,19166,current,False
11425,10594,current,False
11426,74326,new,False
11427,43354,current,False
11428,43846,current,False
11429,79446,new,True
11430,20845,current,False
11431,62827,new,True
11432,91112,new,True
11433,44927,current,False
11434,36239,current,False
11435,13321,current,False
11436,37275,current,False
11437,46102,current,False
11438,54514,new,False
11439,76439,new,False
11440,44955,current,True
11441,14668,current,False
11442,17523,current,True
11443,41605,current,True
11444,40021,current,False
11445,83155,new,True
11446,81788,new,False
11447,71456,new,True
11448,36878,current,False
11449,16364,current,True
11450,21461,current,False
11451,62120,new,False
11452,25920,current,True
11453,73529,new,True
11454,56758,new,False
11455,50664,new,False
11456,42731,current,False
11457,70243,new,False
11458,56799,new,False
11459,44742,current,False
11460,37600,current,False
11461,29651,current,False
11462,43647,current,False
11463,14004,current,False
11464,41819,current,False
11465,25897,current,False
11466,71590,new,True
11467,97554,new,True
11468,45642,current,True
11469,35760,current,True
11470,15749,current,False
11471,98820,new,True
11472,24848,current,False
11473,39522,current,True
11474,99712,new,False
11475,25394,current,False
11476,84600,new,True
11477,20131,current,False
11478,15912,current,False
11479,52898,new,True
11480,45657,current,False
11481,43260,current,False
11482,19720,current,False
11483,37778,current,False
11484,50951,new,True
11485,61951,new,True
11486,17676,current,False
11487,12121,current,False
11488,12882,current,False
11489,31605,current,True
11490,39559,current,True
11491,96396,new,True
11492,43041,current,True
11493,76968,new,False
11494,37694,current,False
11495,82811,new,True
11496,86811,new,True
11497,61316,new,False
11498,22438,current,False
11499,81047,new,True
11500,65659,new,False
11501,14855,current,False
11502,64275,new,False
11503,32947,current,True
11504,83249,new,True
11505,50313,new,False
11506,69350,new,False
11507,50497,new,False
11508,12652,current,False
11509,17673,current,True
11510,45742,current,False
11511,58568,new,True
11512,68694,new,False
11513,20448,current,False
11514,81322,new,False
11515,64695,new,False
11516,13421,current,False
11517,51159,new,True
11518,30680,current,False
11519,54554,new,True
11520,96599,new,False
11521,77846,new,False
11522,69131,new,False
11523,95296,new,False
11524,90004,new,False
11525,54276,new,True
11526,33789,current,False
11527,92224,new,True
11528,61368,new,False
11529,83985,new,True
11530,74733,new,False
11531,46991,current,True
11532,13119,current,False
11533,61950,new,False
11534,66635,new,False
11535,33817,current,False
11536,54720,new,False
11537,47163,current,False
11538,60457,new,False
11539,15030,current,False
11540,75778,new,False
11541,81248,new,True
11542,96413,new,False
11543,31512,current,False
11544,17621,current,False
11545,58509,new,True
11546,17597,current,False
11547,70255,new,True
11548,49122,current,True
11549,25974,current,True
11550,75813,new,False
11551,59571,new,True
11552,51273,new,True
11553,18063,current,True
11554,14211,current,True
11555,16140,current,True
11556,62615,new,True
11557,49911,current,False
11558,85806,new,True
11559,29917,current,False
11560,67610,new,False
11561,29063,current,False
11562,12025,current,False
11563,44231,current,False
11564,54575,new,True
11565,67525,new,False
11566,93547,new,True
11567,24508,current,True
11568,41806,current,False
11569,81363,new,True
11570,18800,current,False
11571,35731,current,True
11572,23893,current,False
11573,92798,new,True
11574,95166,new,True
11575,97945,new,False
11576,26907,current,False
11577,65014,new,True
11578,57468,new,True
11579,11012,current,False
11580,40296,current,False
11581,29840,current,True
11582,35072,current,False
11583,33338,current,True
11584,49548,current,False
11585,67087,new,False
11586,82966,new,True
11587,31160,current,False
11588,43405,current,True
11589,59088,new,True
11590,80645,new,True
11591,96195,new,True
11592,13641,current,False
11593,51553,new,False
11594,57065,new,False
11595,44598,current,False
11596,60025,new,True
11597,39067,current,True
11598,89035,new,False
11599,92723,new,True
11600,34603,current,False
11601,22402,current,True
11602,88950,new,True
11603,36597,current,False
11604,62306,new,False
11605,75913,new,True
11606,53385,new,False
11607,39479,current,False
11608,36134,current,False
11609,32842,current,False
11610,29861,current,True
11611,57063,new,True
11612,27402,current,False
11613,48991,current,False
11614,13009,current,True
11615,43880,current,False
11616,57290,new,True
11617,56908,new,False
11618,48776,current,False
11619,43017,current,False
11620,16800,current,False
11621,58508,new,False
11622,25718,current,False
11623,83383,new,False
11624,62235,new,False
11625,11472,current,False
11626,69147,new,False
11627,94638,new,True
11628,15201,current,False
11629,18630,current,False
11630,29438,current,True
11631,27903,current,False
11632,99457,new,False
11633,23990,current,False
11634,16731,current,False
11635,39023,current,False
11636,56647,new,True
11637,20518,current,True
11638,74711,new,False
11639,10066,current,False
11640,92444,new,False
11641,33022,current,False
11642,31267,current,False
11643,80697,new,False
11644,73680,new,True
11645,43498,current,True
11646,78214,new,True
11647,78656,new,True
11648,70270,new,True
11649,26019,current,True
11650,75568,new,False
11651,72932,new,False
11652,50544,new,True
11653,56376,new,True
11654,70755,new,True
11655,49084,current,False
11656,51748,new,False
11657,89232,new,True
11658,63539,new,False
11659,94218,new,True
11660,53271,new,False
11661,48184,current,False
11662,91069,new,True
11663,68395,new,True
11664,43125,current,False
11665,48006,current,True
11666,44789,current,False
11667,47929,current,False
11668,71656,new,False
11669,38354,current,False
11670,78795,new,True
11671,90440,new,True
11672,23728,current,False
11673,79276,new,False
11674,47242,current,False
11675,66515,new,True
11676,40334,current,False
11677,30201,current,False
11678,22368,current,False
11679,83799,new,True
11680,51885,new,True
11681,16872,current,False
11682,13703,current,True
11683,38520,current,False
11684,31190,current,False
11685,70605,new,False
11686,70593,new,True
11687,71583,new,False
11688,58710,new,False
11689,31114,current,False
11690,13054,current,False
11691,32028,current,False
11692,16560,current,False
11693,99773,new,True
11694,91189,new,False
11695,21526,current,False
11696,19434,current,True
11697,98598,new,True
11698,19221,current,False
11699,47576,current,False
11700,18168,current,False
11701,36305,current,False
11702,59272,new,False
11703,42827,current,False
11704,94914,new,True
11705,31664,current,True
11706,67717,new,True
11707,90896,new,False
11708,90158,new,True
11709,42885,current,False
11710,82244,new,False
11711,19117,current,True
11712,15353,current,False
11713,73578,new,False
11714,84114,new,True
11715,96168,new,True
11716,44067,current,False
11717,47274,current,False
11718,41230,current,True
11719,58511,new,False
11720,28225,current,False
11721,56167,new,False
11722,13529,current,False
11723,60421,new,True
11724,51613,new,False
11725,44457,current,False
11726,11960,current,False
11727,69481,new,False
11728,49710,current,True
11729,41328,current,False
11730,68114,new,True
11731,63846,new,True
11732,42233,current,False
11733,48410,current,False
11734,30667,current,False
11735,88382,new,True
11736,86140,new,False
11737,72721,new,False
11738,96184,new,True
11739,73061,new,True
11740,64125,new,False
11741,40103,current,True
11742,30233,current,False
11743,56346,new,True
11744,85591,new,False
11745,60417,new,False
11746,19332,current,True
11747,42220,current,False
11748,39242,current,False
11749,89567,new,True
11750,29227,current,False
11751,58573,new,False
11752,20932,current,False
11753,72197,new,True
11754,10739,current,True
11755,39601,current,False
11756,65680,new,False
11757,32260,current,False
11758,46699,current,False
11759,16594,current,True
11760,30853,current,False
11761,38014,current,False
11762,54578,new,True
11763,80777,new,False
11764,32073,current,False
11765,60827,new,True
11766,71071,new,False
11767,11054,current,False
11768,66412,new,True
11769,33715,current,True
11770,63925,new,False
11771,37110,current,True
11772,11775,current,False
11773,58703,new,False
11774,21937,current,True
11775,49681,current,False
11776,27453,current,False
11777,29468,current,False
11778,71259,new,False
11779,64234,new,True
11780,48431,current,False
11781,75608,new,False
11782,46350,current,True
11783,28261,current,False
11784,62360,new,True
11785,98327,new,True
11786,29856,current,False
11787,11660,current,False
11788,36889,current,False
11789,35199,current,False
11790,34217,current,True
11791,63688,new,True
11792,24324,current,False
11793,31325,current,True
11794,89037,new,True
11795,17346,current,False
11796,43038,current,False
11797,79093,new,True
11798,10121,current,False
11799,93911,new,False
11800,66596,new,True
11801,85874,new,False
11802,58242,new,False
11803,73974,new,True
11804,26348,current,True
11805,54965,new,True
11806,75700,new,False
11807,98581,new,False
11808,46883,current,True
11809,44156,current,False
11810,19467,current,False
11811,20958,current,True
11812,36795,current,True
11813,52404,new,True
11814,74805,new,False
11815,78467,new,False
11816,86274,new,True
11817,43323,current,False
11818,11863,current,False
11819,34036,current,False
11820,82286,new,True
11821,31446,current,False
11822,94556,new,True
11823,83230,new,False
11824,40628,current,False
11825,35306,current,True
11826,23147,current,False
11827,54042,new,False
11828,39401,current,False
11829,94344,new,False
11830,33490,current,False
11831,41473,current,False
11832,99785,new,False
11833,25414,current,False
11834,28565,current,True
11835,68261,new,False
11836,35857,current,True
11837,62405,new,False
11838,12436,current,True
11839,90486,new,True
11840,87563,new,False
11841,70960,new,True
11842,61710,new,True
11843,18200,current,True
11844,27439,current,False
11845,87608,new,False
11846,10084,current,False
11847,16011,current,True
11848,14468,current,False
11849,16450,current,False
11850,87879,new,False
11851,67396,new,True
11852,36548,current,True
11853,60433,new,False
11854,81721,new,False
11855,20073,current,True
11856,34511,current,False
11857,16096,current,False
11858,90568,new,True
11859,46172,current,True
11860,73292,new,True
11861,52330,new,True
11862,59779,new,False
11863,78134,new,False
11864,82478,new,False
11865,56849,new,True
11866,68903,new,True
11867,34449,current,False
11868,86133,new,True
11869,94400,new,True
11870,99517,new,True
11871,70954,new,True
11872,48756,current,False
11873,49732,current,False
11874,22529,current,False
11875,63635,new,False
11876,18922,current,False
11877,66345,new,False
11878,12517,current,False
11879,62352,new,False
11880,58692,new,False
11881,36044,current,False
11882,30110,current,True
11883,73561,new,True
11884,89756,new,False
11885,25382,current,True
11886,46508,current,False
11887,65281,new,True
11888,61652,new,True
11889,60183,new,False
11890,35767,current,False
11891,20024,current,False
11892,40173,current,False
11893,43968,current,True
11894,81313,new,True
11895,26145,current,False
11896,88994,new,False
11897,62661,new,True
11898,30050,current,False
11899,79850,new,False
11900,98640,new,False
11901,49087,current,True
11902,45239,current,True
11903,13288,current,False
11904,60823,new,True
11905,15029,current,False
11906,63469,new,False
11907,64983,new,False
11908,62171,new,False
11909,85892,new,True
11910,65108,new,True
11911,35586,current,True
11912,79160,new,False
11913,43539,current,False
11914,38637,current,False
11915,30045,current,False
11916,59884,new,False
11917,36582,current,False
11918,84551,new,False
11919,76679,new,False
11920,78762,new,True
11921,30221,current,False
11922,49564,current,False
11923,42921,current,True
11924,80161,new,False
11925,27956,current,False
11926,49146,current,False
11927,85626,new,False
11928,82419,new,True
11929,62044,new,True
11930,52550,new,True
11931,28019,current,False
11932,31993,current,True
11933,22626,current,True
11934,75452,new,True
11935,98065,new,False
11936,65639,new,True
11937,58183,new,False
11938,58576,new,True
11939,71074,new,True
11940,35330,current,False
11941,75774,new,False
11942,31820,current,False
11943,26074,current,False
11944,66786,new,True
11945,62373,new,False
11946,59963,new,False
11947,94048,new,False
11948,42497,current,False
11949,75911,new,False
11950,32155,current,False
11951,83928,new,True
11952,19650,current,False
11953,16143,current,False
11954,61481,new,False
11955,92939,new,True
11956,13160,current,True
11957,58429,new,False
11958,38772,current,False
11959,13796,current,True
11960,56248,new,True
11961,95099,new,False
11962,34454,current,True
11963,10492,current,True
11964,72634,new,True
11965,75435,new,False
11966,18235,current,False
11967,44805,current,True
11968,52580,new,False
11969,12806,current,True
11970,97301,new,True
11971,63883,new,False
11972,11922,current,False
11973,14026,current,False
11974,59304,new,True
11975,13541,current,False
11976,44287,current,False
11977,14592,current,False
11978,41483,current,False
11979,60563,new,False
11980,15995,current,True
11981,90534,new,False
11982,87643,new,False
11983,58249,new,False
11984,63551,new,False
11985,79693,new,True
11986,63445,new,True
11987,50388,new,True
11988,10844,current,True
11989,66747,new,True
11990,20456,current,True
11991,52924,new,True
11992,31760,current,False
11993,41153,current,False
11994,85557,new,True
11995,16004,current,False
11996,80125,new,False
11997,28108,current,False
11998,81797,new,False
11999,31601,current,False
12000,68417,new,True
12001,22623,current,True
12002,31236,current,False
12003,43381,current,True
12004,24721,current,False
12005,84442,new,False
12006,31108,current,True
12007,13236,current,False
12008,17235,current,True
12009,79322,new,False
12010,83592,new,True
12011,18211,current,False
12012,93477,new,False
12013,24494,current,False
12014,65870,new,True
12015,33143,current,False
12016,97637,new,False
12017,80444,new,True
12018,10778,current,True
12019,16819,current,False
12020,69654,new,False
12021,45731,current,False
12022,66913,new,False
12023,82840,new,True
12024,58010,new,True
12025,19290,current,True
12026,25339,current,False
12027,78659,new,False
12028,42891,current,False
12029,36816,current,False
12030,36346,current,False
12031,29359,current,False
12032,13772,current,False
12033,94532,new,True
12034,69382,new,True
12035,45556,current,False
12036,25643,current,False
12037,69833,new,False
12038,12018,current,False
12039,71672,new,False
12040,72117,new,True
12041,35929,current,True
12042,42595,current,False
12043,40735,current,True
12044,66877,new,True
12045,95057,new,False
12046,62236,new,True
12047,97672,new,True
12048,74269,new,True
12049,12688,current,True
12050,84961,new,False
12051,27847,current,False
12052,22269,current,False
12053,16859,current,False
12054,38063,current,False
12055,15494,current,False
12056,15373,current,False
12057,46413,current,False
12058,21079,current,False
12059,22674,current,False
12060,41559,current,False
12061,90559,new,False
12062,98859,new,False
12063,36467,current,True
12064,55826,new,True
12065,52889,new,False
12066,48662,current,False
12067,95044,new,False
12068,96167,new,False
12069,93876,new,True
12070,68832,new,True
12071,44226,current,False
12072,14770,current,False
12073,69146,new,False
12074,95413,new,True
12075,31007,current,False
12076,44501,current,True
12077,22604,current,True
12078,26836,current,False
12079,89026,new,True
12080,90837,new,False
12081,74933,new,True
12082,67124,new,False
12083,90482,new,False
12084,91545,new,False
12085,21051,current,False
12086,44617,current,False
12087,43432,current,False
12088,14563,current,True
12089,37053,current,False
12090,69366,new,True
12091,36787,current,True
12092,93344,new,False
12093,23469,current,False
12094,78392,new,False
12095,98620,new,False
12096,93695,new,True
12097,18008,current,False
12098,81548,new,True
12099,78955,new,False
12100,20531,current,False
12101,18678,current,False
12102,56755,new,False
12103,88729,new,False
12104,16045,current,False
12105,27742,current,False
12106,26386,current,False
12107,10654,current,False
12108,32139,current,True
12109,37856,current,False
12110,72155,new,False
12111,18403,current,True
12112,79448,new,True
12113,37474,current,True
12114,64964,new,False
12115,63937,new,False
12116,97628,new,True
12117,25792,current,True
12118,65354,new,True
12119,57160,new,True
12120,98250,new,True
12121,65398,new,False
12122,12167,current,False
12123,17680,current,False
12124,63053,new,True
12125,96200,new,False
12126,96895,new,False
12127,32292,current,False
12128,74345,new,False
12129,15726,current,True
12130,44373,current,False
12131,80881,new,True
12132,73066,new,True
12133,71570,new,False
12134,41909,current,False
12135,14745,current,False
12136,18289,current,True
12137,74408,new,False
12138,83545,new,True
12139,36694,current,False
12140,71590,new,True
12141,76118,new,True
12142,59539,new,True
12143,26403,current,False
12144,36851,current,True
12145,80261,new,True
12146,36787,current,False
12147,57549,new,False
12148,25944,current,False
12149,24302,current,False
12150,48624,current,True
12151,69610,new,False
12152,94383,new,False
12153,80272,new,False
12154,35532,current,False
12155,58050,new,True
12156,46694,current,True
12157,37321,current,False
12158,81064,new,False
12159,16928,current,False
12160,22536,current,False
12161,20036,current,False
12162,80798,new,False
12163,50582,new,True
12164,56891,new,False
12165,33945,current,False
12166,35712,current,False
12167,61604,new,True
12168,61936,new,True
12169,86916,new,False
12170,65473,new,True
12171,63746,new,False
12172,32265,current,False
12173,33649,current,True
12174,80273,new,False
12175,92415,new,True
12176,78306,new,False
12177,62207,new,False
12178,74596,new,False
12179,35077,current,False
12180,12872,current,False
12181,38500,current,False
12182,70989,new,False
12183,10482,current,False
12184,23171,current,False
12185,71622,new,False
12186,85887,new,False
12187,16286,current,False
12188,24194,current,False
12189,66683,new,True
12190,64666,new,False
12191,94239,new,False
12192,44687,current,False
12193,74324,new,True
12194,40417,current,False
12195,82810,new,False
12196,67107,new,True
12197,66934,new,True
12198,34823,current,False
12199,56743,new,True
12200,90801,new,True
12201,57107,new,True
12202,48545,current,False
12203,29552,current,False
12204,31046,current,False
12205,83721,new,True
12206,97241,new,True
12207,14285,current,False
12208,81590,new,False
12209,77294,new,True
12210,30102,current,False
12211,96176,new,True
12212,14755,current,False
12213,11066,current,True
12214,47147,current,False
12215,95065,new,False
12216,87828,new,False
12217,96648,new,False
12218,30484,current,False
12219,83805,new,True
12220,95354,new,False
12221,37550,current,False
12222,87799,new,False
12223,41101,current,True
12224,43178,current,False
12225,29837,current,False
12226,87833,new,True
12227,87186,new,False
12228,13469,current,False
12229,83180,new,True
12230,58546,new,True
12231,31230,current,False
12232,36301,current,False
12233,42752,current,False
12234,59967,new,True
12235,92803,new,False
12236,95556,new,True
12237,82439,new,True
12238,80474,new,True
12239,74063,new,False
12240,87859,new,False
12241,51256,new,False
12242,82696,new,False
12243,19718,current,True
12244,72400,new,False
12245,18918,current,False
12246,21241,current,False
12247,68738,new,False
12248,21185,current,False
12249,91669,new,True
12250,42774,current,True
12251,27377,current,True
12252,36780,current,False
12253,68033,new,True
12254,71037,new,False
12255,81827,new,False
12256,41239,current,False
12257,25647,current,True
12258,65726,new,True
12259,57624,new,True
12260,23821,current,True
12261,33156,current,False
12262,79368,new,False
12263,33354,current,True
12264,14245,current,False
12265,28924,current,True
12266,39974,current,False
12267,52322,new,False
12268,74696,new,False
12269,41839,current,False
12270,20568,current,False
12271,23015,current,False
12272,70689,new,False
12273,81824,new,True
12274,66381,new,True
12275,33353,current,False
12276,12956,current,False
12277,16065,current,True
12278,25265,current,False
12279,83839,new,False
12280,19335,current,True
12281,50044,new,False
12282,88806,new,True
12283,45537,current,True
12284,29041,current,False
12285,35728,current,False
12286,39436,current,False
12287,31572,current,False
12288,69428,new,False
12289,11476,current,False
12290,18610,current,False
12291,68143,new,False
12292,72821,new,True
12293,71914,new,True
12294,75339,new,False
12295,35178,current,False
12296,37112,current,False
12297,28060,current,True
12298,29172,current,False
12299,41436,current,False
12300,18038,current,False
12301,60038,new,False
12302,54690,new,False
12303,29954,current,False
12304,81906,new,True
12305,35844,current,False
12306,41499,current,False
12307,34081,current,False
12308,29338,current,False
12309,22227,current,False
12310,68347,new,False
12311,86593,new,True
12312,70584,new,False
12313,75373,new,False
12314,70802,new,False
12315,46909,current,False
12316,17861,current,True
12317,59795,new,True
12318,58831,new,True
12319,49766,current,True
12320,24275,current,False
12321,60304,new,False
12322,20091,current,False
12323,42448,current,False
12324,59789,new,True
12325,15901,current,True
12326,40264,current,False
12327,70159,new,False
12328,94279,new,False
12329,99116,new,False
12330,87802,new,False
12331,88324,new,False
12332,48574,current,False
12333,69550,new,True
12334,82702,new,False
12335,90231,new,False
12336,33791,current,True
12337,57233,new,True
12338,20203,current,True
12339,13196,current,False
12340,39892,current,False
12341,10695,current,False
12342,19170,current,False
12343,42685,current,False
12344,65938,new,False
12345,41912,current,False
12346,49599,current,False
12347,35534,current,False
12348,43718,current,False
12349,12493,current,True
12350,22627,current,True
12351,18236,current,True
12352,22415,current,True
12353,15601,current,False
12354,40786,current,False
12355,84312,new,False
12356,32611,current,False
12357,11761,current,False
12358,19858,current,False
12359,21660,current,True
12360,35373,current,True
12361,44179,current,False
12362,33673,current,False
12363,95829,new,True
12364,30369,current,False
12365,48293,current,True
12366,36614,current,False
12367,77093,new,True
12368,11363,current,False
12369,53315,new,True
12370,30091,current,False
12371,94487,new,False
12372,41828,current,True
12373,43843,current,True
12374,51248,new,True
12375,90300,new,False
12376,67876,new,True
12377,24200,current,False
12378,25382,current,False
12379,45413,current,False
12380,33824,current,True
12381,68556,new,True
12382,23837,current,False
12383,14153,current,False
12384,39768,current,True
12385,31019,current,True
12386,20060,current,True
12387,87642,new,False
12388,74754,new,True
12389,99279,new,True
12390,73244,new,False
12391,45332,current,True
12392,11779,current,True
12393,75386,new,False
12394,68433,new,False
12395,98054,new,True
12396,40086,current,False
12397,25617,current,True
12398,94102,new,False
12399,76777,new,False
12400,58100,new,True
12401,46000,current,True
12402,54091,new,False
12403,14365,current,True
12404,91620,new,False
12405,94643,new,True
12406,54659,new,False
12407,47482,current,False
12408,99823,new,False
12409,50765,new,False
12410,59889,new,True
12411,87997,new,True
12412,78440,new,False
12413,34406,current,False
12414,18879,current,False
12415,84193,new,False
12416,85310,new,False
12417,10229,current,False
12418,44165,current,False
12419,43770,current,False
12420,91867,new,True
12421,43766,current,False
12422,39635,current,True
12423,70124,new,True
12424,81855,new,True
12425,56607,new,False
12426,40456,current,False
12427,66846,new,False
12428,92304,new,False
12429,19179,current,True
12430,90588,new,True
12431,58642,new,True
12432,35427,current,False
12433,42441,current,False
12434,31899,current,False
12435,49912,current,False
12436,54351,new,True
12437,13032,current,True
12438,11561,current,False
12439,64784,new,False
12440,87046,new,True
12441,31888,current,True
12442,30076,current,False
12443,30835,current,False
12444,52375,new,False
12445,12105,current,True
12446,98909,new,True
12447,87698,new,True
12448,86316,new,False
12449,17303,current,True
12450,38725,current,False
12451,37837,current,False
12452,42192,current,False
12453,83005,new,False
12454,88686,new,False
12455,43900,current,False
12456,42344,current,False
12457,70444,new,True
12458,40676,current,True
12459,94448,new,False
12460,71844,new,False
12461,73178,new,False
12462,44854,current,False
12463,97254,new,False
12464,91133,new,False
12465,34729,current,True
12466,48138,current,False
12467,98633,new,True
12468,10814,current,False
12469,55895,new,False
12470,34027,current,False
12471,37106,current,True
12472,50138,new,True
12473,36911,current,False
12474,11751,current,False
12475,16654,current,False
12476,65257,new,False
12477,62638,new,False
12478,96534,new,False
12479,13503,current,False
12480,63310,new,True
12481,47982,current,False
12482,23975,current,True
12483,14775,current,False
12484,90690,new,False
12485,62724,new,False
12486,94416,new,True
12487,66096,new,True
12488,25524,current,True
12489,89550,new,True
12490,27357,current,False
12491,93502,new,True
12492,20000,current,False
12493,78213,new,False
12494,54418,new,False
12495,16748,current,False
12496,53404,new,True
12497,35425,current,False
12498,39973,current,True
12499,54429,new,False
12500,96264,new,True
12501,93133,new,False
12502,79229,new,False
12503,63733,new,True
12504,78296,new,True
12505,44039,current,False
12506,28647,current,False
12507,25782,current,True
12508,21687,current,False
12509,63201,new,False
12510,67325,new,True
12511,15496,current,True
12512,25169,current,True
12513,22879,current,False
12514,29063,current,False
12515,81010,new,True
12516,80775,new,False
12517,80334,new,False
12518,27905,current,False
12519,92138,new,True
12520,47031,current,False
12521,25804,current,False
12522,55877,new,False
12523,10484,current,False
12524,78979,new,True
12525,97174,new,True
12526,30772,current,False
12527,94182,new,True
12528,26122,current,True
12529,86299,new,True
12530,21505,current,False
12531,90897,new,False
12532,27784,current,True
12533,88668,new,False
12534,84753,new,True
12535,26398,current,True
12536,16417,current,False
12537,47559,current,False
12538,32867,current,False
12539,46409,current,False
12540,80843,new,True
12541,90884,new,True
12542,94800,new,False
12543,70104,new,False
12544,25287,current,False
12545,14988,current,False
12546,81484,new,True
12547,29231,current,True
12548,25523,current,False
12549,35608,current,True
12550,38212,current,False
12551,57643,new,True
12552,28165,current,False
12553,68685,new,True
12554,33504,current,False
12555,81895,new,False
12556,96772,new,False
12557,74629,new,False
12558,56920,new,True
12559,63620,new,False
12560,22889,current,False
12561,53101,new,True
12562,15787,current,False
12563,50190,new,False
12564,33867,current,False
12565,39875,current,False
12566,91767,new,False
12567,64075,new,False
12568,77561,new,False
12569,77868,new,True
12570,82066,new,False
12571,62319,new,False
12572,38472,current,False
12573,65048,new,False
12574,30189,current,True
12575,54224,new,False
12576,26122,current,False
12577,35033,current,False
12578,35440,current,False
12579,23628,current,True
12580,78772,new,False
12581,60915,new,False
12582,54518,new,True
12583,48170,current,False
12584,36741,current,False
12585,75063,new,False
12586,70030,new,False
12587,78546,new,True
12588,99568,new,True
12589,97601,new,False
12590,56687,new,True
12591,78938,new,False
12592,57188,new,False
12593,20495,current,True
12594,35590,current,False
12595,19237,current,False
12596,88773,new,False
12597,90585,new,False
12598,26739,current,False
12599,11791,current,False
12600,95798,new,True
12601,53734,new,True
12602,62215,new,True
12603,38435,current,True
12604,87408,new,True
12605,16614,current,False
12606,25145,current,True
12607,78895,new,False
12608,44243,current,False
12609,27249,current,True
12610,97029,new,True
12611,37750,current,True
12612,84830,new,True
12613,73254,new,False
12614,25878,current,True
12615,36012,current,False
12616,10986,current,False
12617,18794,current,True
12618,88584,new,False
12619,82186,new,True
12620,49546,current,False
12621,26076,current,False
12622,29002,current,False
12623,26776,current,False
12624,18818,current,False
12625,11423,current,False
12626,53921,new,False
12627,43792,current,False
12628,41114,current,False
12629,99963,new,False
12630,92893,new,True
12631,37150,current,False
12632,51854,new,True
12633,13825,current,False
12634,84838,new,False
12635,24466,current,False
12636,66357,new,False
12637,21886,current,False
12638,77069,new,True
12639,24385,current,False
12640,73681,new,False
12641,46414,current,False
12642,23178,current,False
12643,33960,current,False
12644,93652,new,True
12645,96433,new,False
12646,17195,current,False
12647,76029,new,True
12648,38144,current,False
12649,83928,new,False
12650,17756,current,False
12651,53863,new,False
12652,53586,new,False
12653,69013,new,False
12654,41865,current,False
12655,85230,new,True
12656,54550,new,False
12657,72273,new,False
12658,95621,new,False
12659,17867,current,False
12660,49467,current,False
12661,33842,current,True
12662,86284,new,False
12663,69129,new,True
12664,23397,current,True
12665,95649,new,True
12666,32167,current,False
12667,62092,new,False
12668,44447,current,False
12669,73381,new,True
12670,83693,new,False
12671,66890,new,True
12672,54559,new,False
12673,15809,current,False
12674,83286,new,True
12675,85514,new,False
12676,87091,new,False
12677,86714,new,False
12678,46536,current,True
12679,16318,current,True
12680,47593,current,False
12681,95274,new,True
12682,80086,new,True
12683,52691,new,False
12684,53214,new,True
12685,93921,new,True
12686,24627,current,True
12687,25378,current,False
12688,58451,new,False
12689,66999,new,False
12690,35654,current,True
12691,12174,current,False
12692,89376,new,False
12693,66038,new,False
12694,44402,current,False
12695,24929,current,False
12696,46364,current,False
12697,37964,current,True
12698,45275,current,True
12699,50966,new,True
12700,78539,new,True
12701,37448,current,False
12702,88767,new,False
12703,12538,current,False
12704,60388,new,False
12705,47083,current,False
12706,83516,new,False
12707,12656,current,False
12708,89755,new,False
12709,14358,current,False
12710,35309,current,False
12711,27694,current,False
12712,80663,new,True
12713,27311,current,True
12714,47209,current,False
12715,73591,new,True
12716,68314,new,True
12717,24196,current,False
12718,72565,new,True
12719,13176,current,True
12720,92793,new,True
12721,38303,current,True
12722,62192,new,True
12723,93413,new,True
12724,22727,current,False
12725,19582,current,False
12726,81606,new,False
12727,39085,current,False
12728,16969,current,False
12729,75089,new,False
12730,31567,current,True
12731,24433,current,False
12732,88388,new,True
12733,35072,current,False
12734,74919,new,False
12735,93084,new,True
12736,18757,current,True
12737,10060,current,False
12738,46303,current,True
12739,73496,new,False
12740,41045,current,True
12741,19783,current,False
12742,97874,new,False
12743,99854,new,True
12744,63951,new,False
12745,96892,new,True
12746,95575,new,True
12747,56354,new,False
12748,47999,current,True
12749,93764,new,False
12750,61158,new,True
12751,27369,current,False
12752,22919,current,True
12753,73950,new,False
12754,90948,new,True
12755,51833,new,True
12756,75119,new,False
12757,34484,current,False
12758,18019,current,False
12759,78891,new,True
12760,13667,current,False
12761,26746,current,True
12762,25143,current,True
12763,39900,current,False
12764,11506,current,False
12765,40950,current,True
12766,68361,new,True
12767,25184,current,False
12768,85406,new,True
12769,94243,new,False
12770,30824,current,True
12771,20885,current,False
12772,93754,new,False
12773,50377,new,False
12774,84968,new,True
12775,57056,new,False
12776,34411,current,False
12777,62462,new,True
12778,94238,new,True
12779,18891,current,True
12780,25170,current,True
12781,47716,current,False
12782,99644,new,True
12783,94571,new,False
12784,42522,current,False
12785,16539,current,False
12786,53532,new,False
12787,28725,current,False
12788,59221,new,True
12789,13059,current,False
12790,36595,current,False
12791,37322,current,False
12792,18993,current,False
12793,20130,current,True
12794,15705,current,False
12795,92850,new,True
12796,27005,current,False
12797,26606,current,False
12798,80480,new,False
12799,26099,current,False
12800,91690,new,True
12801,33250,current,True
12802,49829,current,False
12803,50129,new,False
12804,71028,new,False
12805,38479,current,False
12806,24015,current,False
12807,20433,current,False
12808,27756,current,True
12809,83772,new,False
12810,22770,current,True
12811,21873,current,False
12812,97107,new,False
12813,33773,current,False
12814,18832,current,False
12815,44509,current,True
12816,48559,current,False
12817,15954,current,False
12818,44132,current,True
12819,15791,current,False
12820,48029,current,False
12821,98426,new,True
12822,24980,current,False
12823,49479,current,True
12824,94051,new,True
12825,21355,current,False
12826,68771,new,False
12827,89199,new,True
12828,73784,new,True
12829,87142,new,False
12830,98300,new,True
12831,37747,current,True
12832,85189,new,False
12833,76998,new,True
12834,56537,new,False
12835,77981,new,False
12836,21580,current,True
12837,14327,current,False
12838,69780,new,False
12839,80138,new,True
12840,14288,current,False
12841,57878,new,True
12842,15010,current,False
12843,92142,new,True
12844,25129,current,False
12845,67282,new,False
12846,68003,new,False
12847,41146,current,True
12848,25340,current,True
12849,16270,current,False
12850,51033,new,False
12851,88649,new,False
12852,25277,current,False
12853,66159,new,True
12854,55460,new,True
12855,22701,current,True
12856,27120,current,False
12857,53837,new,False
12858,90227,new,False
12859,20370,current,False
12860,75361,new,True
12861,35608,current,True
12862,50939,new,False
12863,38622,current,True
12864,44470,current,False
12865,36969,current,False
12866,25912,current,False
12867,66273,new,True
12868,14420,current,True
12869,39736,current,False
12870,78543,new,True
12871,64415,new,False
12872,16228,current,True
12873,37302,current,False
12874,96693,new,False
12875,27584,current,True
12876,96026,new,False
12877,98597,new,False
12878,32155,current,False
12879,46665,current,False
12880,95143,new,True
12881,14391,current,False
12882,15112,current,False
12883,89134,new,False
12884,37377,current,False
12885,52988,new,True
12886,11878,current,False
12887,73467,new,False
12888,64983,new,True
12889,58244,new,False
12890,67210,new,False
12891,30413,current,True
12892,13136,current,False
12893,63809,new,True
12894,79094,new,False
12895,21145,current,True
12896,57551,new,False
12897,11528,current,False
12898,43157,current,False
12899,99637,new,False
12900,90608,new,False
12901,29351,current,True
12902,33308,current,False
12903,80721,new,False
12904,89274,new,True
12905,10397,current,False
12906,31675,current,False
12907,38315,current,True
12908,49525,current,False
12909,50455,new,False
12910,85595,new,True
12911,17597,current,False
12912,92506,new,True
12913,25570,current,False
12914,25729,current,True
12915,17340,current,True
12916,89609,new,False
12917,22364,current,False
12918,82675,new,False
12919,33789,current,False
12920,64878,new,True
12921,45403,current,False
12922,79561,new,False
12923,21813,current,False
12924,37624,current,False
12925,49061,current,False
12926,88306,new,False
12927,96130,new,True
12928,30051,current,True
12929,24378,current,False
12930,60534,new,False
12931,99361,new,False
12932,34386,current,False
12933,40829,current,False
12934,12455,current,False
12935,92727,new,False
12936,52827,new,False
12937,49509,current,False
12938,98012,new,False
12939,76260,new,True
12940,50640,new,False
12941,55953,new,False
12942,40115,current,False
12943,20196,current,False
12944,92626,new,False
12945,80609,new,False
12946,14427,current,True
12947,44519,current,False
12948,95233,new,False
12949,91758,new,False
12950,54361,new,True
12951,21916,current,False
12952,40003,current,False
12953,56320,new,True
12954,64855,new,False
12955,38935,current,True
12956,18596,current,False
12957,97931,new,True
12958,80272,new,False
12959,22350,current,False
12960,52844,new,False
12961,20353,current,False
12962,17692,current,False
12963,90862,new,False
12964,69198,new,True
12965,92146,new,True
12966,84680,new,False
12967,88586,new,False
12968,96083,new,False
12969,12098,current,True
12970,30345,current,True
12971,19722,current,False
12972,73410,new,False
12973,31012,current,False
12974,99057,new,False
12975,91139,new,False
12976,55285,new,True
12977,48917,current,False
12978,25838,current,False
12979,76379,new,False
12980,31205,current,True
12981,46821,current,True
12982,50600,new,True
12983,73025,new,False
12984,14960,current,False
12985,11430,current,False
12986,20121,current,True
12987,71142,new,True
12988,24164,current,False
12989,88044,new,True
12990,44231,current,False
12991,60563,new,False
12992,93844,new,False
12993,24269,current,False
12994,31748,current,False
12995,78746,new,True
12996,43194,current,False
12997,92025,new,True
12998,60434,new,False
12999,67456,new,False
13000,73784,new,True
13001,34520,current,True
13002,57338,new,True
13003,58331,new,False
13004,14318,current,True
13005,49825,current,False
13006,15497,current,False
13007,43229,current,True
13008,15475,current,False
13009,84596,new,False
13010,68271,new,False
13011,46755,current,True
13012,68384,new,False
13013,89561,new,False
13014,80304,new,False
13015,99310,new,True
13016,20315,current,True
13017,90627,new,False
13018,83152,new,False
13019,48161,current,False
13020,87634,new,False
13021,73707,new,True
13022,94304,new,False
13023,34627,current,False
13024,42021,current,True
13025,59517,new,True
13026,12849,current,False
13027,30072,current,False
13028,17995,current,False
13029,73094,new,False
13030,77278,new,False
13031,39530,current,False
13032,45429,current,True
13033,83875,new,False
13034,82749,new,True
13035,79438,new,False
13036,36027,current,False
13037,76151,new,True
13038,58643,new,True
13039,12648,current,False
13040,73533,new,True
13041,19978,current,False
13042,68997,new,False
13043,33282,current,True
13044,33344,current,False
13045,12225,current,True
13046,43908,current,False
13047,75332,new,False
13048,19501,current,True
13049,82572,new,False
13050,55375,new,False
13051,82251,new,False
13052,92497,new,True
13053,81912,new,False
13054,96782,new,True
13055,37831,current,False
13056,74247,new,True
13057,39930,current,True
13058,59203,new,False
13059,46360,current,False
13060,10820,current,False
13061,68437,new,False
13062,57173,new,True
13063,42134,current,False
13064,10884,current,False
13065,25390,current,False
13066,97963,new,False
13067,19478,current,True
13068,17965,current,False
13069,74523,new,False
13070,82466,new,False
13071,35899,current,False
13072,41629,current,False
13073,54448,new,True
13074,84684,new,False
13075,79588,new,False
13076,10576,current,False
13077,72680,new,False
13078,27846,current,False
13079,21977,current,False
13080,32336,current,False
13081,67655,new,True
13082,73744,new,False
13083,41344,current,False
13084,95488,new,False
13085,16589,current,False
13086,79541,new,True
13087,88914,new,True
13088,66790,new,False
13089,18186,current,True
13090,16703,current,False
13091,57292,new,True
13092,39450,current,True
13093,32801,current,False
13094,40802,current,False
13095,98547,new,True
13096,92571,new,False
13097,59678,new,False
13098,16311,current,False
13099,39130,current,False
13100,72906,new,True
13101,51318,new,True
13102,53474,new,True
13103,57061,new,True
13104,15362,current,False
13105,30402,current,False
13106,17894,current,True
13107,52362,new,True
13108,69863,new,False
13109,21381,current,True
13110,74599,new,False
13111,27789,current,True
13112,26559,current,False
13113,85876,new,True
13114,12475,current,False
13115,47632,current,False
13116,89431,new,True
13117,10029,current,False
13118,49145,current,False
13119,78670,new,True
13120,18986,current,True
13121,99943,new,False
13122,40826,current,False
13123,24805,current,False
13124,22346,current,False
13125,74419,new,False
13126,47887,current,False
13127,47142,current,False
13128,31658,current,False
13129,10603,current,False
13130,26886,current,False
13131,75111,new,True
13132,18249,current,True
13133,61796,new,False
13134,22606,current,False
13135,83596,new,True
13136,72989,new,False
13137,46309,current,False
13138,65212,new,False
13139,77435,new,False
13140,90042,new,True
13141,65954,new,True
13142,63438,new,False
13143,11552,current,False
13144,25441,current,False
13145,75061,new,False
13146,71040,new,False
13147,11413,current,False
13148,40185,current,True
13149,79799,new,False
13150,92971,new,False
13151,92588,new,False
13152,73117,new,False
13153,94244,new,False
13154,27094,current,False
13155,31661,current,True
13156,54170,new,True
13157,45308,current,False
13158,68469,new,False
13159,19443,current,False
13160,47098,current,False
13161,33756,current,False
13162,29214,current,False
13163,76241,new,False
13164,42337,current,False
13165,21981,current,True
13166,24348,current,False
13167,90197,new,True
13168,58014,new,False
13169,74401,new,True
13170,99370,new,False
13171,85597,new,True
13172,81288,new,False
13173,98361,new,False
13174,97913,new,False
13175,86317,new,False
13176,75740,new,True
13177,59172,new,True
13178,13334,current,False
13179,73609,new,False
13180,28123,current,False
13181,23131,current,False
13182,28704,current,False
13183,34876,current,False
13184,28590,current,False
13185,55430,new,False
13186,18838,current,False
13187,18198,current,True
13188,17319,current,True
13189,48589,current,False
13190,35042,current,False
13191,25134,current,False
13192,91194,new,False
13193,74882,new,True
13194,89225,new,True
13195,80605,new,True
13196,49796,current,False
13197,55025,new,False
13198,76759,new,False
13199,63307,new,False
13200,85634,new,False
13201,52867,new,False
13202,22310,current,False
13203,26283,current,False
13204,88999,new,True
13205,79659,new,False
13206,83978,new,True
13207,18521,current,False
13208,94113,new,True
13209,45415,current,False
13210,43978,current,False
13211,26221,current,False
13212,67549,new,True
13213,21525,current,False
13214,63890,new,True
13215,97166,new,False
13216,63073,new,True
13217,36548,current,True
13218,44773,current,False
13219,83888,new,False
13220,31872,current,False
13221,32522,current,False
13222,54514,new,True
13223,98837,new,False
13224,57406,new,False
13225,77683,new,True
13226,74650,new,True
13227,23671,current,False
13228,54387,new,True
13229,64381,new,False
13230,12515,current,True
13231,82596,new,True
13232,10611,current,False
13233,87376,new,False
13234,35264,current,False
13235,48742,current,True
13236,25265,current,True
13237,22416,current,False
13238,80296,new,True
13239,12370,current,True
13240,49267,current,False
13241,17159,current,False
13242,65550,new,False
13243,75129,new,True
13244,23990,current,False
13245,93605,new,True
13246,71166,new,False
13247,47942,current,False
13248,27486,current,True
13249,89494,new,False
13250,55123,new,False
13251,19857,current,False
13252,77986,new,False
13253,70126,new,True
13254,40236,current,False
13255,17205,current,True
13256,77640,new,True
13257,93930,new,True
13258,12852,current,True
13259,17025,current,True
13260,84564,new,False
13261,29324,current,False
13262,14403,current,False
13263,42103,current,False
13264,47663,current,False
13265,62570,new,True
13266,93832,new,True
13267,59275,new,False
13268,67734,new,False
13269,17014,current,True
13270,83143,new,False
13271,40349,current,False
13272,95780,new,False
13273,13667,current,True
13274,66201,new,True
13275,80148,new,False
13276,87868,new,True
13277,32636,current,True
13278,17481,current,False
13279,80753,new,True
13280,69653,new,True
13281,67425,new,True
13282,35931,current,False
13283,25836,current,False
13284,22083,current,False
13285,65131,new,True
13286,38771,current,True
13287,65399,new,False
13288,34673,current,False
13289,39944,current,False
13290,34661,current,True
13291,27878,current,True
13292,26654,current,False
13293,43578,current,False
13294,29997,current,False
13295,53091,new,True
13296,90196,new,False
13297,50723,new,True
13298,47193,current,False
13299,12451,current,True
13300,82517,new,False
13301,55653,new,True
13302,86297,new,True
13303,35586,current,False
13304,78240,new,True
13305,60415,new,False
13306,51318,new,True
13307,36283,current,False
13308,45179,current,False
13309,38100,current,False
13310,83440,new,False
13311,20193,current,True
13312,24948,current,True
13313,32126,current,True
13314,42431,current,True
13315,59401,new,False
13316,78190,new,False
13317,71211,new,False
13318,53897,new,True
13319,81598,new,False
13320,10054,current,False
13321,27716,current,False
13322,54724,new,False
13323,33195,current,False
13324,50208,new,False
13325,57229,new,True
13326,64909,new,True
13327,26348,current,False
13328,32806,current,False
13329,93026,new,True
13330,40099,current,True
13331,17312,current,True
13332,81387,new,True
13333,15291,current,False
13334,29459,current,False
13335,56871,new,True
13336,89583,new,False
13337,95070,new,True
13338,51356,new,False
13339,34004,current,False
13340,56149,new,True
13341,81129,new,False
13342,18305,current,True
13343,89765,new,False
13344,52630,new,True
13345,33557,current,False
13346,74537,new,True
13347,47135,current,False
13348,10259,current,False
13349,31154,current,False
13350,29776,current,True
13351,37822,current,False
13352,52136,new,True
13353,69292,new,False
13354,40389,current,False
13355,92190,new,True
13356,60363,new,True
13357,57891,new,False
13358,22451,current,False
13359,22803,current,False
13360,22907,current,False
13361,29083,current,True
13362,98855,new,False
13363,57051,new,False
13364,34706,current,False
13365,23554,current,False
13366,99950,new,False
13367,84253,new,False
13368,77644,new,False
13369,25311,current,True
13370,88363,new,True
13371,35699,current,True
13372,90669,new,True
13373,14686,current,False
13374,45410,current,False
13375,58728,new,False
13376,16223,current,False
13377,56799,new,True
13378,28756,current,True
13379,64554,new,False
13380,31934,current,False
13381,42161,current,False
13382,14636,current,False
13383,90822,new,True
13384,75346,new,False
13385,14905,current,False
13386,20115,current,True
13387,61457,new,False
13388,57802,new,True
13389,10246,current,False
13390,29669,current,False
13391,55558,new,True
13392,19526,current,False
13393,14178,current,False
13394,66378,new,False
13395,58431,new,True
13396,91286,new,True
13397,56372,new,False
13398,91629,new,True
13399,64105,new,False
13400,41256,current,False
13401,15191,current,True
13402,48362,current,False
13403,57752,new,False
13404,17100,current,False
13405,39591,current,False
13406,10490,current,False
13407,25048,current,False
13408,20439,current,False
13409,35249,current,False
13410,36062,current,True
13411,20094,current,False
13412,40194,current,True
13413,56970,new,False
13414,95580,new,True
13415,94123,new,True
13416,18567,current,False
13417,23824,current,False
13418,67034,new,False
13419,24771,current,True
13420,28396,current,False
13421,19332,current,False
13422,18527,current,False
13423,47369,current,True
13424,22902,current,False
13425,19892,current,False
13426,78346,new,False
13427,48672,current,False
13428,17224,current,True
13429,35760,current,False
13430,71610,new,False
13431,91168,new,False
13432,53510,new,False
13433,72181,new,False
13434,72682,new,True
13435,37658,current,False
13436,98081,new,True
13437,50784,new,True
13438,34838,current,False
13439,43743,current,True
13440,23033,current,False
13441,35252,current,False
13442,66761,new,False
13443,79786,new,False
13444,40421,current,False
13445,23629,current,False
13446,79860,new,False
13447,56343,new,False
13448,71564,new,True
13449,13220,current,False
13450,35830,current,True
13451,19389,current,False
13452,97279,new,False
13453,14811,current,False
13454,92935,new,True
13455,85321,new,False
13456,81091,new,True
13457,17933,current,True
13458,87744,new,False
13459,41746,current,True
13460,97874,new,False
13461,13473,current,False
13462,32436,current,False
13463,45343,current,True
13464,12739,current,False
13465,25959,current,False
13466,74699,new,False
13467,19554,current,False
13468,26710,current,False
13469,65356,new,True
13470,48566,current,False
13471,10485,current,False
13472,25939,current,False
13473,70855,new,False
13474,56787,new,False
13475,59184,new,True
13476,29543,current,False
13477,45674,current,False
13478,60024,new,True
13479,46871,current,True
13480,31482,current,False
13481,75881,new,True
13482,12291,current,False
13483,42793,current,True
13484,56756,new,False
13485,84479,new,True
13486,17654,current,False
13487,40488,current,False
13488,33489,current,True
13489,13541,current,False
13490,94524,new,True
13491,19610,current,False
13492,91793,new,True
13493,32267,current,False
13494,72302,new,False
13495,49829,current,False
13496,52041,new,False
13497,21468,current,False
13498,69590,new,False
13499,34823,current,True
13500,13163,current,False
13501,80257,new,True
13502,53996,new,True
13503,54349,new,True
13504,48162,current,False
13505,43629,current,True
13506,66364,new,False
13507,39223,current,False
13508,17539,current,False
13509,74446,new,True
13510,38815,current,True
13511,42525,current,False
13512,44019,current,False
13513,61552,new,True
13514,30471,current,False
13515,40354,current,False
13516,18189,current,False
13517,25156,current,False
13518,94108,new,False
13519,10970,current,False
13520,98389,new,False
13521,79267,new,True
13522,22073,current,True
13523,55800,new,False
13524,66351,new,True
13525,19736,current,False
13526,79838,new,True
13527,83292,new,False
13528,95517,new,True
13529,88170,new,False
13530,93108,new,False
13531,58810,new,True
13532,80774,new,False
13533,49695,current,False
13534,57891,new,True
13535,36750,current,True
13536,43541,current,True
13537,40913,current,True
13538,88227,new,True
13539,39713,current,False
13540,40268,current,False
13541,14272,current,True
13542,72214,new,False
13543,70855,new,True
13544,26309,current,False
13545,38932,current,False
13546,24248,current,True
13547,77115,new,True
13548,91569,new,False
13549,82282,new,True
13550,41537,current,True
13551,60962,new,True
13552,94043,new,False
13553,54174,new,False
13554,49730,current,True
13555,92020,new,True
13556,19842,current,False
13557,61144,new,True
13558,72492,new,False
13559,46035,current,False
13560,14273,current,False
13561,52896,new,False
13562,22311,current,False
13563,46042,current,False
13564,83389,new,False
13565,11415,current,False
13566,19334,current,False
13567,70468,new,False
13568,22308,current,False
13569,80201,new,False
13570,41921,current,False
13571,37538,current,False
13572,28084,current,False
13573,68190,new,True
13574,19424,current,False
13575,35091,current,False
13576,81879,new,True
13577,30764,current,False
13578,31729,current,False
13579,21471,current,False
13580,98303,new,False
13581,46383,current,False
13582,39770,current,False
13583,93022,new,False
13584,78671,new,False
13585,64671,new,False
13586,65437,new,True
13587,64055,new,True
13588,79807,new,False
13589,74907,new,True
13590,12242,current,False
13591,27440,current,False
13592,25128,current,True
13593,25000,current,True
13594,44617,current,False
13595,10049,current,True
13596,24196,current,True
13597,26039,current,False
13598,72110,new,True
13599,46878,current,False
13600,44906,current,True
13601,39975,current,False
13602,24905,current,False
13603,51294,new,True
13604,19546,current,False
13605,64942,new,True
13606,28044,current,True
13607,75798,new,True
13608,40921,current,True
13609,34386,current,False
13610,42633,current,True
13611,40453,current,False
13612,26327,current,True
13613,95691,new,True
13614,82129,new,True
13615,27103,current,False
13616,35777,current,True
13617,90650,new,True
13618,20517,current,False
13619,96167,new,True
13620,82544,new,True
13621,55095,new,False
13622,48433,current,False
13623,39639,current,True
13624,55061,new,False
13625,95372,new,False
13626,63275,new,False
13627,26199,current,False
13628,31963,current,True
13629,88753,new,True
13630,31651,current,True
13631,92183,new,False
13632,58064,new,True
13633,12354,current,False
13634,37959,current,False
13635,41094,current,True
13636,85992,new,False
13637,64995,new,True
13638,24409,current,False
13639,41246,current,True
13640,98626,new,True
13641,44615,current,True
13642,13668,current,False
13643,51759,new,False
13644,63433,new,False
13645,99542,new,True
13646,82269,new,True
13647,32120,current,False
13648,12167,current,True
13649,41373,current,False
13650,84811,new,True
13651,38936,current,False
13652,75042,new,False
13653,10987,current,False
13654,41210,current,False
13655,80938,new,True
13656,36259,current,False
13657,15678,current,False
13658,10795,current,False
13659,90177,new,False
13660,99904,new,False
13661,75280,new,False
13662,25084,current,False
13663,46519,current,False
13664,38797,current,False
13665,96149,new,True
13666,74711,new,True
13667,61812,new,True
13668,29364,current,False
13669,24724,current,False
13670,86141,new,False
13671,56409,new,True
13672,72333,new,False
13673,97334,new,True
13674,19620,current,True
13675,58115,new,False
13676,53315,new,False
13677,63437,new,True
13678,31089,current,False
13679,62610,new,True
13680,51193,new,False
13681,74218,new,True
13682,43021,current,False
13683,48741,current,True
13684,21154,current,True
13685,74221,new,False
13686,65285,new,False
13687,20067,current,False
13688,55037,new,True
13689,90770,new,False
13690,67379,new,False
13691,44477,current,False
13692,81829,new,False
13693,99445,new,False
13694,40728,current,True
13695,48679,current,True
13696,93160,new,True
13697,90887,new,False
13698,21779,current,False
13699,22307,current,False
13700,81436,new,False
13701,80542,new,False
13702,29388,current,False
13703,95598,new,False
13704,33450,current,True
13705,42620,current,False
13706,69606,new,False
13707,35295,current,False
13708,68797,new,False
13709,54465,new,True
13710,60217,new,True
13711,76032,new,False
13712,67430,new,True
13713,47110,current,True
13714,22096,current,True
13715,73947,new,False
13716,96320,new,False
13717,85915,new,False
13718,72826,new,True
13719,95956,new,False
13720,31711,current,False
13721,28979,current,False
13722,88206,new,False
13723,48944,current,False
13724,94764,new,True
13725,86030,new,False
13726,67311,new,False
13727,84606,new,True
13728,92303,new,False
13729,74608,new,True
13730,37273,current,False
13731,71438,new,False
13732,40044,current,False
13733,21575,current,False
13734,96122,new,True
13735,94428,new,False
13736,74594,new,False
13737,72595,new,False
13738,75851,new,True
13739,44778,current,False
13740,56962,new,True
13741,85750,new,False
13742,22419,current,False
13743,79207,new,False
13744,52678,new,False
13745,30134,current,True
13746,54429,new,True
13747,31315,current,True
13748,92919,new,True
13749,99504,new,True
13750,29064,current,False
13751,29067,current,False
13752,38868,current,False
13753,27726,current,False
13754,40509,current,False
13755,93892,new,False
13756,33651,current,False
13757,75791,new,True
13758,11257,current,False
13759,42854,current,False
13760,75911,new,False
13761,18953,current,False
13762,31139,current,False
13763,39950,current,True
13764,43178,current,False
13765,99921,new,False
13766,45529,current,False
13767,24034,current,False
13768,86573,new,False
13769,44720,current,False
13770,68867,new,False
13771,91779,new,True
13772,11731,current,False
13773,98617,new,False
13774,91095,new,False
13775,45314,current,False
13776,67555,new,False
13777,94283,new,True
13778,87685,new,False
13779,26716,current,True
13780,49912,current,False
13781,25976,current,False
13782,40958,current,False
13783,40612,current,False
13784,81683,new,False
13785,74936,new,False
13786,20592,current,False
13787,54302,new,False
13788,77763,new,True
13789,11299,current,False
13790,27206,current,False
13791,44467,current,False
13792,55573,new,False
13793,19241,current,False
13794,41260,current,False
13795,88848,new,False
13796,70534,new,True
13797,83339,new,False
13798,11761,current,False
13799,17510,current,False
13800,35437,current,False
13801,11426,current,False
13802,58892,new,False
13803,21884,current,True
13804,21534,current,True
13805,21305,current,False
13806,83364,new,True
13807,10587,current,False
13808,15293,current,True
13809,15829,current,True
13810,56369,new,False
13811,62156,new,True
13812,83434,new,True
13813,45675,current,False
13814,10017,current,False
13815,36537,current,False
13816,94585,new,True
13817,20398,current,True
13818,33769,current,False
13819,24720,current,False
13820,67733,new,True
13821,16302,current,False
13822,26377,current,False
13823,85652,new,False
13824,70629,new,False
13825,37528,current,False
13826,98759,new,False
13827,55507,new,True
13828,18488,current,False
13829,37629,current,True
13830,57379,new,True
13831,57550,new,True
13832,16860,current,False
13833,75435,new,True
13834,89389,new,False
13835,44883,current,False
13836,70352,new,False
13837,13080,current,True
13838,28378,current,False
13839,68704,new,True
13840,56189,new,False
13841,55902,new,True
13842,93923,new,False
13843,95398,new,True
13844,29468,current,False
13845,92164,new,False
13846,74571,new,True
13847,23833,current,False
13848,77793,new,False
13849,50774,new,False
13850,86619,new,False
13851,24318,current,False
13852,71735,new,True
13853,11118,current,False
13854,60548,new,True
13855,18526,current,False
13856,73659,new,False
13857,22173,current,False
13858,54669,new,False
13859,73125,new,False
13860,65773,new,False
13861,53068,new,True
13862,76056,new,False
13863,81759,new,False
13864,87382,new,True
13865,21633,current,True
13866,38151,current,False
13867,70786,new,False
13868,45745,current,False
13869,18345,current,False
13870,45613,current,False
13871,11047,current,False
13872,11648,current,False
13873,47753,current,True
13874,51900,new,True
13875,19419,current,False
13876,25430,current,True
13877,22873,current,False
13878,78461,new,True
13879,42847,current,False
13880,56989,new,False
13881,38241,current,False
13882,43036,current,True
13883,47031,current,False
13884,43796,current,False
13885,32681,current,False
13886,75043,new,False
13887,42333,current,False
13888,85628,new,False
13889,93816,new,True
13890,49286,current,False
13891,32114,current,True
13892,33989,current,False
13893,10114,current,False
13894,78126,new,False
13895,75399,new,False
13896,12355,current,False
13897,24369,current,False
13898,59879,new,False
13899,19053,current,False
13900,16655,current,False
13901,81215,new,True
13902,11944,current,True
13903,73175,new,False
13904,67791,new,False
13905,60385,new,True
13906,12268,current,False
13907,17040,current,True
13908,54384,new,True
13909,13100,current,True
13910,59658,new,True
13911,17917,current,False
13912,16973,current,True
13913,65762,new,False
13914,44851,current,False
13915,68985,new,True
13916,68482,new,False
13917,60491,new,False
13918,53219,new,False
13919,29146,current,False
13920,35301,current,False
13921,68682,new,False
13922,13985,current,False
13923,30152,current,False
13924,64242,new,False
13925,74155,new,False
13926,31990,current,False
13927,83361,new,False
13928,17402,current,False
13929,17120,current,False
13930,84061,new,False
13931,23791,current,True
13932,14504,current,False
13933,11206,current,False
13934,92170,new,False
13935,40821,current,False
13936,48003,current,False
13937,81934,new,False
13938,28669,current,True
13939,74471,new,False
13940,40941,current,False
13941,31433,current,True
13942,85009,new,True
13943,25810,current,True
13944,87504,new,True
13945,78699,new,True
13946,81776,new,False
13947,71080,new,True
13948,65659,new,False
13949,98418,new,False
13950,45529,current,False
13951,39941,current,False
13952,84815,new,True
13953,31825,current,True
13954,77891,new,True
13955,78811,new,True
13956,58734,new,False
13957,25662,current,True
13958,56918,new,False
13959,71103,new,True
13960,59372,new,False
13961,36937,current,False
13962,93784,new,False
13963,90183,new,False
13964,21720,current,False
13965,62249,new,False
13966,41308,current,False
13967,19532,current,False
13968,33413,current,False
13969,96974,new,False
13970,17267,current,True
13971,34806,current,False
13972,12027,current,False
13973,95696,new,True
13974,14493,current,True
13975,52255,new,True
13976,72587,new,False
13977,44519,current,False
13978,12129,current,False
13979,52559,new,True
13980,54992,new,False
13981,18774,current,True
13982,76571,new,True
13983,99807,new,True
13984,49794,current,False
13985,38630,current,True
13986,72959,new,False
13987,20694,current,True
13988,92766,new,True
13989,80606,new,False
13990,39113,current,True
13991,12799,current,False
13992,49042,current,False
13993,20789,current,False
13994,60239,new,True
13995,56042,new,False
13996,28581,current,False
13997,27906,current,False
13998,30551,current,False
13999,44521,current,False
14000,97381,new,True
14001,94484,new,False
14002,87099,new,False
14003,93548,new,True
14004,73195,new,False
14005,81716,new,True
14006,19001,current,True
14007,60276,new,False
14008,41726,current,False
14009,89036,new,False
14010,74723,new,False
14011,92272,new,True
14012,72137,new,False
14013,94522,new,True
14014,41598,current,True
14015,71485,new,False
14016,37113,current,False
14017,39620,current,False
14018,80884,new,True
14019,29612,current,False
14020,18319,current,False
14021,85185,new,True
14022,60232,new,True
14023,64119,new,True
14024,90259,new,True
14025,70051,new,True
14026,43045,current,False
14027,43641,current,False
14028,34895,current,False
14029,58625,new,False
14030,16385,current,False
14031,61694,new,False
14032,48415,current,False
14033,17888,current,True
14034,51813,new,True
14035,79563,new,True
14036,45763,current,False
14037,96875,new,False
14038,83136,new,False
14039,45918,current,False
14040,43483,current,False
14041,34654,current,True
14042,69665,new,True
14043,22860,current,False
14044,51050,new,False
14045,37392,current,False
14046,64026,new,True
14047,30316,current,False
14048,97536,new,False
14049,77353,new,False
14050,89877,new,True
14051,94078,new,False
14052,45165,current,False
14053,17383,current,False
14054,52210,new,True
14055,22486,current,False
14056,45620,current,True
14057,34608,current,False
14058,89498,new,False
14059,27214,current,False
14060,95350,new,True
14061,69840,new,False
14062,55287,new,True
14063,46988,current,True
14064,95093,new,False
14065,86915,new,True
14066,89131,new,False
14067,66471,new,True
14068,71541,new,False
14069,45442,current,False
14070,26334,current,False
14071,73346,new,True
14072,34123,current,False
14073,85985,new,False
14074,61202,new,False
14075,42192,current,True
14076,23027,current,False
14077,42780,current,False
14078,75150,new,False
14079,44456,current,False
14080,24539,current,True
14081,73265,new,True
14082,99364,new,False
14083,75148,new,True
14084,85120,new,False
14085,23155,current,False
14086,86948,new,False
14087,63265,new,False
14088,80124,new,True
14089,24174,current,False
14090,11002,current,False
14091,83760,new,False
14092,87522,new,True
14093,45775,current,False
14094,47751,current,False
14095,82787,new,False
14096,39162,current,False
14097,89963,new,False
14098,73978,new,True
14099,99638,new,False
14100,35792,current,False
14101,90073,new,False
14102,17706,current,False
14103,31076,current,True
14104,23239,current,False
14105,81313,new,True
14106,56631,new,True
14107,19688,current,False
14108,71165,new,True
14109,34186,current,False
14110,76660,new,False
14111,11629,current,False
14112,37040,current,True
14113,19983,current,False
14114,44192,current,False
14115,92790,new,False
14116,35765,current,False
14117,15098,current,False
14118,70484,new,False
14119,69447,new,True
14120,80879,new,True
14121,59141,new,True
14122,33234,current,False
14123,12474,current,False
14124,14950,current,False
14125,95307,new,True
14126,97439,new,False
14127,47626,current,True
14128,75354,new,False
14129,80081,new,False
14130,35699,current,False
14131,43862,current,True
14132,16281,current,True
14133,71550,new,True
14134,61135,new,False
14135,54722,new,True
14136,55820,new,False
14137,65355,new,False
14138,45298,current,True
14139,25186,current,False
14140,48850,current,False
14141,93914,new,False
14142,30584,current,True
14143,74695,new,True
14144,75349,new,False
14145,17831,current,False
14146,10486,current,False
14147,14695,current,True
14148,34756,current,False
14149,49327,current,True
14150,91909,new,False
14151,42214,current,False
14152,92432,new,True
14153,77379,new,True
14154,21767,current,False
14155,49210,current,False
14156,78986,new,False
14157,84207,new,True
14158,26178,current,False
14159,68307,new,True
14160,10038,current,True
14161,49339,current,False
14162,17606,current,False
14163,41770,current,False
14164,42957,current,False
14165,13653,current,False
14166,87093,new,True
14167,92694,new,True
14168,16621,current,False
14169,96973,new,True
14170,32336,current,False
14171,24391,current,False
14172,62810,new,True
14173,18589,current,False
14174,65115,new,False
14175,88785,new,True
14176,43641,current,False
14177,74211,new,False
14178,92060,new,False
14179,81247,new,False
14180,97952,new,True
14181,80838,new,False
14182,25686,current,False
14183,98488,new,True
14184,32737,current,True
14185,61780,new,False
14186,94260,new,False
14187,79902,new,False
14188,29129,current,True
14189,63844,new,False
14190,83778,new,True
14191,25852,current,False
14192,31667,current,True
14193,72204,new,True
14194,80711,new,False
14195,56534,new,False
14196,34572,current,False
14197,20353,current,False
14198,73397,new,True
14199,65195,new,False
14200,69913,new,True
14201,84516,new,False
14202,86610,new,True
14203,17124,current,False
14204,80303,new,False
14205,89147,new,False
14206,93476,new,True
14207,78638,new,True
14208,53294,new,False
14209,38417,current,False
14210,53244,new,True
14211,91737,new,False
14212,54719,new,False
14213,75345,new,False
14214,85717,new,False
14215,47383,current,True
14216,43993,current,True
14217,98138,new,False
14218,52056,new,True
14219,87996,new,False
14220,38184,current,True
14221,77676,new,False
14222,67017,new,False
14223,66062,new,True
14224,71985,new,True
14225,29036,current,False
14226,65487,new,False
14227,23737,current,False
14228,80092,new,True
14229,23634,current,True
14230,80333,new,True
14231,79245,new,True
14232,23766,current,False
14233,15926,current,False
14234,76133,new,True
14235,11430,current,True
14236,40826,current,True
14237,52032,new,True
14238,40197,current,True
14239,36619,current,True
14240,66425,new,True
14241,99191,new,False
14242,28296,current,False
14243,41304,current,False
14244,21521,current,False
14245,89124,new,True
14246,74213,new,True
14247,38301,current,False
14248,41716,current,False
14249,20469,current,False
14250,85237,new,False
14251,88635,new,False
14252,96847,new,False
14253,90465,new,False
14254,23370,current,True
14255,11517,current,False
14256,87382,new,True
14257,90526,new,False
14258,65044,new,False
14259,31811,current,False
14260,41109,current,True
14261,32036,current,False
14262,61253,new,True
14263,56103,new,False
14264,67779,new,True
14265,22521,current,True
14266,68818,new,False
14267,15081,current,False
14268,12370,current,False
14269,60010,new,False
14270,52592,new,True
14271,79398,new,True
14272,32688,current,True
14273,43243,current,True
14274,80540,new,True
14275,42998,current,False
14276,20503,current,False
14277,54825,new,True
14278,78319,new,False
14279,41740,current,True
14280,43447,current,True
14281,85894,new,False
14282,24166,current,False
14283,36308,current,True
14284,41036,current,False
14285,14804,current,False
14286,40399,current,True
14287,60407,new,True
14288,48523,current,True
14289,19786,current,False
14290,96049,new,False
14291,50080,new,False
14292,38084,current,False
14293,89948,new,False
14294,48865,current,False
14295,46117,current,True
14296,94656,new,True
14297,99803,new,False
14298,49375,current,False
14299,35815,current,True
14300,10261,current,False
14301,35049,current,True
14302,35787,current,False
14303,24881,current,False
14304,78373,new,False
14305,96832,new,True
14306,72840,new,True
14307,98075,new,False
14308,29240,current,False
14309,76986,new,False
14310,29745,current,False
14311,18419,current,True
14312,33464,current,False
14313,40951,current,True
14314,63340,new,True
14315,28476,current,False
14316,60631,new,False
14317,74285,new,False
14318,15803,current,True
14319,63416,new,False
14320,19771,current,True
14321,49932,current,True
14322,42356,current,True
14323,56196,new,False
14324,64415,new,False
14325,32618,current,False
14326,82838,new,True
14327,24951,current,False
14328,65004,new,False
14329,34669,current,False
14330,48177,current,False
14331,25820,current,True
14332,15551,current,False
14333,12604,current,True
14334,99957,new,False
14335,73551,new,False
14336,44702,current,True
14337,56277,new,True
14338,79701,new,True
14339,42038,current,False
14340,97257,new,False
14341,12529,current,False
14342,56969,new,True
14343,76558,new,True
14344,73924,new,False
14345,12519,current,False
14346,27842,current,False
14347,41680,current,False
14348,24752,current,False
14349,33967,current,False
14350,49231,current,False
14351,24491,current,False
14352,16045,current,False
14353,59005,new,True
14354,39210,current,False
14355,55340,new,False
14356,52533,new,True
14357,34686,current,False
14358,31984,current,False
14359,11790,current,True
14360,33707,current,False
14361,62204,new,False
14362,29925,current,False
14363,44627,current,False
14364,41127,current,False
14365,17970,current,False
14366,50792,new,False
14367,13902,current,False
14368,10325,current,False
14369,45591,current,False
14370,11328,current,True
14371,33836,current,True
14372,22099,current,False
14373,49124,current,False
14374,84879,new,True
14375,57755,new,False
14376,54269,new,True
14377,46873,current,False
14378,48689,current,False
14379,42818,current,True
14380,51829,new,True
14381,44442,current,False
14382,62402,new,True
14383,18648,current,True
14384,16901,current,True
14385,14296,current,True
14386,24593,current,False
14387,95863,new,False
14388,17901,current,False
14389,60862,new,True
14390,20818,current,False
14391,76757,new,False
14392,44068,current,False
14393,44566,current,False
14394,27342,current,True
14395,39538,current,False
14396,76413,new,True
14397,58360,new,False
14398,92202,new,False
14399,97684,new,True
14400,49575,current,False
14401,97423,new,False
14402,93868,new,True
14403,28036,current,False
14404,60161,new,True
14405,88307,new,False
14406,81765,new,False
14407,19124,current,False
14408,47143,current,True
14409,66073,new,False
14410,37644,current,False
14411,95828,new,True
14412,21338,current,True
14413,80374,new,False
14414,42686,current,False
14415,13647,current,False
14416,49968,current,False
14417,62288,new,True
14418,66974,new,False
14419,93196,new,False
14420,28192,current,True
14421,33377,current,False
14422,88897,new,False
14423,30727,current,False
14424,95686,new,True
14425,77579,new,True
14426,35332,current,False
14427,52023,new,True
14428,66797,new,False
14429,68252,new,True
14430,35840,current,False
14431,78243,new,False
14432,87874,new,False
14433,75785,new,False
14434,25716,current,True
14435,14484,current,False
14436,46839,current,False
14437,28996,current,False
14438,65885,new,False
14439,63930,new,False
14440,61048,new,False
14441,81119,new,False
14442,11597,current,True
14443,75454,new,True
14444,79315,new,True
14445,96268,new,False
14446,90552,new,True
14447,73052,new,False
14448,34834,current,False
14449,78511,new,True
14450,65747,new,False
14451,76878,new,True
14452,27754,current,True
14453,15863,current,True
14454,34688,current,False
14455,49077,current,True
14456,87684,new,True
14457,91211,new,False
14458,52789,new,False
14459,14459,current,True
14460,46919,current,False
14461,21251,current,False
14462,23428,current,True
14463,68900,new,True
14464,15143,current,False
14465,49757,current,False
14466,80230,new,False
14467,98439,new,False
14468,23699,current,False
14469,89465,new,True
14470,66743,new,False
14471,74880,new,False
14472,10064,current,False
14473,18321,current,False
14474,86915,new,False
14475,38599,current,True
14476,14777,current,True
14477,40659,current,False
14478,82525,new,False
14479,45825,current,True
14480,55013,new,False
14481,96160,new,True
14482,69368,new,True
14483,20106,current,False
14484,39696,current,False
14485,47357,current,False
14486,51865,new,False
14487,26798,current,False
14488,93052,new,True
14489,13830,current,False
14490,61885,new,True
14491,23742,current,False
14492,50344,new,False
14493,29662,current,False
14494,35435,current,False
14495,95447,new,False
14496,90669,new,True
14497,72698,new,True
14498,95861,new,True
14499,91059,new,False
14500,31430,current,False
14501,95337,new,True
14502,89768,new,False
14503,26369,current,False
14504,57570,new,False
14505,62805,new,False
14506,51873,new,False
14507,93329,new,False
14508,10324,current,False
14509,47627,current,False
14510,75716,new,False
14511,34018,current,True
14512,24052,current,True
14513,63890,new,False
14514,85623,new,True
14515,68185,new,True
14516,16597,current,False
14517,28711,current,False
14518,14307,current,False
14519,77359,new,True
14520,88526,new,False
14521,82254,new,True
14522,24046,current,False
14523,94508,new,False
14524,50012,new,False
14525,13333,current,False
14526,37665,current,False
14527,14739,current,False
14528,81224,new,False
14529,96959,new,False
14530,40479,current,True
14531,15350,current,True
14532,37667,current,True
14533,26538,current,False
14534,43957,current,False
14535,72921,new,False
14536,74702,new,True
14537,55450,new,True
14538,71999,new,True
14539,50135,new,False
14540,20700,current,False
14541,67235,new,True
14542,48374,current,False
14543,86540,new,True
14544,62293,new,True
14545,49886,current,False
14546,34211,current,False
14547,50916,new,True
14548,80181,new,True
14549,32963,current,False
14550,46464,current,False
14551,24041,current,False
14552,75829,new,False
14553,78832,new,False
14554,20184,current,False
14555,68681,new,True
14556,44604,current,True
14557,62101,new,False
14558,31032,current,False
14559,11719,current,False
14560,33288,current,False
14561,47071,current,True
14562,24530,current,False
14563,77692,new,False
14564,10302,current,True
14565,57847,new,True
14566,17572,current,False
14567,12355,current,False
14568,12037,current,False
14569,11078,current,False
14570,14997,current,False
14571,96235,new,False
14572,64842,new,True
14573,99875,new,False
14574,70140,new,True
14575,37306,current,True
14576,42055,current,True
14577,54896,new,False
14578,47913,current,True
14579,33780,current,False
14580,63211,new,True
14581,20770,current,False
14582,89902,new,False
14583,89643,new,False
14584,10991,current,False
14585,70477,new,False
14586,73980,new,True
14587,63644,new,True
14588,83188,new,True
14589,35762,current,True
14590,15649,current,False
14591,33464,current,False
14592,25294,current,False
14593,41568,current,False
14594,36650,current,True
14595,46537,current,False
14596,32693,current,True
14597,94679,new,False
14598,78657,new,False
14599,67957,new,True
14600,86559,new,True
14601,86870,new,True
14602,17370,current,False
14603,32031,current,False
14604,97087,new,False
14605,45787,current,True
14606,66251,new,True
14607,51845,new,False
14608,88133,new,False
14609,69296,new,False
14610,43712,current,False
14611,40009,current,True
14612,34698,current,False
14613,55743,new,True
14614,64891,new,True
14615,10507,current,True
14616,48726,current,True
14617,46921,current,False
14618,30065,current,False
14619,16605,current,False
14620,57202,new,False
14621,44874,current,False
14622,41896,current,False
14623,74718,new,True
14624,95362,new,False
14625,19967,current,True
14626,95069,new,True
14627,40633,current,False
14628,72790,new,True
14629,63123,new,False
14630,20740,current,True
14631,21596,current,False
14632,86208,new,True
14633,29463,current,False
14634,67109,new,False
14635,14260,current,False
14636,73858,new,False
14637,19890,current,True
14638,65872,new,False
14639,35207,current,True
14640,48173,current,False
14641,41118,current,True
14642,29611,current,False
14643,71278,new,False
14644,52617,new,True
14645,26592,current,False
14646,47436,current,False
14647,36435,current,False
14648,44903,current,False
14649,81693,new,False
14650,27109,current,False
14651,43165,current,True
14652,44448,current,True
14653,10384,current,False
14654,93595,new,True
14655,45479,current,False
14656,17372,current,False
14657,81574,new,True
14658,49052,current,True
14659,29252,current,False
14660,74583,new,False
14661,24254,current,False
14662,20983,current,False
14663,13768,current,False
14664,87257,new,False
14665,81302,new,True
14666,75117,new,False
14667,25581,current,False
14668,82057,new,True
14669,17411,current,True
14670,33045,current,True
14671,36596,current,False
14672,16157,current,True
14673,55539,new,False
14674,78532,new,True
14675,33544,current,True
14676,27380,current,False
14677,35200,current,True
14678,77349,new,True
14679,90109,new,False
14680,32186,current,False
14681,77133,new,True
14682,97371,new,True
14683,93736,new,True
14684,19221,current,False
14685,12694,current,False
14686,96055,new,False
14687,19387,current,False
14688,16835,current,False
14689,24240,current,False
14690,69595,new,False
14691,10264,current,False
14692,47191,current,False
14693,16427,current,True
14694,36327,current,False
14695,23051,current,False
14696,16165,current,False
14697,39643,current,False
14698,42510,current,True
14699,81392,new,False
14700,81705,new,False
14701,23742,current,True
14702,41076,current,False
14703,39612,current,False
14704,24613,current,True
14705,84717,new,True
14706,13640,current,False
14707,22278,current,False
14708,57269,new,False
14709,31976,current,False
14710,90035,new,False
14711,17075,current,False
14712,56080,new,False
14713,66871,new,False
14714,19742,current,False
14715,32864,current,False
14716,58015,new,False
14717,53020,new,True
14718,97152,new,True
14719,34185,current,False
14720,32163,current,False
14721,92179,new,True
14722,61148,new,False
14723,58253,new,False
14724,46677,current,False
14725,56434,new,True
14726,41607,current,False
14727,44968,current,False
14728,44256,current,False
14729,76486,new,True
14730,48054,current,True
14731,61278,new,False
14732,47471,current,True
14733,38575,current,False
14734,38811,current,False
14735,11850,current,False
14736,94034,new,False
14737,37682,current,False
14738,51263,new,False
14739,63815,new,False
14740,85463,new,True
14741,49537,current,False
14742,71883,new,False
14743,54474,new,True
14744,11330,current,False
14745,71348,new,True
14746,17067,current,False
14747,40503,current,False
14748,12424,current,False
14749,11447,current,True
14750,67971,new,True
14751,28724,current,False
14752,73626,new,True
14753,71362,new,False
14754,60747,new,False
14755,43204,current,False
14756,47043,current,True
14757,72673,new,False
14758,47442,current,False
14759,74627,new,True
14760,16947,current,False
14761,19429,current,True
14762,98897,new,True
14763,53328,new,False
14764,92035,new,True
14765,83550,new,True
14766,20117,current,False
14767,95956,new,False
14768,28358,current,True
14769,32018,current,False
14770,14121,current,False
14771,16033,current,False
14772,30449,current,False
14773,28208,current,True
14774,99223,new,True
14775,31544,current,False
14776,44381,current,True
14777,23654,current,True
14778,70755,new,False
14779,57837,new,False
14780,68583,new,True
14781,78754,new,False
14782,75815,new,False
14783,39750,current,False
14784,65434,new,False
14785,46830,current,False
14786,35958,current,False
14787,70098,new,True
14788,11549,current,False
14789,32624,current,False
14790,61855,new,False
14791,34514,current,False
14792,29948,current,False
14793,19942,current,False
14794,89742,new,False
14795,50002,new,True
14796,21748,current,False
14797,30903,current,False
14798,25648,current,False
14799,25715,current,False
14800,79194,new,True
14801,95376,new,True
14802,88860,new,False
14803,30173,current,False
14804,24301,current,False
14805,65049,new,False
14806,53670,new,True
14807,42556,current,False
14808,23917,current,False
14809,12192,current,True
14810,94463,new,True
14811,35385,current,False
14812,76487,new,True
14813,21444,current,True
14814,16533,current,False
14815,31283,current,False
14816,65329,new,True
14817,50107,new,False
14818,69830,new,True
14819,39364,current,False
14820,21803,current,False
14821,31759,current,False
14822,15462,current,False
14823,88988,new,False
14824,92148,new,True
14825,38123,current,False
14826,19714,current,False
14827,82352,new,False
14828,13786,current,True
14829,68407,new,True
14830,32827,current,True
14831,38702,current,False
14832,21221,current,False
14833,77967,new,True
14834,64931,new,True
14835,70785,new,True
14836,57825,new,True
14837,61218,new,False
14838,41815,current,False
14839,24847,current,True
14840,60084,new,False
14841,25815,current,False
14842,46330,current,False
14843,10638,current,False
14844,38223,current,False
14845,43752,current,False
14846,78745,new,False
14847,41393,current,False
14848,31313,current,False
14849,49561,current,False
14850,91203,new,False
14851,86044,new,False
14852,61674,new,False
14853,15155,current,True
14854,17864,current,False
14855,68662,new,False
14856,98124,new,False
14857,61261,new,True
14858,14192,current,False
14859,83136,new,False
14860,55134,new,True
14861,29456,current,False
14862,51241,new,True
14863,72726,new,False
14864,39795,current,True
14865,86483,new,True
14866,23266,current,False
14867,37791,current,True
14868,33102,current,False
14869,18978,current,False
14870,68785,new,False
14871,58617,new,False
14872,24751,current,True
14873,24333,current,True
14874,11451,current,False
14875,44962,current,False
14876,98726,new,True
14877,15872,current,True
14878,33646,current,False
14879,37323,current,True
14880,42940,current,False
14881,38434,current,False
14882,43232,current,False
14883,42089,current,False
14884,74866,new,False
14885,84643,new,False
14886,83757,new,False
14887,41633,current,True
14888,41284,current,False
14889,76128,new,True
14890,35212,current,False
14891,17112,current,False
14892,37807,current,True
14893,89130,new,True
14894,39196,current,False
14895,45629,current,False
14896,82812,new,False
14897,52006,new,True
14898,11124,current,False
14899,17407,current,False
14900,13821,current,False
14901,21701,current,True
14902,31447,current,False
14903,86592,new,True
14904,37208,current,True
14905,46222,current,False
14906,53678,new,False
14907,45432,current,False
14908,84271,new,False
14909,42964,current,False
14910,83889,new,False
14911,12438,current,False
14912,15690,current,False
14913,20279,current,True
14914,90019,new,True
14915,52837,new,True
14916,87862,new,True
14917,81669,new,False
14918,62638,new,False
14919,88053,new,False
14920,66744,new,True
14921,16359,current,False
14922,16385,current,False
14923,64973,new,True
14924,11763,current,False
14925,29515,current,False
14926,31221,current,True
14927,76670,new,False
14928,14265,current,False
14929,96980,new,False
14930,56783,new,False
14931,72576,new,False
14932,50137,new,False
14933,23275,current,True
14934,47435,current,False
14935,86310,new,True
14936,43802,current,False
14937,29252,current,True
14938,44553,current,True
14939,53654,new,False
14940,24388,current,False
14941,47790,current,True
14942,98306,new,False
14943,30250,current,True
14944,39515,current,False
14945,98275,new,False
14946,40452,current,True
14947,42259,current,False
14948,22520,current,False
14949,42853,current,False
14950,62465,new,False
14951,99338,new,False
14952,13548,current,True
14953,29803,current,False
14954,29438,current,False
14955,97816,new,False
14956,58199,new,False
14957,43723,current,False
14958,68218,new,False
14959,71179,new,True
14960,49883,current,True
14961,27264,current,False
14962,91999,new,False
14963,95627,new,False
14964,30213,current,False
14965,49207,current,False
14966,67888,new,False
14967,70999,new,False
14968,96864,new,True
14969,91081,new,False
14970,71444,new,False
14971,36872,current,True
14972,92626,new,False
14973,42878,current,False
14974,50382,new,True
14975,77682,new,True
14976,20284,current,False
14977,60790,new,False
14978,35952,current,False
14979,35889,current,False
14980,37735,current,False
14981,68771,new,True
14982,81355,new,False
14983,59655,new,False
14984,35953,current,False
14985,41819,current,False
14986,63029,new,False
14987,12862,current,False
14988,81420,new,False
14989,73072,new,False
14990,65538,new,False
14991,61330,new,False
14992,56641,new,False
14993,43514,current,True
14994,67224,new,False
14995,60684,new,False
14996,34500,current,True
14997,57744,new,False
14998,50145,new,True
14999,84012,new,True
15000,71505,new,True
15001,53642,new,False
15002,45184,current,True
15003,37766,current,False
15004,10781,current,True
15005,78112,new,True
15006,48055,current,False
15007,64651,new,True
15008,62548,new,True
15009,18229,current,True
15010,43935,current,False
15011,91297,new,False
15012,43849,current,False
15013,68960,new,False
15014,90822,new,False
15015,25950,current,False
15016,20247,current,True
15017,22642,current,False
15018,87351,new,False
15019,47290,current,True
15020,63543,new,True
15021,58385,new,False
15022,11404,current,False
15023,22302,current,False
15024,66473,new,False
15025,26924,current,False
15026,46128,current,False
15027,53641,new,False
15028,34264,current,True
15029,25738,current,False
15030,94290,new,False
15031,49946,current,False
15032,44684,current,False
15033,16191,current,True
15034,21074,current,False
15035,83996,new,False
15036,68663,new,True
15037,56952,new,False
15038,18223,current,True
15039,98470,new,False
15040,77318,new,False
15041,25988,current,False
15042,17442,current,True
15043,78726,new,True
15044,45611,current,False
15045,32216,current,True
15046,35015,current,False
15047,12206,current,False
15048,39321,current,True
15049,13018,current,False
15050,76240,new,False
15051,61523,new,True
15052,88442,new,True
15053,82843,new,False
15054,41893,current,False
15055,61640,new,True
15056,14418,current,True
15057,13582,current,False
15058,47294,current,False
15059,10946,current,True
15060,11916,current,False
15061,93141,new,False
15062,10311,current,False
15063,61767,new,False
15064,21482,current,False
15065,14541,current,False
15066,37145,current,False
15067,66576,new,True
15068,77879,new,False
15069,63249,new,False
15070,84796,new,True
15071,54114,new,False
15072,56733,new,False
15073,82415,new,False
15074,54680,new,False
15075,69971,new,False
15076,82973,new,False
15077,62986,new,False
15078,41341,current,False
15079,90299,new,True
15080,61307,new,False
15081,66030,new,False
15082,62416,new,False
15083,40383,current,False
15084,89055,new,True
15085,94295,new,True
15086,86286,new,True
15087,29061,current,False
15088,29238,current,True
15089,56692,new,True
15090,89107,new,False
15091,96179,new,False
15092,81626,new,False
15093,48203,current,False
15094,84095,new,False
15095,19046,current,False
15096,26482,current,False
15097,80877,new,True
15098,64143,new,True
15099,64035,new,True
15100,90153,new,True
15101,38889,current,True
15102,26277,current,False
15103,13300,current,True
15104,37384,current,False
15105,85184,new,True
15106,35557,current,False
15107,79225,new,False
15108,42055,current,False
15109,97182,new,False
15110,39976,current,False
15111,74515,new,False
15112,85163,new,False
15113,17233,current,False
15114,77524,new,False
15115,69571,new,False
15116,14257,current,False
15117,87559,new,True
15118,48521,current,False
15119,90963,new,False
15120,92920,new,False
15121,38486,current,False
15122,15888,current,False
15123,25159,current,True
15124,87844,new,False
15125,11861,current,True
15126,86450,new,False
15127,43446,current,False
15128,36814,current,False
15129,90319,new,True
15130,52823,new,True
15131,69544,new,True
15132,46301,current,False
15133,92003,new,False
15134,87796,new,False
15135,25597,current,False
15136,49650,current,False
15137,95400,new,False
15138,40170,current,False
15139,88114,new,False
15140,91415,new,False
15141,42981,current,True
15142,47121,current,False
15143,31531,current,False
15144,49293,current,True
15145,80509,new,True
15146,33651,current,False
15147,35726,current,True
15148,54890,new,False
15149,85556,new,True
15150,95793,new,False
15151,61115,new,False
15152,68606,new,False
15153,96820,new,True
15154,66973,new,True
15155,74821,new,True
15156,52341,new,False
15157,92265,new,True
15158,46366,current,False
15159,39758,current,False
15160,60572,new,True
15161,82436,new,True
15162,16674,current,True
15163,73445,new,True
15164,97798,new,True
15165,86216,new,True
15166,28633,current,False
15167,85647,new,True
15168,46367,current,False
15169,56015,new,False
15170,32226,current,False
15171,53991,new,False
15172,45569,current,False
15173,92995,new,False
15174,12607,current,False
15175,34121,current,False
15176,61598,new,True
15177,49258,current,False
15178,39462,current,False
15179,97969,new,False
15180,27266,current,True
15181,33440,current,True
15182,68854,new,False
15183,99341,new,False
15184,21640,current,True
15185,39061,current,False
15186,85597,new,True
15187,91737,new,True
15188,71718,new,False
15189,30167,current,False
15190,55055,new,True
15191,86577,new,False
15192,84152,new,False
15193,38500,current,False
15194,16832,current,False
15195,23869,current,False
15196,15570,current,False
15197,30768,current,False
15198,94536,new,True
15199,27278,current,True
15200,75411,new,False
15201,43837,current,False
15202,63727,new,True
15203,97935,new,False
15204,61188,new,True
15205,81374,new,False
15206,94230,new,True
15207,12510,current,False
15208,49718,current,False
15209,74533,new,True
15210,37737,current,True
15211,57837,new,True
15212,16141,current,True
15213,59005,new,True
15214,58945,new,False
15215,23911,current,False
15216,75334,new,True
15217,90050,new,True
15218,13472,current,False
15219,35816,current,False
15220,55923,new,True
15221,95599,new,True
15222,68647,new,True
15223,42013,current,False
15224,15252,current,False
15225,16573,current,False
15226,86228,new,True
15227,92777,new,False
15228,62747,new,False
15229,10481,current,False
15230,22651,current,False
15231,24580,current,False
15232,59774,new,True
15233,10261,current,True
15234,38976,current,True
15235,47352,current,False
15236,51786,new,False
15237,20924,current,True
15238,38133,current,False
15239,94646,new,True
15240,64383,new,True
15241,79035,new,True
15242,94143,new,True
15243,54774,new,True
15244,62000,new,False
15245,11788,current,False
15246,47451,current,False
15247,30637,current,False
15248,13340,current,True
15249,74635,new,True
15250,73560,new,False
15251,46709,current,True
15252,50878,new,True
15253,15260,current,False
15254,24048,current,True
15255,45636,current,False
15256,62362,new,False
15257,45982,current,False
15258,58820,new,False
15259,53725,new,True
15260,49153,current,False
15261,17252,current,False
15262,81846,new,True
15263,60494,new,True
15264,30088,current,False
15265,58966,new,False
15266,28320,current,False
15267,53827,new,False
15268,14122,current,True
15269,82294,new,False
15270,79151,new,True
15271,39283,current,False
15272,16137,current,True
15273,40128,current,False
15274,87339,new,False
15275,26099,current,False
15276,12891,current,False
15277,74193,new,False
15278,40603,current,False
15279,17536,current,False
15280,75011,new,True
15281,99479,new,True
15282,76704,new,True
15283,54130,new,False
15284,51065,new,False
15285,50864,new,True
15286,49196,current,False
15287,37743,current,True
15288,68382,new,False
15289,26862,current,False
15290,81626,new,False
15291,39516,current,False
15292,23574,current,False
15293,10960,current,False
15294,16826,current,True
15295,36162,current,False
15296,37255,current,False
15297,87695,new,False
15298,77032,new,True
15299,29877,current,False
15300,31310,current,True
15301,40484,current,True
15302,18459,current,True
15303,61591,new,True
15304,26174,current,False
15305,76337,new,True
15306,82824,new,True
15307,27860,current,False
15308,27981,current,False
15309,81127,new,True
15310,66551,new,False
15311,52394,new,False
15312,39342,current,False
15313,92123,new,False
15314,88836,new,False
15315,68445,new,True
15316,53909,new,True
15317,34164,current,False
15318,30137,current,True
15319,89480,new,False
15320,13049,current,False
15321,95298,new,False
15322,65850,new,False
15323,60042,new,False
15324,76183,new,True
15325,10630,current,False
15326,71373,new,True
15327,99389,new,False
15328,38899,current,True
15329,54768,new,True
15330,21977,current,False
15331,54081,new,False
15332,51409,new,False
15333,56277,new,True
15334,64716,new,True
15335,86393,new,True
15336,19682,current,True
15337,81489,new,True
15338,12683,current,False
15339,61713,new,True
15340,95178,new,True
15341,47947,current,False
15342,18479,current,False
15343,22114,current,False
15344,48220,current,True
15345,83418,new,True
15346,65665,new,True
15347,54054,new,True
15348,26584,current,False
15349,44471,current,False
15350,25955,current,True
15351,39162,current,False
15352,64881,new,False
15353,15914,current,False
15354,51389,new,False
15355,57550,new,False
15356,37512,current,True
15357,78017,new,True
15358,90010,new,True
15359,42796,current,True
15360,73186,new,False
15361,72234,new,True
15362,83179,new,True
15363,38922,current,True
15364,47864,current,False
15365,76721,new,False
15366,17469,current,False
15367,30217,current,False
15368,41451,current,False
15369,71797,new,False
15370,14962,current,False
15371,57558,new,True
15372,38494,current,True
15373,88605,new,False
15374,21682,current,False
15375,48791,current,False
15376,68242,new,False
15377,71629,new,False
15378,58317,new,True
15379,31933,current,False
15380,68052,new,False
15381,15219,current,True
15382,12776,current,False
15383,13624,current,False
15384,93212,new,False
15385,87072,new,True
15386,18218,current,False
15387,73896,new,False
15388,42451,current,False
15389,45005,current,False
15390,69230,new,True
15391,38317,current,False
15392,87729,new,True
15393,36814,current,False
15394,48019,current,False
15395,40756,current,False
15396,53316,new,False
15397,99001,new,False
15398,54466,new,False
15399,50851,new,False
15400,39584,current,True
15401,32843,current,False
15402,31073,current,False
15403,97753,new,False
15404,11722,current,True
15405,64181,new,True
15406,12312,current,True
15407,52939,new,False
15408,38480,current,False
15409,40304,current,True
15410,25144,current,True
15411,92048,new,True
15412,19901,current,False
15413,69313,new,False
15414,29740,current,False
15415,40415,current,False
15416,73867,new,False
15417,62119,new,False
15418,12661,current,False
15419,34144,current,True
15420,34384,current,False
15421,22932,current,False
15422,27362,current,True
15423,77440,new,True
15424,41035,current,False
15425,69222,new,True
15426,82595,new,False
15427,67996,new,True
15428,76675,new,True
15429,92925,new,False
15430,53178,new,False
15431,22297,current,True
15432,98075,new,True
15433,26450,current,False
15434,71300,new,False
15435,10368,current,True
15436,21053,current,True
15437,30919,current,False
15438,30333,current,True
15439,44360,current,False
15440,14799,current,False
15441,31385,current,True
15442,69398,new,False
15443,47296,current,True
15444,80423,new,False
15445,45988,current,True
15446,33289,current,False
15447,65664,new,False
15448,72504,new,True
15449,33210,current,True
15450,44384,current,True
15451,10370,current,False
15452,70611,new,False
15453,86182,new,True
15454,69296,new,True
15455,12532,current,False
15456,63821,new,False
15457,16454,current,True
15458,89939,new,True
15459,57402,new,True
15460,29542,current,True
15461,39036,current,False
15462,39209,current,False
15463,67468,new,False
15464,73396,new,True
15465,79074,new,True
15466,44218,current,False
15467,35863,current,True
15468,51682,new,False
15469,62741,new,True
15470,66483,new,False
15471,12108,current,False
15472,74401,new,False
15473,49414,current,False
15474,38072,current,True
15475,30010,current,False
15476,33416,current,False
15477,14076,current,True
15478,83051,new,False
15479,72249,new,False
15480,17519,current,False
15481,74689,new,False
15482,84471,new,False
15483,93292,new,True
15484,65062,new,False
15485,16094,current,True
15486,57849,new,True
15487,48516,current,True
15488,15813,current,False
15489,79847,new,False
15490,83607,new,False
15491,69108,new,False
15492,10855,current,True
15493,18741,current,False
15494,85409,new,False
15495,12646,current,True
15496,12764,current,False
15497,45912,current,True
15498,59269,new,True
15499,57463,new,False
15500,16266,current,False
15501,18799,current,False
15502,59398,new,False
15503,40283,current,False
15504,70830,new,False
15505,13024,current,True
15506,14896,current,True
15507,94013,new,True
15508,97056,new,False
15509,20740,current,False
15510,65377,new,False
15511,73087,new,False
15512,48363,current,True
15513,57441,new,False
15514,34963,current,False
15515,29465,current,True
15516,69196,new,False
15517,79501,new,False
15518,35301,current,False
15519,14325,current,False
15520,58052,new,False
15521,82324,new,True
15522,48468,current,False
15523,80308,new,True
15524,37377,current,False
15525,61174,new,True
15526,43531,current,False
15527,93885,new,False
15528,25064,current,True
15529,17544,current,False
15530,95784,new,False
15531,67847,new,False
15532,29346,current,False
15533,72458,new,False
15534,38902,current,True
15535,74456,new,False
15536,14591,current,True
15537,41377,current,False
15538,71832,new,False
15539,90746,new,False
15540,12957,current,False
15541,56190,new,False
15542,31557,current,False
15543,15184,current,False
15544,71547,new,True
15545,57554,new,True
15546,36065,current,False
15547,82585,new,True
15548,66115,new,False
15549,95918,new,True
15550,53208,new,False
15551,74119,new,False
15552,11418,current,False
15553,71442,new,True
15554,68172,new,False
15555,25462,current,True
15556,65750,new,False
15557,24926,current,False
15558,17510,current,False
15559,26272,current,False
15560,17851,current,False
15561,58527,new,False
15562,70480,new,True
15563,88822,new,False
15564,60680,new,True
15565,52876,new,True
15566,94061,new,True
15567,35948,current,False
15568,35138,current,False
15569,80260,new,False
15570,81792,new,True
15571,51573,new,False
15572,67047,new,True
15573,19943,current,True
15574,94125,new,True
15575,15862,current,False
15576,47331,current,False
15577,77833,new,False
15578,82591,new,True
15579,53153,new,False
15580,19963,current,True
15581,10735,current,False
15582,22018,current,False
15583,70006,new,False
15584,39730,current,False
15585,17256,current,False
15586,65469,new,True
15587,38868,current,False
15588,72105,new,False
15589,36077,current,True
15590,36702,current,False
15591,95761,new,False
15592,56842,new,False
15593,59297,new,True
15594,54216,new,False
15595,72908,new,True
15596,39103,current,False
15597,22916,current,True
15598,46496,current,False
15599,37234,current,False
15600,95292,new,False
15601,12804,current,False
15602,60492,new,False
15603,68313,new,True
15604,86278,new,False
15605,18198,current,False
15606,27283,current,False
15607,83031,new,False
15608,52805,new,False
15609,51666,new,False
15610,19870,current,True
15611,59581,new,True
15612,85790,new,False
15613,76320,new,True
15614,94770,new,True
15615,23780,current,False
15616,89128,new,False
15617,26695,current,False
15618,26249,current,True
15619,39168,current,False
15620,97008,new,True
15621,55211,new,True
15622,94736,new,False
15623,83639,new,False
15624,89649,new,True
15625,37976,current,False
15626,48216,current,False
15627,83709,new,False
15628,41453,current,True
15629,40915,current,True
15630,68549,new,False
15631,36610,current,True
15632,26862,current,False
15633,94501,new,True
15634,99202,new,False
15635,39620,current,True
15636,49072,current,False
15637,28990,current,False
15638,61096,new,False
15639,80170,new,False
15640,67811,new,False
15641,14912,current,False
15642,64982,new,False
15643,26183,current,True
15644,19027,current,False
15645,59605,new,True
15646,61731,new,False
15647,45476,current,False
15648,93823,new,False
15649,64001,new,False
15650,92205,new,True
15651,15681,current,False
15652,16767,current,False
15653,54592,new,True
15654,63322,new,True
15655,69118,new,True
15656,28160,current,False
15657,47127,current,False
15658,24820,current,False
15659,32618,current,False
15660,43143,current,False
15661,33912,current,True
15662,63612,new,True
15663,28142,current,False
15664,86241,new,True
15665,84321,new,True
15666,98323,new,False
15667,36355,current,False
15668,66310,new,False
15669,45312,current,True
15670,49711,current,True
15671,80572,new,True
15672,48235,current,True
15673,21170,current,True
15674,20560,current,False
15675,66130,new,True
15676,84870,new,True
15677,60059,new,True
15678,44946,current,False
15679,60821,new,False
15680,35026,current,False
15681,80637,new,False
15682,62345,new,True
15683,56704,new,True
15684,65103,new,False
15685,83165,new,True
15686,26744,current,False
15687,54276,new,False
15688,13077,current,False
15689,14182,current,False
15690,88480,new,True
15691,52708,new,False
15692,57427,new,False
15693,14245,current,False
15694,98633,new,True
15695,80229,new,True
15696,66556,new,True
15697,25393,current,True
15698,12486,current,False
15699,43882,current,False
15700,90511,new,True
15701,76782,new,True
15702,54431,new,False
15703,63625,new,True
15704,23635,current,False
15705,38747,current,False
15706,94096,new,False
15707,33089,current,False
15708,32046,current,True
15709,99915,new,True
15710,96884,new,True
15711,62219,new,True
15712,46971,current,True
15713,47509,current,False
15714,41140,current,False
15715,67966,new,True
15716,35212,current,False
15717,51478,new,False
15718,95615,new,False
15719,13487,current,True
15720,87022,new,True
15721,71215,new,True
15722,57371,new,True
15723,24396,current,False
15724,12426,current,False
15725,12875,current,False
15726,83515,new,False
15727,89923,new,False
15728,76020,new,True
15729,80558,new,True
15730,17608,current,False
15731,66266,new,True
15732,43308,current,True
15733,45678,current,False
15734,58984,new,True
15735,28977,current,False
15736,77127,new,False
15737,95937,new,False
15738,72805,new,True
15739,87725,new,False
15740,98563,new,False
15741,33282,current,True
15742,36423,current,True
15743,33642,current,True
15744,41362,current,False
15745,34787,current,False
15746,63904,new,False
15747,48313,current,True
15748,86408,new,False
15749,89850,new,False
15750,49455,current,True
15751,18362,current,False
15752,61608,new,True
15753,40719,current,True
15754,49695,current,False
15755,75848,new,False
15756,17671,current,True
15757,74265,new,False
15758,36583,current,False
15759,49934,current,False
15760,61388,new,False
15761,18114,current,True
15762,28646,current,False
15763,50758,new,False
15764,25135,current,False
15765,42134,current,False
15766,75197,new,False
15767,43522,current,False
15768,41984,current,False
15769,48269,current,False
15770,35319,current,False
15771,24570,current,False
15772,50743,new,False
15773,56567,new,True
15774,77547,new,False
15775,73081,new,False
15776,96733,new,False
15777,73989,new,True
15778,74283,new,True
15779,70479,new,False
15780,14510,current,True
15781,39604,current,True
15782,59251,new,False
15783,23594,current,True
15784,79746,new,False
15785,83081,new,False
15786,19375,current,False
15787,17166,current,False
15788,44488,current,False
15789,39082,current,False
15790,53339,new,False
15791,33589,current,True
15792,76419,new,True
15793,31982,current,True
15794,40385,current,False
15795,62982,new,False
15796,60821,new,False
15797,16723,current,False
15798,94980,new,False
15799,44313,current,True
15800,65049,new,False
15801,58631,new,False
15802,51746,new,True
15803,73352,new,True
15804,65128,new,True
15805,59722,new,True
15806,11249,current,False
15807,71555,new,False
15808,32716,current,False
15809,96953,new,False
15810,11310,current,False
15811,98178,new,True
15812,34185,current,False
15813,55280,new,False
15814,88139,new,False
15815,64754,new,True
15816,63975,new,False
15817,33223,current,False
15818,91451,new,False
15819,85609,new,False
15820,59359,new,True
15821,81873,new,True
15822,25795,current,False
15823,18211,current,False
15824,89984,new,False
15825,46149,current,False
15826,53436,new,False
15827,44342,current,True
15828,66006,new,True
15829,85848,new,False
15830,99993,new,False
15831,30400,current,False
15832,25492,current,False
15833,35802,current,False
15834,86266,new,False
15835,33309,current,False
15836,12153,current,True
15837,91982,new,True
15838,35869,current,False
15839,67700,new,True
15840,92797,new,True
15841,76516,new,False
15842,38634,current,False
15843,17831,current,False
15844,62108,new,True
15845,85467,new,True
15846,79889,new,True
15847,45766,current,True
15848,65989,new,False
15849,30401,current,False
15850,49958,current,False
15851,69719,new,True
15852,28311,current,True
15853,39731,current,False
15854,28688,current,False
15855,84024,new,False
15856,79682,new,True
15857,78743,new,True
15858,33611,current,True
15859,18739,current,False
15860,53698,new,False
15861,61683,new,True
15862,45187,current,False
15863,79509,new,True
15864,68135,new,False
15865,33803,current,False
15866,67930,new,True
15867,82069,new,False
15868,80941,new,False
15869,21265,current,True
15870,31024,current,False
15871,83659,new,False
15872,48032,current,False
15873,33498,current,True
15874,79287,new,False
15875,77574,new,False
15876,48146,current,False
15877,38061,current,True
15878,47652,current,False
15879,57180,new,False
15880,75763,new,True
15881,10887,current,False
15882,95879,new,True
15883,88936,new,True
15884,91873,new,False
15885,47328,current,False
15886,49375,current,False
15887,56267,new,False
15888,14971,current,True
15889,20034,current,True
15890,46831,current,True
15891,37541,current,False
15892,41631,current,False
15893,70336,new,True
15894,86544,new,False
15895,13514,current,False
15896,98506,new,True
15897,19575,current,False
15898,22315,current,False
15899,41700,current,False
15900,99835,new,True
15901,89260,new,False
15902,47595,current,False
15903,45615,current,False
15904,63595,new,True
15905,36317,current,False
15906,63256,new,False
15907,79811,new,False
15908,40344,current,False
15909,86407,new,False
15910,21931,current,True
15911,72321,new,True
15912,12749,current,True
15913,94368,new,False
15914,73622,new,True
15915,89230,new,False
15916,35267,current,True
15917,84088,new,False
15918,33181,current,False
15919,65217,new,True
15920,34498,current,False
15921,62643,new,True
15922,33009,current,False
15923,42998,current,True
15924,71887,new,True
15925,20533,current,True
15926,98804,new,True
15927,85553,new,True
15928,14276,current,True
15929,62155,new,False
15930,29228,current,False
15931,85226,new,True
15932,69533,new,True
15933,64322,new,True
15934,12732,current,False
15935,55320,new,True
15936,11955,current,True
15937,50266,new,True
15938,33983,current,False
15939,42877,current,False
15940,92904,new,True
15941,25239,current,False
15942,61168,new,False
15943,46515,current,True
15944,93467,new,True
15945,38088,current,False
15946,53783,new,True
15947,44651,current,True
15948,35831,current,False
15949,48691,current,False
15950,47384,current,False
15951,90108,new,False
15952,50392,new,True
15953,46494,current,True
15954,63214,new,False
15955,51027,new,True
15956,42035,current,False
15957,39070,current,False
15958,76595,new,False
15959,47171,current,False
15960,48134,current,True
15961,48326,current,False
15962,98858,new,False
15963,24348,current,True
15964,64831,new,True
15965,17792,current,False
15966,98924,new,True
15967,33802,current,False
15968,30860,current,False
15969,38033,current,False
15970,38860,current,False
15971,22902,current,False
15972,12963,current,False
15973,99071,new,True
15974,71420,new,False
15975,54472,new,True
15976,41589,current,False
15977,83237,new,True
15978,42599,current,True
15979,35655,current,False
15980,64334,new,False
15981,47598,current,False
15982,12713,current,False
15983,55060,new,True
15984,12997,current,False
15985,85555,new,True
15986,66606,new,False
15987,35957,current,False
15988,39122,current,True
15989,24702,current,False
15990,38410,current,False
15991,82504,new,False
15992,85278,new,True
15993,90774,new,True
15994,92827,new,False
15995,82599,new,True
15996,41763,current,True
15997,93560,new,True
15998,48058,current,False
15999,93762,new,False
16000,51535,new,True
16001,22830,current,False
16002,89554,new,False
16003,10883,current,True
16004,11360,current,False
16005,50703,new,True
16006,71749,new,False
16007,44800,current,False
16008,73706,new,True
16009,58255,new,True
16010,12102,current,False
16011,44222,current,False
16012,28013,current,False
16013,78810,new,False
16014,73548,new,False
16015,97347,new,True
16016,83534,new,False
16017,61356,new,True
16018,99943,new,False
16019,67174,new,True
16020,62462,new,True
16021,41445,current,False
16022,99184,new,False
16023,83179,new,True
16024,45232,current,True
16025,11630,current,True
16026,38212,current,True
16027,51724,new,False
16028,17077,current,False
16029,19536,current,False
16030,98393,new,False
16031,54026,new,False
16032,35745,current,True
16033,55404,new,True
16034,85693,new,False
16035,86676,new,False
16036,48494,current,False
16037,52099,new,False
16038,40061,current,False
16039,28645,current,False
16040,96347,new,True
16041,26671,current,False
16042,22929,current,False
16043,16463,current,False
16044,58019,new,False
16045,50149,new,False
16046,99116,new,True
16047,81274,new,False
16048,73185,new,False
16049,19000,current,False
16050,23288,current,False
16051,51927,new,False
16052,36835,current,False
16053,96655,new,True
16054,68188,new,False
16055,19367,current,True
16056,48653,current,False
16057,68142,new,True
16058,35243,current,False
16059,70367,new,False
16060,18504,current,True
16061,23556,current,False
16062,44614,current,False
16063,46872,current,False
16064,68103,new,False
16065,55910,new,False
16066,76598,new,True
16067,27691,current,False
16068,60189,new,False
16069,59028,new,True
16070,34259,current,True
16071,95315,new,False
16072,98769,new,False
16073,32739,current,False
16074,34389,current,False
16075,75465,new,False
16076,81564,new,False
16077,65625,new,False
16078,52052,new,False
16079,12066,current,True
16080,99527,new,False
16081,77063,new,True
16082,32389,current,False
16083,15343,current,True
16084,49257,current,False
16085,15181,current,False
16086,18076,current,False
16087,34722,current,False
16088,77631,new,False
16089,70609,new,True
16090,25152,current,False
16091,49190,current,True
16092,10854,current,True
16093,65127,new,True
16094,71565,new,True
16095,84222,new,True
16096,88126,new,False
16097,28073,current,False
16098,21749,current,False
16099,51718,new,True
16100,33793,current,False
16101,85383,new,True
16102,15467,current,False
16103,29537,current,False
16104,50751,new,True
16105,77009,new,False
16106,19772,current,False
16107,95902,new,False
16108,41983,current,False
16109,54392,new,False
16110,43852,current,False
16111,26385,current,True
16112,13438,current,False
16113,63754,new,True
16114,13993,current,False
16115,47867,current,False
16116,81632,new,True
16117,39954,current,True
16118,22631,current,False
16119,37251,current,True
16120,42027,current,True
16121,94237,new,False
16122,72375,new,False
16123,26919,current,False
16124,51861,new,False
16125,24114,current,True
16126,10627,current,False
16127,89211,new,False
16128,24053,current,True
16129,71762,new,False
16130,68465,new,True
16131,46698,current,False
16132,31050,current,False
16133,66852,new,True
16134,23204,current,False
16135,93033,new,True
16136,77964,new,True
16137,12212,current,False
16138,51640,new,False
16139,38368,current,False
16140,10660,current,False
16141,14501,current,False
16142,12323,current,False
16143,14594,current,False
16144,68362,new,False
16145,34902,current,False
16146,18632,current,True
16147,34201,current,True
16148,34839,current,False
16149,77972,new,True
16150,40497,current,False
16151,68045,new,False
16152,54415,new,False
16153,95604,new,True
16154,31679,current,False
16155,41603,current,True
16156,21174,current,False
16157,49623,current,True
16158,65394,new,True
16159,88081,new,True
16160,35867,current,False
16161,74726,new,True
16162,53848,new,False
16163,24693,current,False
16164,11252,current,True
16165,20509,current,False
16166,49914,current,True
16167,35904,current,False
16168,38650,current,False
16169,35112,current,True
16170,95778,new,True
16171,70799,new,False
16172,11799,current,True
16173,16403,current,True
16174,83002,new,True
16175,82116,new,True
16176,39843,current,True
16177,43662,current,False
16178,76081,new,False
16179,83431,new,True
16180,82386,new,False
16181,32067,current,False
16182,86754,new,True
16183,75764,new,False
16184,84140,new,True
16185,22971,current,False
16186,36330,current,True
16187,77654,new,True
16188,56026,new,False
16189,28321,current,True
16190,34262,current,False
16191,12817,current,False
16192,71993,new,False
16193,21816,current,True
16194,11572,current,True
16195,11631,current,False
16196,94264,new,False
16197,53331,new,True
16198,27683,current,False
16199,84546,new,False
16200,62491,new,False
16201,97536,new,True
16202,21917,current,False
16203,47990,current,False
16204,45371,current,False
16205,26383,current,True
16206,36362,current,False
16207,85604,new,False
16208,33057,current,False
16209,21402,current,True
16210,99688,new,False
16211,60543,new,False
16212,34070,current,False
16213,47490,current,False
16214,66933,new,True
16215,98699,new,False
16216,72571,new,False
16217,67450,new,True
16218,54704,new,False
16219,59182,new,False
16220,75552,new,False
16221,59800,new,False
16222,30655,current,False
16223,45628,current,False
16224,48776,current,False
16225,46154,current,True
16226,87264,new,True
16227,34220,current,True
16228,33055,current,False
16229,41490,current,True
16230,52898,new,True
16231,34599,current,False
16232,71744,new,False
16233,31973,current,False
16234,23992,current,False
16235,25771,current,True
16236,88362,new,True
16237,65898,new,False
16238,20670,current,False
16239,17937,current,True
16240,30104,current,False
16241,85048,new,False
16242,24973,current,False
16243,41932,current,False
16244,43296,current,False
16245,90219,new,False
16246,36668,current,False
16247,38228,current,False
16248,86527,new,True
16249,27363,current,False
16250,99703,new,True
16251,13517,current,False
16252,68064,new,True
16253,58047,new,True
16254,93573,new,True
16255,37269,current,False
16256,31163,current,False
16257,45807,current,False
16258,17172,current,True
16259,19410,current,False
16260,56901,new,True
16261,46545,current,False
16262,87119,new,True
16263,45536,current,False
16264,87405,new,True
16265,20540,current,False
16266,78821,new,False
16267,57337,new,True
16268,29711,current,True
16269,22949,current,False
16270,33942,current,False
16271,23952,current,False
16272,49614,current,False
16273,98510,new,False
16274,43812,current,False
16275,93843,new,False
16276,27063,current,True
16277,27212,current,False
16278,99703,new,True
16279,33661,current,False
16280,49823,current,False
16281,43405,current,True
16282,24113,current,True
16283,19255,current,False
16284,35163,current,False
16285,87770,new,True
16286,91372,new,False
16287,80153,new,False
16288,25552,current,False
16289,78356,new,False
16290,29032,current,False
16291,18394,current,True
16292,40524,current,False
16293,26083,current,False
16294,72457,new,False
16295,55881,new,False
16296,12492,current,False
16297,22754,current,False
16298,45466,current,False
16299,68064,new,True
16300,78761,new,False
16301,60664,new,True
16302,57315,new,True
16303,41381,current,True
16304,90692,new,False
16305,58724,new,False
16306,26109,current,False
16307,68948,new,False
16308,95542,new,False
16309,19391,current,False
16310,97425,new,True
16311,73652,new,False
16312,95157,new,True
16313,60986,new,False
16314,44471,current,True
16315,20376,current,False
16316,29230,current,False
16317,54120,new,False
16318,95119,new,False
16319,47812,current,True
16320,17895,current,False
16321,12170,current,True
16322,53435,new,True
16323,73349,new,False
16324,97753,new,False
16325,56441,new,True
16326,71615,new,True
16327,36236,current,False
16328,24603,current,False
16329,75213,new,False
16330,66220,new,False
16331,35303,current,False
16332,16682,current,True
16333,32645,current,True
16334,81566,new,True
16335,59186,new,True
16336,16161,current,False
16337,18098,current,False
16338,65043,new,False
16339,22742,current,False
16340,37906,current,False
16341,43715,current,False
16342,67512,new,False
16343,54716,new,False
16344,55012,new,False
16345,40530,current,True
16346,50602,new,False
16347,10739,current,True
16348,45657,current,False
16349,14632,current,False
16350,55119,new,False
16351,87027,new,True
16352,54155,new,True
16353,79023,new,False
16354,44912,current,True
16355,53101,new,False
16356,17265,current,False
16357,10776,current,False
16358,10575,current,False
16359,68986,new,True
16360,95953,new,True
16361,72459,new,True
16362,34236,current,False
16363,54963,new,False
16364,56059,new,True
16365,71963,new,False
16366,14328,current,False
16367,69982,new,True
16368,87902,new,True
16369,29587,current,False
16370,69268,new,False
16371,98329,new,False
16372,83297,new,False
16373,95264,new,False
16374,30132,current,False
16375,90555,new,False
16376,90082,new,True
16377,19930,current,False
16378,43434,current,True
16379,12434,current,False
16380,17103,current,False
16381,90876,new,True
16382,43149,current,False
16383,98824,new,False
16384,30388,current,True
16385,30613,current,True
16386,30799,current,False
16387,48991,current,False
16388,65669,new,False
16389,85699,new,False
16390,65852,new,True
16391,73015,new,True
16392,29221,current,False
16393,25768,current,False
16394,66371,new,False
16395,62715,new,False
16396,42491,current,False
16397,83722,new,True
16398,47924,current,True
16399,19543,current,False
16400,22109,current,False
16401,37661,current,False
16402,67361,new,True
16403,42575,current,False
16404,73956,new,True
16405,57717,new,False
16406,85732,new,True
16407,10036,current,True
16408,91605,new,True
16409,83942,new,True
16410,84861,new,False
16411,67611,new,False
16412,68788,new,True
16413,30292,current,False
16414,72968,new,False
16415,10921,current,False
16416,77021,new,True
16417,63444,new,False
16418,76080,new,True
16419,97622,new,False
16420,47761,current,False
16421,39875,current,True
16422,20292,current,False
16423,65694,new,False
16424,54760,new,False
16425,11103,current,False
16426,10276,current,False
16427,88964,new,True
16428,31632,current,False
16429,16574,current,False
16430,81800,new,True
16431,17395,current,False
16432,40115,current,False
16433,51565,new,False
16434,17073,current,True
16435,11055,current,False
16436,74653,new,False
16437,42917,current,True
16438,54818,new,True
16439,28520,current,False
16440,99912,new,True
16441,92602,new,False
16442,71249,new,True
16443,28214,current,True
16444,34073,current,True
16445,63213,new,False
16446,49916,current,False
16447,11186,current,False
16448,50668,new,True
16449,30957,current,False
16450,78201,new,True
16451,64653,new,True
16452,40157,current,True
16453,25569,current,True
16454,14785,current,True
16455,20827,current,False
16456,55119,new,False
16457,46871,current,False
16458,24691,current,True
16459,18908,current,True
16460,99755,new,False
16461,42907,current,True
16462,90147,new,False
16463,42601,current,True
16464,84554,new,False
16465,65303,new,True
16466,35329,current,False
16467,33172,current,True
16468,36334,current,False
16469,22760,current,False
16470,10666,current,False
16471,24510,current,False
16472,11569,current,False
16473,51470,new,False
16474,24113,current,False
16475,69750,new,True
16476,88064,new,True
16477,26939,current,True
16478,52747,new,False
16479,66368,new,False
16480,94093,new,True
16481,93473,new,False
16482,99855,new,True
16483,73527,new,True
16484,14036,current,True
16485,38073,current,True
16486,25380,current,False
16487,36242,current,True
16488,25901,current,False
16489,24693,current,True
16490,69367,new,True
16491,13196,current,True
16492,97354,new,True
16493,59313,new,False
16494,73569,new,False
16495,13382,current,False
16496,77183,new,False
16497,69992,new,True
16498,62991,new,True
16499,68338,new,True
16500,22160,current,True
16501,74435,new,False
16502,84643,new,True
16503,63286,new,False
16504,77183,new,False
16505,53695,new,False
16506,54604,new,False
16507,33302,current,True
16508,56558,new,False
16509,58919,new,True
16510,97926,new,False
16511,12723,current,False
16512,94032,new,False
16513,11580,current,False
16514,20815,current,False
16515,90456,new,True
16516,95647,new,False
16517,73438,new,False
16518,72699,new,False
16519,32843,current,False
16520,23381,current,False
16521,21546,current,False
16522,99705,new,False
16523,93125,new,False
16524,36082,current,False
16525,78937,new,False
16526,53615,new,True
16527,34919,current,False
16528,37366,current,True
16529,54666,new,False
16530,69684,new,False
16531,19610,current,False
16532,20135,current,False
16533,63279,new,False
16534,31604,current,False
16535,46575,current,False
16536,76330,new,False
16537,58621,new,True
16538,40717,current,False
16539,62557,new,False
16540,75072,new,False
16541,50922,new,True
16542,80106,new,True
16543,66237,new,True
16544,61904,new,False
16545,60761,new,False
16546,20939,current,True
16547,75144,new,True
16548,33778,current,False
16549,25972,current,False
16550,15145,current,True
16551,99661,new,False
16552,76267,new,False
16553,61847,new,True
16554,81785,new,True
16555,85525,new,True
16556,18934,current,False
16557,39049,current,True
16558,84173,new,False
16559,28957,current,True
16560,60220,new,False
16561,45805,current,False
16562,95384,new,False
16563,27856,current,True
16564,23267,current,True
16565,70116,new,False
16566,99474,new,True
16567,85677,new,False
16568,87169,new,True
16569,73596,new,False
16570,96780,new,False
16571,61195,new,True
16572,84115,new,True
16573,20274,current,False
16574,46137,current,False
16575,99313,new,False
16576,94475,new,True
16577,80914,new,True
16578,12436,current,False
16579,25670,current,False
16580,73926,new,True
16581,26411,current,False
16582,46880,current,False
16583,97299,new,True
16584,88659,new,True
16585,97900,new,True
16586,43305,current,False
16587,52212,new,False
16588,85759,new,True
16589,94086,new,False
16590,51184,new,True
16591,30218,current,True
16592,81955,new,False
16593,58185,new,False
16594,86530,new,False
16595,31195,current,True
16596,53482,new,False
16597,59466,new,True
16598,41023,current,False
16599,70502,new,True
16600,33285,current,True
16601,85037,new,True
16602,80604,new,False
16603,90617,new,False
16604,46858,current,False
16605,18230,current,False
16606,64228,new,False
16607,45626,current,False
16608,81804,new,True
16609,61715,new,False
16610,41215,current,False
16611,44781,current,False
16612,89559,new,True
16613,40737,current,False
16614,43491,current,False
16615,23849,current,False
16616,13158,current,False
16617,13387,current,False
16618,55706,new,True
16619,82696,new,False
16620,53500,new,False
16621,58169,new,True
16622,83248,new,False
16623,25414,current,False
16624,25429,current,False
16625,60918,new,False
16626,53109,new,False
16627,31952,current,False
16628,71183,new,False
16629,49412,current,True
16630,69397,new,True
16631,39629,current,False
16632,79474,new,True
16633,27738,current,False
16634,77428,new,False
16635,65014,new,False
16636,45902,current,False
16637,55119,new,False
16638,50160,new,True
16639,14686,current,False
16640,39339,current,True
16641,45682,current,False
16642,78392,new,False
16643,14832,current,False
16644,24979,current,True
16645,61875,new,True
16646,27381,current,False
16647,13413,current,False
16648,50500,new,True
16649,84361,new,False
16650,58411,new,False
16651,57812,new,True
16652,82072,new,True
16653,22876,current,True
16654,28226,current,False
16655,16029,current,True
16656,92285,new,True
16657,44718,current,True
16658,90183,new,False
16659,17772,current,True
16660,82530,new,True
16661,53634,new,True
16662,40010,current,True
16663,97466,new,False
16664,17733,current,False
16665,51206,new,False
16666,57392,new,False
16667,99919,new,False
16668,56015,new,True
16669,84035,new,True
16670,98053,new,False
16671,53572,new,True
16672,32328,current,False
16673,71494,new,True
16674,31956,current,True
16675,91372,new,True
16676,29999,current,False
16677,66045,new,False
16678,84276,new,False
16679,16309,current,False
16680,77200,new,False
16681,24449,current,False
16682,19806,current,False
16683,74217,new,False
16684,96348,new,False
16685,12276,current,False
16686,73369,new,False
16687,29034,current,False
16688,30040,current,True
16689,54424,new,True
16690,21209,current,False
16691,65175,new,False
16692,83057,new,False
16693,21991,current,False
16694,60420,new,True
16695,39191,current,True
16696,31646,current,False
16697,60759,new,True
16698,90743,new,True
16699,26341,current,False
16700,64423,new,True
16701,72225,new,True
16702,63203,new,False
16703,70029,new,True
16704,18297,current,False
16705,77639,new,False
16706,50227,new,True
16707,96129,new,False
16708,43865,current,False
16709,85244,new,False
16710,39697,current,True
16711,24705,current,False
16712,28645,current,True
16713,30566,current,False
16714,24886,current,False
16715,88402,new,True
16716,68634,new,True
16717,77916,new,False
16718,73679,new,True
16719,69741,new,False
16720,60946,new,True
16721,58137,new,False
16722,13134,current,False
16723,56460,new,True
16724,35190,current,False
16725,11188,current,True
16726,18131,current,False
16727,42979,current,False
16728,46454,current,False
16729,93628,new,True
16730,33136,current,True
16731,80648,new,False
16732,80743,new,False
16733,88878,new,False
16734,56440,new,False
16735,72508,new,True
16736,66397,new,True
16737,22937,current,True
16738,14490,current,True
16739,16543,current,True
16740,39408,current,True
16741,46118,current,False
16742,89582,new,False
16743,78157,new,False
16744,20225,current,False
16745,23939,current,False
16746,21596,current,True
16747,12795,current,True
16748,98128,new,True
16749,71307,new,True
16750,58258,new,False
16751,25280,current,True
16752,86015,new,True
16753,85057,new,False
16754,10072,current,True
16755,91387,new,True
16756,67400,new,False
16757,87121,new,False
16758,56729,new,False
16759,13377,current,True
16760,40829,current,False
16761,65405,new,False
16762,54748,new,False
16763,39901,current,False
16764,99153,new,False
16765,27594,current,True
16766,87699,new,False
16767,26945,current,False
16768,27109,current,False
16769,47124,current,False
16770,11855,current,False
16771,74509,new,True
16772,28145,current,False
16773,18649,current,True
16774,76152,new,False
16775,59730,new,False
16776,63220,new,True
16777,54098,new,True
16778,30941,current,True
16779,81568,new,True
16780,89064,new,True
16781,12030,current,True
16782,16792,current,False
16783,83186,new,True
16784,46284,current,False
16785,31149,current,True
16786,84566,new,True
16787,44854,current,False
16788,20080,current,False
16789,61345,new,True
16790,23090,current,False
16791,51327,new,True
16792,61643,new,False
16793,65434,new,False
16794,77243,new,False
16795,81073,new,False
16796,88810,new,False
16797,51203,new,False
16798,52879,new,False
16799,86285,new,True
16800,59548,new,False
16801,18497,current,True
16802,38944,current,False
16803,50896,new,True
16804,38145,current,True
16805,94701,new,True
16806,33619,current,True
16807,58363,new,True
16808,31342,current,False
16809,63834,new,False
16810,27270,current,True
16811,32168,current,False
16812,81647,new,False
16813,40509,current,False
16814,68419,new,False
16815,13257,current,False
16816,82641,new,False
16817,43443,current,True
16818,17224,current,False
16819,36885,current,False
16820,86137,new,False
16821,40322,current,False
16822,15869,current,False
16823,88256,new,True
16824,37593,current,True
16825,94097,new,False
16826,21940,current,False
16827,19202,current,False
16828,39473,current,True
16829,73378,new,False
16830,64889,new,False
16831,90117,new,True
16832,12649,current,True
16833,73056,new,False
16834,11969,current,True
16835,49559,current,False
16836,41447,current,False
16837,55861,new,True
16838,42468,current,False
16839,40641,current,False
16840,82080,new,True
16841,42466,current,True
16842,85434,new,False
16843,59149,new,True
16844,40725,current,False
16845,46559,current,True
16846,17500,current,True
16847,20035,current,False
16848,13628,current,True
16849,97536,new,True
16850,63065,new,True
16851,41916,current,True
16852,11723,current,True
16853,43218,current,True
16854,44382,current,True
16855,74904,new,False
16856,40183,current,False
16857,70560,new,True
16858,26370,current,True
16859,31032,current,True
16860,11329,current,False
16861,73121,new,False
16862,95482,new,True
16863,12381,current,True
16864,71769,new,False
16865,13332,current,False
16866,44390,current,False
16867,48051,current,True
16868,10134,current,False
16869,81182,new,True
16870,28780,current,False
16871,41494,current,True
16872,72936,new,False
16873,46465,current,True
16874,56144,new,False
16875,47361,current,False
16876,19788,current,False
16877,26401,current,True
16878,59227,new,False
16879,95458,new,False
16880,73127,new,False
16881,53165,new,True
16882,51429,new,True
16883,43035,current,False
16884,23343,current,True
16885,98720,new,False
16886,71309,new,True
16887,15244,current,True
16888,22462,current,False
16889,60783,new,False
16890,25528,current,False
16891,91329,new,False
16892,72582,new,True
16893,63075,new,False
16894,37453,current,False
16895,42497,current,False
16896,92624,new,False
16897,88039,new,False
16898,43853,current,False
16899,85393,new,False
16900,43348,current,False
16901,56649,new,False
16902,25396,current,False
16903,12533,current,False
16904,81917,new,False
16905,48393,current,False
16906,26298,current,False
16907,38172,current,False
16908,37405,current,False
16909,93397,new,False
16910,15438,current,False
16911,47026,current,False
16912,89329,new,True
16913,81557,new,False
16914,31867,current,False
16915,32681,current,False
16916,81631,new,True
16917,56636,new,False
16918,75291,new,False
16919,38736,current,False
16920,67113,new,False
16921,93955,new,False
16922,97390,new,False
16923,67308,new,False
16924,75688,new,False
16925,52838,new,True
16926,51837,new,False
16927,62484,new,True
16928,22634,current,False
16929,99193,new,True
16930,52481,new,False
16931,10347,current,False
16932,66655,new,False
16933,78247,new,False
16934,11147,current,False
16935,63684,new,False
16936,86306,new,False
16937,27223,current,False
16938,64703,new,False
16939,34954,current,False
16940,25679,current,False
16941,46011,current,True
16942,96111,new,False
16943,43485,current,False
16944,25777,current,False
16945,79369,new,False
16946,21179,current,True
16947,94099,new,False
16948,31974,current,True
16949,66368,new,True
16950,18525,current,False
16951,12452,current,True
16952,32279,current,False
16953,79350,new,False
16954,33036,current,False
16955,95673,new,False
16956,18700,current,False
16957,65933,new,True
16958,92948,new,False
16959,46474,current,False
16960,29816,current,False
16961,88708,new,True
16962,28710,current,True
16963,83601,new,True
16964,71742,new,True
16965,30894,current,False
16966,91374,new,False
16967,67267,new,True
16968,89957,new,True
16969,65668,new,False
16970,67402,new,False
16971,25224,current,False
16972,12002,current,False
16973,49675,current,True
16974,90611,new,True
16975,21506,current,False
16976,77139,new,True
16977,17316,current,False
16978,75306,new,False
16979,94441,new,False
16980,90211,new,False
16981,27366,current,False
16982,65139,new,False
16983,28147,current,True
16984,16149,current,False
16985,46221,current,False
16986,52803,new,False
16987,92342,new,True
16988,53070,new,True
16989,81262,new,True
16990,44702,current,False
16991,75446,new,True
16992,17932,current,True
16993,60452,new,False
16994,15403,current,True
16995,36094,current,False
16996,15847,current,True
16997,68542,new,False
16998,22411,current,False
16999,13754,current,False
17000,42610,current,False
17001,17473,current,False
17002,36723,current,False
17003,29466,current,False
17004,99751,new,False
17005,45013,current,True
17006,37357,current,False
17007,84676,new,True
17008,29957,current,False
17009,51956,new,False
17010,87407,new,True
17011,50982,new,False
17012,16107,current,False
17013,54854,new,True
17014,20702,current,False
17015,62153,new,False
17016,66847,new,True
17017,56305,new,False
17018,13613,current,False
17019,63054,new,False
17020,50815,new,False
17021,98896,new,False
17022,23075,current,False
17023,18535,current,False
17024,73562,new,False
17025,29427,current,True
17026,87142,new,False
17027,63573,new,True
17028,84913,new,True
17029,91027,new,False
17030,24745,current,True
17031,25547,current,False
17032,52127,new,True
17033,42668,current,True
17034,53132,new,True
17035,90619,new,False
17036,29116,current,False
17037,56254,new,True
17038,27234,current,False
17039,63215,new,True
17040,25599,current,False
17041,75191,new,False
17042,95984,new,False
17043,81663,new,True
17044,36221,current,True
17045,99749,new,True
17046,32834,current,True
17047,56462,new,True
17048,57743,new,True
17049,43318,current,True
17050,26105,current,False
17051,18863,current,False
17052,50529,new,False
17053,20290,current,False
17054,57358,new,False
17055,29926,current,False
17056,33408,current,False
17057,22691,current,False
17058,82425,new,True
17059,40944,current,True
17060,46197,current,False
17061,22081,current,True
17062,79300,new,False
17063,91217,new,False
17064,39022,current,False
17065,45489,current,True
17066,82155,new,True
17067,33255,current,False
17068,29867,current,False
17069,18269,current,False
17070,64587,new,True
17071,33249,current,False
17072,15649,current,False
17073,58897,new,True
17074,57344,new,True
17075,79609,new,True
17076,87474,new,True
17077,69576,new,False
17078,99040,new,False
17079,52478,new,False
17080,19785,current,True
17081,36189,current,False
17082,48839,current,False
17083,74444,new,False
17084,88924,new,True
17085,11256,current,False
17086,26551,current,False
17087,64554,new,False
17088,83647,new,True
17089,14715,current,True
17090,90760,new,True
17091,11291,current,True
17092,46628,current,False
17093,72398,new,True
17094,97383,new,True
17095,26298,current,True
17096,89118,new,True
17097,74463,new,True
17098,42718,current,True
17099,75183,new,False
17100,51138,new,False
17101,21143,current,False
17102,76075,new,False
17103,15917,current,True
17104,60899,new,True
17105,97056,new,False
17106,21301,current,False
17107,72426,new,False
17108,67668,new,False
17109,47599,current,False
17110,35886,current,False
17111,61850,new,True
17112,65012,new,False
17113,49301,current,False
17114,10404,current,False
17115,43833,current,False
17116,19600,current,False
17117,69846,new,False
17118,75378,new,False
17119,65457,new,True
17120,85701,new,False
17121,62508,new,False
17122,66413,new,True
17123,94146,new,True
17124,21507,current,False
17125,30813,current,False
17126,58372,new,False
17127,70809,new,True
17128,76947,new,False
17129,49408,current,True
17130,34789,current,False
17131,29040,current,True
17132,44744,current,True
17133,13994,current,False
17134,96703,new,True
17135,12166,current,True
17136,22965,current,False
17137,15286,current,False
17138,49695,current,False
17139,89902,new,True
17140,28610,current,False
17141,19820,current,True
17142,23944,current,False
17143,66837,new,True
17144,29134,current,False
17145,39302,current,False
17146,56604,new,False
17147,59935,new,False
17148,18927,current,False
17149,86884,new,False
17150,55818,new,False
17151,14493,current,False
17152,31501,current,True
17153,13005,current,True
17154,15038,current,False
17155,35349,current,False
17156,26663,current,False
17157,51363,new,True
17158,30415,current,False
17159,61831,new,False
17160,43900,current,False
17161,55638,new,False
17162,45391,current,False
17163,54268,new,False
17164,21305,current,True
17165,63196,new,False
17166,89788,new,False
17167,22727,current,False
17168,33935,current,False
17169,68337,new,False
17170,39404,current,True
17171,32331,current,False
17172,47358,current,False
17173,64559,new,True
17174,18239,current,True
17175,30113,current,False
17176,70336,new,False
17177,17001,current,False
17178,31961,current,True
17179,88260,new,False
17180,12522,current,True
17181,49190,current,False
17182,45238,current,True
17183,91287,new,True
17184,91814,new,True
17185,57315,new,True
17186,24545,current,False
17187,64768,new,False
17188,21992,current,True
17189,32928,current,False
17190,54273,new,True
17191,47988,current,False
17192,76934,new,True
17193,79221,new,True
17194,67013,new,False
17195,96756,new,False
17196,75083,new,True
17197,17384,current,False
17198,30962,current,False
17199,15553,current,False
17200,28221,current,False
17201,93231,new,False
17202,17589,current,False
17203,54438,new,False
17204,41095,current,False
17205,47050,current,True
17206,14942,current,False
17207,35366,current,True
17208,74210,new,True
17209,24992,current,False
17210,48652,current,False
17211,33304,current,True
17212,25210,current,True
17213,23976,current,False
17214,75111,new,True
17215,14080,current,True
17216,27949,current,False
17217,99200,new,False
17218,78490,new,True
17219,77199,new,False
17220,15475,current,False
17221,15571,current,True
17222,67432,new,True
17223,81102,new,True
17224,50337,new,False
17225,67001,new,False
17226,61783,new,False
17227,34696,current,True
17228,28224,current,True
17229,93355,new,True
17230,32237,current,False
17231,53122,new,True
17232,35564,current,False
17233,76987,new,False
17234,82766,new,False
17235,28100,current,False
17236,46649,current,False
17237,58781,new,False
17238,22380,current,False
17239,18115,current,True
17240,75321,new,True
17241,73074,new,False
17242,75382,new,True
17243,57839,new,False
17244,92318,new,False
17245,25710,current,False
17246,57373,new,False
17247,45587,current,False
17248,22075,current,False
17249,24329,current,True
17250,74136,new,True
17251,44301,current,True
17252,21581,current,False
17253,12296,current,False
17254,24837,current,False
17255,42437,current,False
17256,57247,new,True
17257,40910,current,False
17258,47548,current,False
17259,29636,current,False
17260,31498,current,False
17261,49231,current,False
17262,83502,new,False
17263,63989,new,False
17264,93540,new,False
17265,68427,new,True
17266,31186,current,False
17267,44864,current,False
17268,13764,current,False
17269,17148,current,False
17270,19523,current,False
17271,52900,new,False
17272,32193,current,True
17273,36693,current,False
17274,36194,current,False
17275,44312,current,False
17276,45833,current,False
17277,33477,current,True
17278,78258,new,False
17279,36167,current,False
17280,83779,new,False
17281,81466,new,False
17282,74298,new,False
17283,30386,current,False
17284,51560,new,True
17285,84349,new,False
17286,93002,new,True
17287,12855,current,False
17288,82940,new,False
17289,75506,new,True
17290,45205,current,False
17291,10496,current,True
17292,29338,current,False
17293,10073,current,False
17294,66840,new,True
17295,56969,new,False
17296,47281,current,False
17297,15464,current,False
17298,15481,current,True
17299,18841,current,False
17300,30931,current,True
17301,98295,new,False
17302,41134,current,False
17303,83149,new,True
17304,43083,current,False
17305,18155,current,False
17306,42061,current,False
17307,38865,current,False
17308,65208,new,False
17309,18732,current,False
17310,24786,current,False
17311,19756,current,False
17312,24047,current,True
17313,64674,new,True
17314,12757,current,False
17315,38059,current,False
17316,92835,new,True
17317,67306,new,True
17318,92845,new,True
17319,29140,current,False
17320,20202,current,False
17321,26257,current,True
17322,27453,current,False
17323,32037,current,False
17324,40207,current,False
17325,46267,current,True
17326,53442,new,False
17327,54848,new,False
17328,29036,current,True
17329,61781,new,True
17330,91136,new,True
17331,20202,current,False
17332,48712,current,True
17333,67200,new,False
17334,93910,new,False
17335,13462,current,True
17336,59146,new,False
17337,44580,current,False
17338,65147,new,False
17339,88055,new,True
17340,97675,new,True
17341,78709,new,True
17342,95776,new,False
17343,76265,new,False
17344,77620,new,False
17345,47779,current,False
17346,57563,new,False
17347,71054,new,False
17348,62188,new,False
17349,13969,current,False
17350,85912,new,False
17351,69224,new,False
17352,46685,current,False
17353,79506,new,False
17354,23699,current,False
17355,29007,current,True
17356,68350,new,False
17357,68914,new,False
17358,94859,new,True
17359,75882,new,True
17360,95273,new,False
17361,27863,current,False
17362,77659,new,False
17363,98791,new,True
17364,23397,current,False
17365,88796,new,False
17366,82807,new,True
17367,13070,current,False
17368,72182,new,True
17369,16543,current,False
17370,91047,new,True
17371,12945,current,False
17372,82373,new,False
17373,45209,current,False
17374,69345,new,False
17375,67191,new,False
17376,12554,current,False
17377,86357,new,True
17378,34983,current,False
17379,37519,current,False
17380,16195,current,False
17381,39080,current,False
17382,49975,current,False
17383,85925,new,True
17384,35997,current,True
17385,37291,current,False
17386,11496,current,False
17387,70403,new,True
17388,20673,current,False
17389,12515,current,False
17390,78761,new,False
17391,50348,new,True
17392,14140,current,True
17393,62669,new,True
17394,84444,new,False
17395,40518,current,False
17396,43151,current,False
17397,62544,new,False
17398,28289,current,False
17399,39702,current,False
17400,80259,new,False
17401,36885,current,False
17402,71128,new,False
17403,36877,current,True
17404,21113,current,False
17405,18077,current,True
17406,66754,new,False
17407,79898,new,True
17408,47419,current,False
17409,47239,current,False
17410,71116,new,False
17411,75275,new,True
17412,58284,new,True
17413,81196,new,True
17414,41188,current,True
17415,54798,new,True
17416,81879,new,True
17417,85295,new,False
17418,64198,new,True
17419,51392,new,True
17420,49311,current,False
17421,68277,new,True
17422,92646,new,True
17423,96734,new,False
17424,15616,current,False
17425,24044,current,False
17426,73478,new,True
17427,10363,current,True
17428,89147,new,False
17429,46476,current,True
17430,15537,current,True
17431,40698,current,False
17432,25337,current,True
17433,47345,current,True
17434,49348,current,False
17435,67491,new,False
17436,38063,current,False
17437,78211,new,False
17438,32846,current,False
17439,61503,new,False
17440,79535,new,True
17441,77438,new,False
17442,72264,new,True
17443,32443,current,False
17444,60922,new,True
17445,84533,new,False
17446,23966,current,False
17447,51401,new,False
17448,63115,new,False
17449,14815,current,False
17450,79857,new,True
17451,44972,current,False
17452,80675,new,False
17453,85707,new,False
17454,36773,current,True
17455,35091,current,False
17456,74552,new,False
17457,83261,new,True
17458,25377,current,False
17459,12361,current,False
17460,57156,new,False
17461,93327,new,False
17462,21785,current,True
17463,10138,current,True
17464,76582,new,False
17465,95226,new,True
17466,19814,current,False
17467,69775,new,False
17468,56783,new,False
17469,47744,current,True
17470,28782,current,False
17471,26330,current,False
17472,39124,current,True
17473,47606,current,True
17474,31758,current,False
17475,63886,new,False
17476,67611,new,False
17477,23013,current,False
17478,72187,new,False
17479,37244,current,True
17480,32741,current,True
17481,70812,new,False
17482,10854,current,False
17483,92812,new,False
17484,46419,current,False
17485,12680,current,False
17486,83070,new,True
17487,94443,new,True
17488,17732,current,False
17489,70773,new,True
17490,54635,new,False
17491,92444,new,True
17492,57123,new,False
17493,76506,new,False
17494,99204,new,True
17495,99128,new,True
17496,41338,current,False
17497,82852,new,False
17498,26646,current,True
17499,25779,current,False
17500,37393,current,False
17501,42270,current,True
17502,15442,current,True
17503,61562,new,False
17504,39401,current,False
17505,37531,current,False
17506,21401,current,False
17507,88520,new,True
17508,48768,current,False
17509,99964,new,False
17510,95123,new,False
17511,89786,new,True
17512,43035,current,False
17513,33430,current,True
17514,63457,new,False
17515,48370,current,True
17516,66250,new,False
17517,24642,current,False
17518,27795,current,False
17519,57361,new,False
17520,57053,new,True
17521,54779,new,True
17522,43728,current,False
17523,13742,current,True
17524,78231,new,False
17525,53428,new,True
17526,36084,current,False
17527,75592,new,False
17528,81951,new,False
17529,84968,new,False
17530,10292,current,True
17531,48250,current,False
17532,41365,current,False
17533,34786,current,True
17534,14809,current,False
17535,66055,new,False
17536,52118,new,True
17537,18062,current,False
17538,65432,new,True
17539,79356,new,False
17540,54988,new,False
17541,84803,new,False
17542,98988,new,False
17543,25697,current,True
17544,50705,new,False
17545,68379,new,False
17546,44972,current,False
17547,34433,current,False
17548,72804,new,False
17549,34219,current,False
17550,90944,new,True
17551,43127,current,True
17552,59261,new,False
17553,47323,current,False
17554,14640,current,True
17555,36398,current,True
17556,81491,new,True
17557,51923,new,False
17558,77743,new,False
17559,70878,new,False
17560,54475,new,False
17561,52464,new,False
17562,15188,current,True
17563,87896,new,True
17564,66137,new,False
17565,27329,current,True
17566,40158,current,False
17567,33920,current,False
17568,92741,new,True
17569,48456,current,True
17570,18466,current,False
17571,52153,new,True
17572,78302,new,False
17573,15794,current,False
17574,74576,new,False
17575,43324,current,False
17576,19326,current,False
17577,77560,new,False
17578,32441,current,False
17579,37294,current,False
17580,11522,current,False
17581,42884,current,True
17582,47583,current,False
17583,46449,current,False
17584,88293,new,False
17585,62586,new,True
17586,48842,current,False
17587,62544,new,False
17588,13101,current,False
17589,40666,current,False
17590,71496,new,False
17591,77367,new,True
17592,74293,new,False
17593,29177,current,True
17594,49189,current,False
17595,33674,current,False
17596,60902,new,False
17597,96454,new,True
17598,26888,current,False
17599,52337,new,False
17600,34919,current,False
17601,48408,current,False
17602,19877,current,False
17603,48532,current,False
17604,13406,current,False
17605,16885,current,False
17606,56290,new,True
17607,65704,new,True
17608,71978,new,True
17609,59455,new,False
17610,84362,new,True
17611,37803,current,True
17612,12543,current,False
17613,10024,current,False
17614,35265,current,False
17615,17582,current,False
17616,10883,current,False
17617,96416,new,False
17618,45050,current,False
17619,22433,current,False
17620,72199,new,True
17621,31194,current,True
17622,25423,current,True
17623,35548,current,True
17624,49466,current,False
17625,69538,new,False
17626,77717,new,False
17627,74506,new,True
17628,38509,current,False
17629,71094,new,False
17630,69596,new,False
17631,62372,new,True
17632,60560,new,False
17633,19242,current,False
17634,92109,new,False
17635,22395,current,False
17636,27818,current,False
17637,79132,new,True
17638,43164,current,False
17639,75483,new,False
17640,75732,new,False
17641,60041,new,True
17642,64371,new,True
17643,65179,new,False
17644,49152,current,False
17645,41718,current,False
17646,12526,current,False
17647,75185,new,True
17648,53394,new,True
17649,18688,current,True
17650,37296,current,False
17651,52229,new,True
17652,90489,new,True
17653,41718,current,False
17654,68257,new,False
17655,56238,new,False
17656,90790,new,True
17657,57800,new,True
17658,80334,new,False
17659,95729,new,False
17660,13292,current,True
17661,95183,new,True
17662,51554,new,False
17663,77101,new,True
17664,75503,new,True
17665,38639,current,False
17666,19695,current,False
17667,36881,current,False
17668,74256,new,True
17669,35803,current,False
17670,35489,current,False
17671,12248,current,False
17672,48330,current,True
17673,23671,current,False
17674,39274,current,False
17675,12252,current,False
17676,47336,current,False
17677,42449,current,False
17678,77127,new,False
17679,16317,current,True
17680,76595,new,True
17681,15938,current,False
17682,22991,current,False
17683,12833,current,True
17684,56940,new,True
17685,73293,new,False
17686,53131,new,False
17687,78351,new,True
17688,67547,new,True
17689,51010,new,False
17690,38647,current,False
17691,53236,new,False
17692,76404,new,False
17693,71761,new,False
17694,17795,current,False
17695,67606,new,True
17696,99886,new,False
17697,21378,current,False
17698,24345,current,False
17699,11948,current,False
17700,23959,current,False
17701,89275,new,True
17702,96367,new,False
17703,60866,new,False
17704,38235,current,True
17705,13555,current,True
17706,33172,current,True
17707,32337,current,False
17708,57130,new,True
17709,93609,new,False
17710,30997,current,False
17711,60880,new,True
17712,58041,new,False
17713,23463,current,False
17714,55199,new,True
17715,18414,current,False
17716,58191,new,True
17717,39291,current,False
17718,29609,current,False
17719,10375,current,False
17720,16320,current,False
17721,40093,current,False
17722,33394,current,False
17723,26094,current,False
17724,99968,new,True
17725,80801,new,False
17726,46851,current,False
17727,57530,new,False
17728,54136,new,False
17729,16537,current,False
17730,73624,new,False
17731,33844,current,False
17732,19180,current,True
17733,80969,new,False
17734,55762,new,False
17735,91998,new,False
17736,84399,new,True
17737,32228,current,True
17738,17305,current,False
17739,74669,new,False
17740,64425,new,True
17741,80106,new,False
17742,95548,new,True
17743,77086,new,True
17744,30113,current,False
17745,48824,current,False
17746,25475,current,False
17747,91726,new,True
17748,11760,current,True
17749,11486,current,False
17750,91375,new,False
17751,23109,current,True
17752,39240,current,False
17753,16168,current,False
17754,32335,current,True
17755,46811,current,False
17756,69112,new,False
17757,67979,new,False
17758,91201,new,True
17759,66029,new,True
17760,28907,current,False
17761,20982,current,False
17762,73533,new,True
17763,56812,new,True
17764,35062,current,False
17765,25882,current,False
17766,30476,current,True
17767,24783,current,False
17768,34289,current,True
17769,29305,current,False
17770,73125,new,False
17771,30409,current,True
17772,42391,current,False
17773,80001,new,True
17774,55208,new,False
17775,10041,current,False
17776,56532,new,True
17777,43375,current,False
17778,51398,new,False
17779,28105,current,False
17780,22971,current,False
17781,54855,new,True
17782,16101,current,False
17783,50815,new,True
17784,24947,current,False
17785,53857,new,False
17786,30687,current,False
17787,24104,current,True
17788,82676,new,False
17789,91705,new,True
17790,85491,new,False
17791,54797,new,True
17792,40656,current,True
17793,36826,current,False
17794,71487,new,False
17795,36061,current,True
17796,31934,current,True
17797,31754,current,True
17798,62582,new,True
17799,26896,current,False
17800,76852,new,False
17801,10571,current,False
17802,24803,current,False
17803,55646,new,False
17804,24399,current,True
17805,95654,new,False
17806,77424,new,False
17807,88927,new,False
17808,40591,current,False
17809,92782,new,True
17810,68814,new,False
17811,26301,current,False
17812,82408,new,False
17813,48132,current,False
17814,81751,new,False
17815,45651,current,False
17816,22824,current,False
17817,38983,current,False
17818,69525,new,True
17819,70639,new,True
17820,54102,new,True
17821,22033,current,False
17822,73083,new,False
17823,41915,current,False
17824,58092,new,True
17825,17592,current,True
17826,96992,new,True
17827,43957,current,True
17828,39720,current,False
17829,44854,current,True
17830,89913,new,False
17831,12719,current,True
17832,20394,current,False
17833,87069,new,True
17834,56245,new,False
17835,43761,current,False
17836,51910,new,True
17837,99977,new,False
17838,18281,current,True
17839,81673,new,False
17840,44328,current,False
17841,15878,current,False
17842,20190,current,False
17843,37396,current,False
17844,12629,current,True
17845,81887,new,False
17846,15681,current,False
17847,47654,current,False
17848,84317,new,True
17849,18450,current,False
17850,82231,new,False
17851,81418,new,True
17852,39472,current,True
17853,70640,new,False
17854,58824,new,False
17855,32669,current,False
17856,93217,new,False
17857,37661,current,False
17858,29869,current,False
17859,47790,current,False
17860,25530,current,False
17861,76924,new,False
17862,92610,new,False
17863,46126,current,False
17864,41174,current,False
17865,94759,new,True
17866,79288,new,True
17867,91235,new,True
17868,91815,new,True
17869,83846,new,True
17870,39962,current,True
17871,48597,current,False
17872,27186,current,False
17873,44900,current,True
17874,48467,current,False
17875,65044,new,False
17876,91968,new,True
17877,68079,new,False
17878,13030,current,False
17879,44304,current,False
17880,23353,current,False
17881,90550,new,False
17882,19449,current,False
17883,39294,current,True
17884,45275,current,False
17885,55837,new,True
17886,88560,new,False
17887,21216,current,False
17888,64467,new,False
17889,39338,current,False
17890,63513,new,True
17891,99219,new,True
17892,15494,current,False
17893,71023,new,False
17894,63342,new,True
17895,49548,current,False
17896,10075,current,True
17897,74730,new,True
17898,76869,new,False
17899,58984,new,True
17900,76464,new,True
17901,51088,new,False
17902,54447,new,True
17903,36003,current,False
17904,67198,new,True
17905,58367,new,False
17906,93029,new,True
17907,18655,current,False
17908,75988,new,True
17909,43589,current,True
17910,13546,current,False
17911,30930,current,False
17912,26239,current,False
17913,61508,new,False
17914,42620,current,False
17915,67184,new,False
17916,92098,new,True
17917,11837,current,False
17918,25031,current,True
17919,22782,current,True
17920,53767,new,False
17921,88488,new,True
17922,61175,new,False
17923,92588,new,True
17924,31210,current,False
17925,92216,new,False
17926,66368,new,True
17927,26546,current,False
17928,62485,new,True
17929,91264,new,False
17930,74723,new,False
17931,38428,current,False
17932,16718,current,False
17933,90021,new,True
17934,38020,current,False
17935,16604,current,False
17936,33641,current,True
17937,71179,new,False
17938,55055,new,False
17939,37370,current,False
17940,97745,new,True
17941,63669,new,False
17942,15069,current,True
17943,72197,new,True
17944,49888,current,False
17945,87884,new,True
17946,98021,new,True
17947,65781,new,False
17948,12737,current,False
17949,72455,new,True
17950,94613,new,False
17951,97646,new,True
17952,20263,current,True
17953,13989,current,False
17954,21972,current,True
17955,54346,new,True
17956,33839,current,False
17957,37757,current,False
17958,41512,current,True
17959,27294,current,False
17960,16447,current,False
17961,62543,new,True
17962,98335,new,False
17963,20296,current,False
17964,17850,current,False
17965,19128,current,False
17966,89886,new,True
17967,51242,new,False
17968,32524,current,True
17969,23493,current,False
17970,38021,current,False
17971,22326,current,False
17972,46705,current,False
17973,14669,current,False
17974,12281,current,True
17975,35619,current,False
17976,28217,current,False
17977,69450,new,True
17978,80900,new,True
17979,27503,current,False
17980,50689,new,True
17981,56468,new,True
17982,11211,current,False
17983,97490,new,False
17984,74077,new,False
17985,19113,current,True
17986,62810,new,True
17987,95673,new,False
17988,19043,current,False
17989,90101,new,True
17990,60818,new,True
17991,12835,current,False
17992,93901,new,False
17993,20491,current,False
17994,52191,new,True
17995,19490,current,False
17996,40709,current,False
17997,49341,current,False
17998,82064,new,False
17999,46102,current,True
18000,43526,current,False
18001,46633,current,False
18002,65820,new,True
18003,71491,new,False
18004,47910,current,False
18005,99877,new,True
18006,28044,current,False
18007,14023,current,True
18008,37671,current,False
18009,93970,new,False
18010,79456,new,False
18011,52244,new,True
18012,40582,current,False
18013,99595,new,False
18014,10449,current,False
18015,66780,new,True
18016,68702,new,False
18017,92698,new,False
18018,23422,current,False
18019,33940,current,False
18020,33476,current,True
18021,14383,current,False
18022,88432,new,False
18023,39488,current,False
18024,12029,current,False
18025,36209,current,False
18026,37495,current,False
18027,11350,current,False
18028,69748,new,False
18029,69055,new,False
18030,27786,current,True
18031,46413,current,True
18032,51749,new,True
18033,34698,current,False
18034,86082,new,False
18035,16538,current,False
18036,96084,new,False
18037,87291,new,False
18038,41674,current,False
18039,81350,new,False
18040,25616,current,False
18041,49006,current,False
18042,19706,current,False
18043,70317,new,True
18044,39741,current,False
18045,98778,new,True
18046,53276,new,False
18047,25224,current,False
18048,11815,current,False
18049,44274,current,False
18050,10339,current,True
18051,85117,new,True
18052,82398,new,False
18053,32541,current,False
18054,51860,new,True
18055,52331,new,True
18056,70437,new,True
18057,64021,new,False
18058,28371,current,False
18059,32356,current,False
18060,34659,current,True
18061,27784,current,False
18062,57422,new,False
18063,31696,current,False
18064,84298,new,True
18065,94536,new,False
18066,39439,current,False
18067,53599,new,False
18068,34287,current,False
18069,66150,new,False
18070,38073,current,True
18071,30159,current,True
18072,94071,new,True
18073,51621,new,True
18074,99083,new,False
18075,13033,current,False
18076,20242,current,False
18077,11020,current,False
18078,74619,new,False
18079,70386,new,False
18080,59704,new,False
18081,78690,new,False
18082,41569,current,True
18083,58519,new,False
18084,33382,current,False
18085,31152,current,True
18086,73709,new,False
18087,83910,new,True
18088,17279,current,True
18089,86505,new,True
18090,70620,new,False
18091,32976,current,True
18092,33923,current,False
18093,23219,current,False
18094,75854,new,True
18095,47814,current,False
18096,41510,current,True
18097,80330,new,False
18098,82689,new,True
18099,67423,new,False
18100,69080,new,False
18101,15206,current,True
18102,81005,new,True
18103,70420,new,True
18104,50913,new,True
18105,49303,current,True
18106,88601,new,True
18107,97563,new,False
18108,58354,new,False
18109,86380,new,True
18110,34322,current,False
18111,75288,new,True
18112,21255,current,False
18113,20712,current,False
18114,53585,new,True
18115,77739,new,False
18116,23221,current,False
18117,13177,current,False
18118,86565,new,False
18119,33197,current,False
18120,46055,current,True
18121,53374,new,False
18122,60285,new,False
18123,55308,new,True
18124,26605,current,False
18125,21544,current,False
18126,27427,current,False
18127,93794,new,True
18128,91385,new,False
18129,48933,current,False
18130,67348,new,False
18131,66665,new,False
18132,39783,current,False
18133,20269,current,False
18134,47682,current,False
18135,67301,new,False
18136,45853,current,False
18137,58159,new,False
18138,29908,current,False
18139,46601,current,False
18140,48263,current,True
18141,59318,new,True
18142,11836,current,False
18143,50280,new,False
18144,59140,new,True
18145,68991,new,True
18146,52151,new,False
18147,53404,new,True
18148,13867,current,False
18149,29934,current,False
18150,31379,current,False
18151,39782,current,False
18152,81692,new,True
18153,21753,current,False
18154,53134,new,False
18155,46612,current,False
18156,47408,current,False
18157,48166,current,False
18158,12788,current,False
18159,18021,current,False
18160,23705,current,False
18161,36273,current,False
18162,75493,new,False
18163,47482,current,False
18164,20740,current,True
18165,18805,current,True
18166,97603,new,False
18167,51871,new,True
18168,66121,new,False
18169,38282,current,True
18170,98714,new,False
18171,45902,current,True
18172,57236,new,True
18173,22847,current,True
18174,22481,current,False
18175,14565,current,True
18176,67097,new,False
18177,24525,current,False
18178,27541,current,False
18179,64714,new,True
18180,82563,new,False
18181,59169,new,False
18182,33064,current,False
18183,71046,new,False
18184,49925,current,True
18185,34982,current,False
18186,44875,current,False
18187,95605,new,True
18188,89522,new,True
18189,99795,new,False
18190,51689,new,False
18191,44290,current,False
18192,82605,new,False
18193,39176,current,True
18194,52197,new,True
18195,41575,current,False
18196,80025,new,True
18197,12768,current,False
18198,87311,new,False
18199,90220,new,True
18200,32304,current,False
18201,29582,current,False
18202,46905,current,False
18203,25619,current,False
18204,54055,new,False
18205,25267,current,False
18206,42928,current,False
18207,20233,current,False
18208,96432,new,False
18209,49827,current,False
18210,92564,new,True
18211,73129,new,True
18212,84342,new,False
18213,80618,new,True
18214,58847,new,True
18215,87926,new,False
18216,23774,current,False
18217,93638,new,False
18218,14039,current,False
18219,27393,current,True
18220,64581,new,True
18221,51791,new,False
18222,54732,new,False
18223,27026,current,False
18224,26366,current,False
18225,35868,current,False
18226,89351,new,True
18227,33993,current,False
18228,64725,new,False
18229,39643,current,False
18230,26182,current,False
18231,75936,new,True
18232,11756,current,False
18233,73267,new,False
18234,38114,current,False
18235,46352,current,False
18236,46639,current,True
18237,24397,current,False
18238,84550,new,False
18239,60729,new,True
18240,26590,current,True
18241,81010,new,False
18242,33752,current,False
18243,73580,new,True
18244,56098,new,True
18245,38334,current,False
18246,79747,new,True
18247,98495,new,False
18248,72422,new,False
18249,31333,current,False
18250,15141,current,False
18251,42935,current,True
18252,48274,current,False
18253,65463,new,True
18254,45710,current,False
18255,86964,new,False
18256,49314,current,False
18257,27876,current,False
18258,65836,new,False
18259,60562,new,False
18260,55596,new,False
18261,96109,new,True
18262,10524,current,False
18263,14915,current,False
18264,70568,new,True
18265,20218,current,True
18266,46585,current,False
18267,44772,current,True
18268,17957,current,False
18269,21712,current,False
18270,30448,current,True
18271,95577,new,False
18272,70211,new,True
18273,90622,new,False
18274,39536,current,False
18275,72514,new,True
18276,68053,new,True
18277,22664,current,False
18278,14722,current,True
18279,87439,new,True
18280,61713,new,True
18281,67358,new,True
18282,48677,current,False
18283,91842,new,False
18284,17120,current,False
18285,12083,current,False
18286,88737,new,True
18287,97588,new,False
18288,14504,current,False
18289,56439,new,False
18290,44905,current,False
18291,69046,new,True
18292,44198,current,False
18293,57423,new,False
18294,13893,current,False
18295,23162,current,False
18296,43195,current,True
18297,13094,current,False
18298,62092,new,True
18299,40395,current,True
18300,40527,current,True
18301,54214,new,False
18302,92538,new,False
18303,47196,current,False
18304,69677,new,True
18305,70506,new,False
18306,42602,current,False
18307,26316,current,False
18308,76059,new,True
18309,55414,new,True
18310,79271,new,False
18311,84702,new,False
18312,82489,new,False
18313,31706,current,False
18314,52008,new,True
18315,37597,current,False
18316,95809,new,False
18317,64463,new,False
18318,67452,new,False
18319,95027,new,False
18320,75105,new,True
18321,53253,new,True
18322,23221,current,True
18323,50046,new,False
18324,22073,current,True
18325,67638,new,False
18326,35682,current,False
18327,60766,new,True
18328,14241,current,False
18329,97261,new,False
18330,97157,new,False
18331,65949,new,False
18332,13538,current,False
18333,79523,new,False
18334,51881,new,False
18335,15337,current,False
18336,29871,current,False
18337,93023,new,False
18338,25245,current,False
18339,37133,current,False
18340,18455,current,False
18341,54970,new,False
18342,42076,current,True
18343,26542,current,True
18344,38608,current,False
18345,11860,current,False
18346,87727,new,False
18347,53454,new,True
18348,83371,new,False
18349,21226,current,True
18350,15458,current,False
18351,45231,current,True
18352,27127,current,False
18353,23872,current,False
18354,52880,new,False
18355,70415,new,False
18356,57115,new,True
18357,15136,current,False
18358,43095,current,False
18359,47331,current,True
18360,76057,new,False
18361,76420,new,True
18362,71399,new,True
18363,51290,new,True
18364,83432,new,True
18365,64789,new,True
18366,76320,new,True
18367,39684,current,True
18368,28721,current,False
18369,77333,new,True
18370,33902,current,False
18371,69642,new,False
18372,40251,current,True
18373,36075,current,False
18374,59571,new,True
18375,68021,new,False
18376,57750,new,True
18377,37253,current,True
18378,88659,new,True
18379,38093,current,False
18380,34394,current,True
18381,20166,current,True
18382,13259,current,False
18383,40204,current,True
18384,45247,current,False
18385,86933,new,True
18386,59520,new,False
18387,59766,new,False
18388,41635,current,False
18389,11850,current,False
18390,51164,new,True
18391,20379,current,False
18392,87392,new,True
18393,98522,new,False
18394,99168,new,False
18395,36605,current,False
18396,96869,new,True
18397,33406,current,True
18398,30729,current,False
18399,99030,new,False
18400,84367,new,False
18401,34134,current,True
18402,31986,current,False
18403,14492,current,False
18404,61558,new,False
18405,58963,new,True
18406,48382,current,False
18407,43145,current,False
18408,67524,new,True
18409,92173,new,False
18410,79402,new,True
18411,79373,new,False
18412,78612,new,True
18413,83349,new,False
18414,18396,current,False
18415,76937,new,True
18416,41918,current,False
18417,82390,new,False
18418,60781,new,False
18419,33479,current,True
18420,75688,new,False
18421,28800,current,False
18422,13444,current,True
18423,53590,new,False
18424,49537,current,True
18425,21520,current,True
18426,80403,new,False
18427,17233,current,True
18428,25275,current,True
18429,20897,current,False
18430,97973,new,True
18431,59368,new,False
18432,29766,current,True
18433,26421,current,False
18434,16403,current,True
18435,23969,current,True
18436,28980,current,False
18437,49622,current,False
18438,56134,new,False
18439,38302,current,False
18440,71692,new,False
18441,96013,new,False
18442,18228,current,False
18443,38168,current,True
18444,95823,new,True
18445,70440,new,False
18446,45617,current,False
18447,94040,new,False
18448,31109,current,False
18449,92773,new,False
18450,24067,current,False
18451,14779,current,False
18452,27334,current,False
18453,77948,new,False
18454,55953,new,True
18455,54676,new,False
18456,42236,current,False
18457,92472,new,True
18458,64724,new,True
18459,19776,current,False
18460,49558,current,True
18461,13697,current,False
18462,30865,current,True
18463,74295,new,False
18464,58559,new,True
18465,51784,new,False
18466,45280,current,False
18467,45433,current,True
18468,43060,current,False
18469,60589,new,False
18470,46714,current,False
18471,19274,current,False
18472,11231,current,True
18473,93428,new,False
18474,52425,new,True
18475,62039,new,False
18476,38876,current,False
18477,66655,new,False
18478,99618,new,True
18479,78254,new,False
18480,75848,new,True
18481,36677,current,False
18482,86783,new,True
18483,99985,new,True
18484,44263,current,False
18485,10003,current,True
18486,25340,current,True
18487,66504,new,True
18488,53265,new,True
18489,27057,current,False
18490,28731,current,False
18491,21165,current,True
18492,19714,current,False
18493,99192,new,False
18494,22506,current,False
18495,28206,current,True
18496,69484,new,True
18497,19506,current,False
18498,67634,new,True
18499,39574,current,True
18500,91914,new,True
18501,72622,new,False
18502,84286,new,False
18503,63438,new,False
18504,25593,current,False
18505,54847,new,False
18506,16715,current,False
18507,12235,current,True
18508,58453,new,True
18509,91436,new,False
18510,46505,current,True
18511,96998,new,False
18512,44183,current,True
18513,26625,current,True
18514,87647,new,True
18515,28832,current,True
18516,90526,new,False
18517,54287,new,False
18518,76510,new,True
18519,87994,new,False
18520,34792,current,False
18521,19375,current,False
18522,20225,current,False
18523,69580,new,True
18524,64568,new,False
18525,83928,new,False
18526,74344,new,True
18527,65210,new,False
18528,31933,current,False
18529,66694,new,False
18530,77250,new,False
18531,89035,new,False
18532,59528,new,True
18533,96035,new,True
18534,74506,new,True
18535,62850,new,False
18536,58163,new,False
18537,10856,current,False
18538,33118,current,False
18539,25499,current,False
18540,47469,current,True
18541,17565,current,True
18542,52386,new,True
18543,15437,current,False
18544,20606,current,True
18545,28593,current,False
18546,79235,new,False
18547,17650,current,False
18548,30952,current,False
18549,37643,current,False
18550,86429,new,False
18551,20864,current,True
18552,31383,current,False
18553,17100,current,False
18554,85258,new,True
18555,41572,current,False
18556,95481,new,False
18557,99503,new,False
18558,10144,current,True
18559,85982,new,False
18560,68866,new,True
18561,17814,current,True
18562,65163,new,True
18563,21686,current,False
18564,96832,new,True
18565,72158,new,False
18566,45940,current,False
18567,62657,new,False
18568,91468,new,False
18569,35328,current,False
18570,11499,current,False
18571,25016,current,False
18572,33520,current,True
18573,20992,current,True
18574,31036,current,False
18575,72510,new,True
18576,91844,new,False
18577,26491,current,False
18578,61580,new,False
18579,43308,current,True
18580,92277,new,False
18581,57785,new,True
18582,41830,current,False
18583,98320,new,False
18584,49912,current,False
18585,19636,current,True
18586,12695,current,True
18587,13392,current,False
18588,61944,new,True
18589,58217,new,False
18590,56939,new,False
18591,41842,current,False
18592,15893,current,False
18593,68342,new,False
18594,16905,current,False
18595,13799,current,False
18596,74417,new,True
18597,50684,new,True
18598,40580,current,True
18599,19981,current,False
18600,98339,new,False
18601,13364,current,False
18602,70094,new,False
18603,16782,current,False
18604,42660,current,False
18605,78967,new,True
18606,53309,new,False
18607,39311,current,False
18608,42554,current,False
18609,42511,current,False
18610,14052,current,False
18611,11800,current,True
18612,59506,new,False
18613,32833,current,False
18614,67263,new,False
18615,93592,new,False
18616,26988,current,False
18617,57178,new,False
18618,45166,current,False
18619,99820,new,True
18620,55378,new,False
18621,86837,new,True
18622,52599,new,True
18623,65901,new,False
18624,64050,new,False
18625,86901,new,False
18626,19197,current,False
18627,56169,new,True
18628,74586,new,False
18629,96756,new,False
18630,67420,new,True
18631,27715,current,False
18632,27615,current,False
18633,15868,current,False
18634,27667,current,False
18635,63975,new,False
18636,29972,current,False
18637,26027,current,True
18638,44986,current,False
18639,35980,current,False
18640,42596,current,True
18641,54600,new,False
18642,44796,current,False
18643,44050,current,False
18644,11750,current,False
18645,64145,new,False
18646,50068,new,False
18647,85423,new,True
18648,75021,new,False
18649,12982,current,False
18650,45248,current,False
18651,30951,current,True
18652,40861,current,False
18653,93041,new,False
18654,78692,new,True
18655,84841,new,True
18656,32388,current,False
18657,26933,current,True
18658,54962,new,False
18659,11277,current,False
18660,65797,new,False
18661,15190,current,False
18662,51286,new,True
18663,64570,new,False
18664,85618,new,False
18665,43327,current,False
18666,87439,new,True
18667,14863,current,True
18668,44990,current,False
18669,69611,new,True
18670,64064,new,False
18671,33827,current,False
18672,26708,current,True
18673,52773,new,False
18674,94117,new,True
18675,46521,current,False
18676,12716,current,False
18677,57700,new,True
18678,59827,new,True
18679,48873,current,False
18680,30805,current,False
18681,40495,current,False
18682,35830,current,False
18683,57494,new,True
18684,58003,new,True
18685,18604,current,True
18686,62181,new,True
18687,55242,new,False
18688,22348,current,True
18689,93988,new,True
18690,63862,new,True
18691,19792,current,True
18692,88032,new,False
18693,60521,new,False
18694,61790,new,False
18695,13897,current,False
18696,51596,new,True
18697,25712,current,True
18698,40732,current,False
18699,41649,current,True
18700,61500,new,True
18701,52162,new,False
18702,39321,current,False
18703,19395,current,False
18704,88180,new,False
18705,59955,new,False
18706,32533,current,True
18707,24909,current,False
18708,86534,new,False
18709,64039,new,False
18710,28771,current,False
18711,13215,current,False
18712,17052,current,False
18713,96295,new,False
18714,39216,current,True
18715,44216,current,False
18716,93947,new,True
18717,33079,current,False
18718,14229,current,True
18719,13461,current,False
18720,27204,current,True
18721,22924,current,False
18722,51231,new,False
18723,62886,new,False
18724,66506,new,True
18725,15599,current,True
18726,48950,current,False
18727,11835,current,True
18728,46565,current,False
18729,22063,current,True
18730,13348,current,False
18731,71403,new,False
18732,32326,current,True
18733,75095,new,False
18734,14881,current,False
18735,51806,new,False
18736,71981,new,False
18737,51454,new,True
18738,56621,new,False
18739,49182,current,False
18740,34189,current,False
18741,26699,current,False
18742,43562,current,False
18743,13990,current,True
18744,27153,current,False
18745,42707,current,False
18746,55180,new,True
18747,33220,current,False
18748,25607,current,False
18749,83285,new,True
18750,91070,new,True
18751,16124,current,False
18752,64133,new,False
18753,47946,current,False
18754,25526,current,True
18755,86519,new,False
18756,49715,current,False
18757,18543,current,False
18758,51359,new,False
18759,65960,new,True
18760,98126,new,False
18761,26660,current,True
18762,50357,new,False
18763,73442,new,True
18764,98315,new,False
18765,44609,current,False
18766,14287,current,False
18767,23837,current,False
18768,29389,current,False
18769,77596,new,False
18770,69001,new,False
18771,66584,new,False
18772,58935,new,False
18773,96203,new,True
18774,52265,new,True
18775,78384,new,False
18776,37227,current,False
18777,27125,current,True
18778,82838,new,False
18779,71655,new,False
18780,71681,new,False
18781,43892,current,False
18782,19784,current,False
18783,38146,current,False
18784,18582,current,False
18785,88768,new,True
18786,87865,new,False
18787,15379,current,False
18788,70857,new,False
18789,18713,current,True
18790,54723,new,False
18791,91360,new,False
18792,42496,current,False
18793,68818,new,False
18794,29709,current,False
18795,14298,current,False
18796,74613,new,True
18797,84975,new,True
18798,78859,new,False
18799,67424,new,True
18800,43611,current,False
18801,40519,current,False
18802,91668,new,False
18803,99129,new,True
18804,17218,current,False
18805,19931,current,False
18806,76504,new,False
18807,95253,new,True
18808,66332,new,False
18809,89860,new,False
18810,81081,new,False
18811,93278,new,False
18812,34281,current,True
18813,43719,current,False
18814,46077,current,False
18815,63029,new,False
18816,42057,current,False
18817,89314,new,False
18818,19149,current,True
18819,88146,new,True
18820,75680,new,True
18821,35667,current,False
18822,50569,new,True
18823,50462,new,True
18824,56500,new,False
18825,13156,current,True
18826,39284,current,False
18827,61696,new,False
18828,61191,new,True
18829,53863,new,False
18830,58964,new,True
18831,65494,new,True
18832,48273,current,False
18833,90558,new,False
18834,93845,new,True
18835,13189,current,False
18836,53347,new,True
18837,79631,new,False
18838,81923,new,True
18839,54020,new,False
18840,38282,current,False
18841,88642,new,False
18842,14894,current,False
18843,27205,current,False
18844,41422,current,False
18845,37603,current,False
18846,64761,new,False
18847,98859,new,True
18848,27493,current,True
18849,79903,new,False
18850,26160,current,True
18851,37853,current,True
18852,98038,new,False
18853,15549,current,False
18854,89108,new,False
18855,20695,current,False
18856,45707,current,True
18857,90181,new,False
18858,50176,new,False
18859,47592,current,True
18860,90724,new,False
18861,27695,current,False
18862,96321,new,False
18863,12353,current,False
18864,28531,current,False
18865,58295,new,False
18866,90800,new,False
18867,10480,current,True
18868,27974,current,False
18869,74358,new,True
18870,11797,current,False
18871,63252,new,False
18872,64945,new,False
18873,63805,new,True
18874,96558,new,False
18875,51867,new,False
18876,58057,new,True
18877,19510,current,False
18878,65344,new,False
18879,99854,new,True
18880,42740,current,False
18881,80504,new,False
18882,65623,new,True
18883,65556,new,False
18884,93380,new,False
18885,45989,current,False
18886,81836,new,True
18887,96519,new,True
18888,84682,new,False
18889,41267,current,False
18890,74219,new,False
18891,60908,new,True
18892,41175,current,False
18893,78902,new,True
18894,13284,current,False
18895,63659,new,True
18896,27891,current,False
18897,86919,new,False
18898,21935,current,False
18899,36001,current,False
18900,33545,current,True
18901,13571,current,False
18902,61278,new,True
18903,23860,current,False
18904,49834,current,False
18905,74722,new,True
18906,10485,current,False
18907,93832,new,True
18908,89309,new,True
18909,23961,current,False
18910,26485,current,False
18911,32111,current,False
18912,24902,current,False
18913,20528,current,False
18914,80385,new,False
18915,42571,current,True
18916,98807,new,False
18917,49732,current,True
18918,44128,current,True
18919,11141,current,True
18920,53656,new,True
18921,23937,current,False
18922,61238,new,True
18923,33397,current,True
18924,42346,current,True
18925,99272,new,False
18926,79612,new,False
18927,82510,new,True
18928,69123,new,False
18929,43882,current,True
18930,29895,current,False
18931,75735,new,True
18932,30787,current,False
18933,41021,current,False
18934,99666,new,False
18935,34254,current,False
18936,58606,new,True
18937,39141,current,False
18938,90494,new,False
18939,34799,current,True
18940,10692,current,False
18941,81556,new,True
18942,30329,current,False
18943,51390,new,False
18944,98137,new,False
18945,96112,new,True
18946,18595,current,False
18947,97600,new,True
18948,20666,current,False
18949,62594,new,False
18950,47116,current,False
18951,72064,new,True
18952,31545,current,False
18953,15714,current,False
18954,16302,current,True
18955,97840,new,False
18956,45235,current,False
18957,68987,new,False
18958,39554,current,True
18959,10566,current,False
18960,76872,new,True
18961,57818,new,True
18962,84701,new,True
18963,19402,current,False
18964,42968,current,True
18965,78478,new,True
18966,28066,current,True
18967,62134,new,True
18968,70494,new,True
18969,45568,current,True
18970,33832,current,False
18971,12701,current,False
18972,38308,current,True
18973,24901,current,True
18974,45565,current,True
18975,18121,current,True
18976,27869,current,True
18977,26064,current,True
18978,22551,current,True
18979,90460,new,False
18980,16656,current,False
18981,59400,new,False
18982,77668,new,False
18983,47491,current,True
18984,59806,new,True
18985,13480,current,False
18986,97373,new,False
18987,65477,new,True
18988,16592,current,False
18989,56186,new,True
18990,86024,new,True
18991,68488,new,True
18992,48024,current,False
18993,71938,new,False
18994,52679,new,False
18995,19437,current,False
18996,44506,current,False
18997,69216,new,False
18998,15815,current,False
18999,71728,new,True
19000,62475,new,True
19001,15027,current,False
19002,57730,new,False
19003,36286,current,True
19004,50428,new,True
19005,85444,new,False
19006,51300,new,False
19007,43819,current,False
19008,69062,new,False
19009,12622,current,False
19010,42567,current,True
19011,63958,new,False
19012,90498,new,False
19013,26757,current,False
19014,19020,current,True
19015,40004,current,False
19016,38834,current,False
19017,15842,current,False
19018,51215,new,True
19019,62119,new,True
19020,68587,new,False
19021,46855,current,False
19022,72471,new,False
19023,13279,current,False
19024,49572,current,True
19025,95965,new,False
19026,19765,current,True
19027,29330,current,True
19028,98158,new,True
19029,95409,new,False
19030,48382,current,True
19031,81437,new,True
19032,52985,new,False
19033,95133,new,False
19034,87532,new,False
19035,71708,new,True
19036,89634,new,False
19037,48238,current,True
19038,26199,current,False
19039,92414,new,False
19040,78416,new,False
19041,54086,new,False
19042,68813,new,False
19043,55252,new,False
19044,75580,new,True
19045,95108,new,False
19046,43545,current,False
19047,26915,current,False
19048,97533,new,True
19049,68358,new,False
19050,23132,current,False
19051,16444,current,False
19052,84023,new,False
19053,98717,new,True
19054,97478,new,True
19055,32496,current,True
19056,26683,current,False
19057,39126,current,True
19058,15400,current,False
19059,81081,new,False
19060,68970,new,True
19061,65257,new,False
19062,90202,new,False
19063,17424,current,False
19064,44082,current,False
19065,36071,current,False
19066,48130,current,False
19067,72300,new,True
19068,77941,new,True
19069,72273,new,False
19070,13860,current,False
19071,52621,new,False
19072,40889,current,False
19073,36041,current,False
19074,71236,new,False
19075,68323,new,False
19076,68416,new,True
19077,38095,current,False
19078,38862,current,True
19079,44148,current,False
19080,79647,new,False
19081,33640,current,False
19082,84716,new,False
19083,96705,new,False
19084,94780,new,True
19085,93034,new,False
19086,10573,current,True
19087,68355,new,True
19088,33229,current,False
19089,36257,current,True
19090,66225,new,False
19091,34936,current,False
19092,18120,current,False
19093,43867,current,True
19094,85800,new,False
19095,60183,new,False
19096,11273,current,False
19097,27112,current,False
19098,36640,current,True
19099,19950,current,True
19100,37936,current,False
19101,47672,current,False
19102,67474,new,True
19103,60007,new,False
19104,89921,new,True
19105,32368,current,False
19106,47958,current,False
19107,50312,new,False
19108,11113,current,True
19109,23950,current,False
19110,43673,current,False
19111,99883,new,True
19112,58157,new,False
19113,21480,current,False
19114,97311,new,False
19115,44889,current,False
19116,12383,current,True
19117,62982,new,False
19118,98540,new,True
19119,22842,current,False
19120,77622,new,False
19121,41505,current,True
19122,14186,current,False
19123,12014,current,False
19124,38385,current,False
19125,42374,current,False
19126,30536,current,False
19127,53187,new,True
19128,96168,new,True
19129,58467,new,True
19130,59464,new,False
19131,26839,current,False
19132,19566,current,False
19133,80793,new,True
19134,43635,current,True
19135,98411,new,True
19136,94940,new,False
19137,99296,new,True
19138,22005,current,False
19139,24010,current,False
19140,73730,new,True
19141,92903,new,True
19142,50943,new,False
19143,67047,new,False
19144,12005,current,True
19145,46138,current,False
19146,29573,current,False
19147,14255,current,False
19148,26909,current,False
19149,41945,current,False
19150,86490,new,False
19151,49515,current,False
19152,38732,current,True
19153,67394,new,False
19154,46030,current,False
19155,41522,current,False
19156,14224,current,False
19157,99239,new,False
19158,57577,new,False
19159,47649,current,False
19160,41865,current,True
19161,27037,current,False
19162,98556,new,False
19163,96976,new,False
19164,68766,new,True
19165,71426,new,False
19166,22593,current,False
19167,12931,current,False
19168,12086,current,True
19169,78109,new,False
19170,11987,current,False
19171,89927,new,True
19172,41757,current,False
19173,49571,current,False
19174,72838,new,False
19175,11384,current,False
19176,32423,current,False
19177,30910,current,True
19178,24269,current,True
19179,31421,current,True
19180,38446,current,False
19181,69864,new,True
19182,46903,current,False
19183,49421,current,False
19184,19215,current,False
19185,52658,new,True
19186,32958,current,False
19187,75657,new,False
19188,76735,new,True
19189,33302,current,False
19190,44453,current,False
19191,85292,new,False
19192,33266,current,False
19193,39419,current,True
19194,17672,current,False
19195,10045,current,False
19196,19389,current,False
19197,14172,current,False
19198,59913,new,False
19199,51133,new,False
19200,25772,current,False
19201,70448,new,False
19202,23893,current,True
19203,40645,current,False
19204,24465,current,False
19205,92097,new,False
19206,62058,new,False
19207,38317,current,True
19208,68265,new,False
19209,68207,new,True
19210,62253,new,False
19211,41964,current,True
19212,79122,new,False
19213,32845,current,False
19214,41548,current,True
19215,11763,current,False
19216,78770,new,False
19217,89715,new,False
19218,28025,current,False
19219,95983,new,True
19220,87251,new,True
19221,27672,current,False
19222,68727,new,False
19223,81040,new,True
19224,20087,current,True
19225,39443,current,False
19226,16282,current,False
19227,94931,new,True
19228,26296,current,False
19229,35670,current,False
19230,20380,current,False
19231,35842,current,False
19232,19693,current,False
19233,32649,current,True
19234,91433,new,True
19235,95137,new,True
19236,84109,new,False
19237,34281,current,False
19238,56802,new,False
19239,60266,new,False
19240,66553,new,False
19241,65122,new,True
19242,30967,current,False
19243,78569,new,True
19244,14754,current,False
19245,45542,current,False
19246,55376,new,False
19247,28944,current,False
19248,18371,current,False
19249,25892,current,False
19250,40571,current,True
19251,13814,current,False
19252,51704,new,True
19253,52041,new,False
19254,24020,current,False
19255,49772,current,True
19256,47822,current,False
19257,56183,new,True
19258,40258,current,False
19259,63333,new,True
19260,16387,current,False
19261,56013,new,True
19262,73807,new,True
19263,71896,new,True
19264,64053,new,False
19265,91790,new,True
19266,95189,new,False
19267,85206,new,True
19268,71756,new,False
19269,77486,new,False
19270,81065,new,True
19271,65406,new,True
19272,69002,new,True
19273,75193,new,False
19274,61227,new,False
19275,58409,new,False
19276,35102,current,False
19277,85594,new,True
19278,89274,new,False
19279,31316,current,False
19280,57637,new,False
19281,62191,new,True
19282,38387,current,False
19283,84298,new,True
19284,43208,current,False
19285,14143,current,True
19286,43078,current,True
19287,48337,current,False
19288,87010,new,False
19289,56302,new,True
19290,41338,current,False
19291,54111,new,True
19292,26783,current,False
19293,73742,new,False
19294,92317,new,False
19295,46250,current,True
19296,46062,current,False
19297,24394,current,False
19298,74279,new,False
19299,38321,current,True
19300,55710,new,True
19301,54277,new,False
19302,27533,current,False
19303,79079,new,True
19304,83321,new,False
19305,85656,new,False
19306,15350,current,False
19307,63964,new,True
19308,12728,current,False
19309,33432,current,False
19310,85407,new,True
19311,87810,new,True
19312,15229,current,False
19313,90774,new,True
19314,30640,current,True
19315,44352,current,False
19316,14578,current,False
19317,27408,current,False
19318,19990,current,False
19319,77178,new,False
19320,22364,current,False
19321,61223,new,False
19322,33617,current,False
19323,28323,current,False
19324,86439,new,False
19325,69769,new,False
19326,71269,new,False
19327,26446,current,False
19328,45722,current,True
19329,97513,new,True
19330,18527,current,False
19331,99246,new,True
19332,11713,current,True
19333,24033,current,False
19334,44659,current,False
19335,61746,new,False
19336,17036,current,False
19337,39470,current,False
19338,46420,current,True
19339,41585,current,False
19340,51132,new,True
19341,43572,current,False
19342,84583,new,False
19343,22362,current,False
19344,25817,current,False
19345,56173,new,False
19346,82307,new,True
19347,70217,new,False
19348,23890,current,False
19349,71535,new,False
19350,64489,new,True
19351,97776,new,True
19352,48908,current,False
19353,78802,new,True
19354,11298,current,True
19355,25282,current,False
19356,76459,new,False
19357,36229,current,False
19358,47083,current,False
19359,53284,new,False
19360,37782,current,False
19361,82303,new,True
19362,40075,current,False
19363,49960,current,False
19364,85290,new,True
19365,78091,new,False
19366,65513,new,True
19367,14311,current,False
19368,89855,new,True
19369,66565,new,True
19370,20304,current,True
19371,93516,new,True
19372,67186,new,False
19373,48560,current,False
19374,14643,current,False
19375,31497,current,False
19376,39657,current,False
19377,40389,current,True
19378,44871,current,True
19379,49238,current,False
19380,40320,current,False
19381,88666,new,False
19382,43781,current,False
19383,71996,new,True
19384,69672,new,False
19385,81538,new,True
19386,55135,new,True
19387,63544,new,False
19388,60362,new,True
19389,96801,new,False
19390,27415,current,True
19391,61587,new,False
19392,43551,current,False
19393,72902,new,False
19394,39023,current,False
19395,59237,new,True
19396,65390,new,False
19397,41699,current,True
19398,43542,current,False
19399,32371,current,True
19400,43638,current,False
19401,23268,current,False
19402,76477,new,False
19403,25392,current,False
19404,19966,current,False
19405,30772,current,False
19406,25097,current,False
19407,47880,current,True
19408,93306,new,True
19409,57525,new,True
19410,77152,new,True
19411,99950,new,False
19412,49316,current,False
19413,34239,current,False
19414,18158,current,True
19415,61521,new,False
19416,72203,new,True
19417,17082,current,True
19418,62452,new,False
19419,98793,new,True
19420,20974,current,False
19421,41370,current,False
19422,36737,current,False
19423,96132,new,True
19424,88554,new,True
19425,56093,new,True
19426,77335,new,True
19427,54975,new,False
19428,60042,new,False
19429,47043,current,False
19430,93377,new,True
19431,84029,new,False
19432,19337,current,False
19433,91828,new,False
19434,35567,current,False
19435,13894,current,False
19436,49333,current,False
19437,59714,new,True
19438,27513,current,True
19439,18984,current,False
19440,27408,current,True
19441,28707,current,True
19442,96328,new,False
19443,44390,current,False
19444,50944,new,False
19445,20075,current,False
19446,83051,new,True
19447,65840,new,True
19448,27280,current,True
19449,95945,new,False
19450,21700,current,False
19451,85020,new,False
19452,66103,new,False
19453,25173,current,False
19454,38097,current,False
19455,66069,new,False
19456,87928,new,True
19457,38770,current,False
19458,39054,current,True
19459,57704,new,False
19460,50613,new,True
19461,69521,new,False
19462,25361,current,False
19463,55015,new,True
19464,42747,current,True
19465,66712,new,True
19466,64738,new,True
19467,32604,current,True
19468,35743,current,True
19469,77387,new,False
19470,78148,new,False
19471,25923,current,False
19472,31655,current,False
19473,25120,current,False
19474,14402,current,True
19475,81696,new,True
19476,46008,current,True
19477,16925,current,False
19478,84461,new,False
19479,44192,current,True
19480,48781,current,False
19481,40720,current,True
19482,31153,current,False
19483,83178,new,False
19484,70475,new,True
19485,11212,current,False
19486,22649,current,True
19487,91834,new,True
19488,96251,new,True
19489,89603,new,True
19490,16080,current,False
19491,54048,new,True
19492,19622,current,False
19493,76309,new,True
19494,97416,new,False
19495,35708,current,True
19496,77244,new,False
19497,70310,new,True
19498,80487,new,False
19499,87116,new,True
19500,53098,new,True
19501,82340,new,True
19502,17735,current,True
19503,34670,current,False
19504,86575,new,True
19505,47295,current,False
19506,29647,current,False
19507,83206,new,False
19508,12200,current,False
19509,66247,new,False
19510,90933,new,False
19511,94068,new,True
19512,12021,current,False
19513,56534,new,False
19514,20357,current,False
19515,37941,current,True
19516,81202,new,False
19517,34265,current,True
19518,26073,current,True
19519,49337,current,True
19520,56379,new,False
19521,27971,current,False
19522,49372,current,False
19523,89960,new,False
19524,71939,new,True
19525,77049,new,False
19526,89499,new,False
19527,88769,new,False
19528,48817,current,True
19529,14338,current,False
19530,36540,current,True
19531,99785,new,False
19532,63160,new,False
19533,11154,current,False
19534,31503,current,True
19535,30177,current,False
19536,52607,new,True
19537,31549,current,True
19538,84467,new,False
19539,48823,current,False
19540,90241,new,False
19541,22792,current,True
19542,58567,new,True
19543,21226,current,False
19544,38530,current,False
19545,75364,new,True
19546,42346,current,True
19547,69740,new,False
19548,95637,new,False
19549,23475,current,False
19550,42461,current,False
19551,76474,new,True
19552,42711,current,False
19553,64338,new,False
19554,67183,new,False
19555,40821,current,False
19556,10171,current,False
19557,58697,new,False
19558,12044,current,True
19559,38913,current,False
19560,72550,new,False
19561,52284,new,True
19562,23781,current,False
19563,27118,current,False
19564,22539,current,False
19565,42326,current,True
19566,78845,new,True
19567,41333,current,False
19568,17742,current,False
19569,82963,new,True
19570,41450,current,False
19571,35397,current,True
19572,66531,new,False
19573,14672,current,True
19574,36282,current,False
19575,21085,current,False
19576,17944,current,True
19577,46806,current,False
19578,48540,current,False
19579,89514,new,False
19580,96268,new,False
19581,46077,current,False
19582,40210,current,False
19583,11500,current,False
19584,81918,new,False
19585,26430,current,False
19586,82304,new,False
19587,80240,new,False
19588,39963,current,True
19589,73590,new,True
19590,45551,current,False
19591,31814,current,False
19592,89674,new,True
19593,62484,new,False
19594,76383,new,True
19595,28920,current,False
19596,61168,new,False
19597,77371,new,True
19598,33936,current,True
19599,27357,current,True
19600,28237,current,False
19601,72259,new,True
19602,68125,new,False
19603,63819,new,True
19604,53868,new,False
19605,28904,current,False
19606,33577,current,False
19607,24133,current,False
19608,85302,new,True
19609,57988,new,False
19610,13264,current,True
19611,17650,current,False
19612,26040,current,False
19613,50448,new,True
19614,48789,current,False
19615,51431,new,False
19616,24817,current,False
19617,49619,current,False
19618,63869,new,False
19619,95213,new,True
19620,43083,current,True
19621,59147,new,False
19622,28252,current,False
19623,27587,current,False
19624,21935,current,False
19625,27611,current,True
19626,46624,current,False
19627,31067,current,False
19628,14024,current,True
19629,49764,current,True
19630,91202,new,False
19631,61364,new,True
19632,60092,new,False
19633,60293,new,True
19634,86695,new,True
19635,24023,current,True
19636,33462,current,True
19637,20847,current,False
19638,19606,current,False
19639,21660,current,True
19640,50055,new,False
19641,14788,current,False
19642,64903,new,True
19643,19044,current,False
19644,36180,current,False
19645,69976,new,True
19646,47193,current,False
19647,87613,new,False
19648,28721,current,True
19649,48041,current,True
19650,17117,current,False
19651,82256,new,True
19652,48296,current,True
19653,30623,current,False
19654,82756,new,False
19655,44233,current,False
19656,91880,new,False
19657,63554,new,True
19658,48359,current,False
19659,80496,new,False
19660,99851,new,False
19661,63980,new,False
19662,81892,new,False
19663,43936,current,False
19664,23451,current,False
19665,25633,current,False
19666,94516,new,False
19667,44702,current,True
19668,39670,current,False
19669,99644,new,False
19670,44528,current,True
19671,53530,new,True
19672,65663,new,True
19673,58309,new,False
19674,51377,new,True
19675,15567,current,False
19676,40955,current,False
19677,67156,new,True
19678,47772,current,True
19679,30648,current,False
19680,42262,current,False
19681,90664,new,False
19682,17911,current,False
19683,97001,new,True
19684,42537,current,False
19685,57307,new,True
19686,28428,current,False
19687,32799,current,False
19688,48738,current,False
19689,34928,current,True
19690,30925,current,True
19691,29526,current,False
19692,91609,new,False
19693,98389,new,True
19694,96935,new,True
19695,65655,new,True
19696,41821,current,False
19697,81698,new,True
19698,23923,current,False
19699,93591,new,False
19700,46483,current,True
19701,82473,new,False
19702,31038,current,False
19703,13009,current,True
19704,88761,new,True
19705,63683,new,True
19706,58336,new,False
19707,59462,new,False
19708,82310,new,True
19709,88383,new,True
19710,55140,new,False
19711,47255,current,False
19712,30133,current,False
19713,29945,current,False
19714,49536,current,False
19715,26577,current,True
19716,64316,new,False
19717,12003,current,False
19718,14469,current,False
19719,87669,new,True
19720,77430,new,True
19721,77336,new,True
19722,10678,current,False
19723,40669,current,False
19724,48311,current,False
19725,61594,new,False
19726,59994,new,False
19727,46650,current,False
19728,43742,current,False
19729,13906,current,False
19730,41090,current,True
19731,37415,current,True
19732,28421,current,False
19733,65629,new,True
19734,47523,current,False
19735,63235,new,True
19736,46501,current,False
19737,66880,new,True
19738,92624,new,False
19739,32694,current,False
19740,36026,current,False
19741,87824,new,False
19742,29007,current,False
19743,20548,current,True
19744,13921,current,False
19745,89082,new,True
19746,90986,new,False
19747,39283,current,False
19748,37879,current,False
19749,77429,new,False
19750,44715,current,False
19751,28012,current,True
19752,24090,current,False
19753,39325,current,True
19754,71009,new,True
19755,91270,new,True
19756,86453,new,True
19757,68082,new,False
19758,47824,current,False
19759,42847,current,False
19760,75758,new,False
19761,37797,current,False
19762,85986,new,False
19763,59892,new,False
19764,12560,current,True
19765,97411,new,False
19766,20292,current,True
19767,42529,current,False
19768,34972,current,True
19769,93110,new,False
19770,85976,new,True
19771,56314,new,False
19772,12535,current,False
19773,63118,new,True
19774,18091,current,False
19775,38012,current,True
19776,14757,current,False
19777,79833,new,False
19778,39806,current,False
19779,25445,current,True
19780,93002,new,False
19781,80610,new,True
19782,95232,new,True
19783,46756,current,False
19784,56833,new,False
19785,68368,new,True
19786,50267,new,True
19787,98565,new,False
19788,95459,new,False
19789,58081,new,True
19790,51011,new,False
19791,64359,new,False
19792,64043,new,True
19793,46392,current,False
19794,20277,current,True
19795,44426,current,True
19796,42884,current,False
19797,29278,current,False
19798,27814,current,False
19799,39748,current,False
19800,12310,current,True
19801,86234,new,False
19802,64576,new,False
19803,57729,new,True
19804,12368,current,False
19805,47215,current,False
19806,57400,new,False
19807,38392,current,False
19808,75550,new,True
19809,83556,new,True
19810,35876,current,True
19811,52397,new,False
19812,53011,new,False
19813,82513,new,False
19814,11161,current,True
19815,71738,new,True
19816,29470,current,True
19817,21405,current,False
19818,46053,current,False
19819,43422,current,False
19820,10715,current,False
19821,89206,new,False
19822,80993,new,False
19823,26903,current,False
19824,94907,new,False
19825,40455,current,True
19826,26826,current,False
19827,55190,new,True
19828,62915,new,False
19829,60577,new,True
19830,29844,current,True
19831,40284,current,True
19832,11267,current,False
19833,53803,new,False
19834,71138,new,False
19835,16149,current,False
19836,39192,current,False
19837,74953,new,True
19838,64589,new,True
19839,30185,current,True
19840,23901,current,False
19841,26041,current,False
19842,37427,current,True
19843,76699,new,False
19844,26405,current,False
19845,71062,new,True
19846,95598,new,True
19847,47525,current,True
19848,54037,new,True
19849,71069,new,False
19850,23893,current,False
19851,47038,current,False
19852,46472,current,False
19853,41876,current,False
19854,48403,current,True
19855,31512,current,True
19856,96890,new,True
19857,26210,current,False
19858,81116,new,False
19859,33430,current,False
19860,17200,current,False
19861,55815,new,False
19862,57656,new,False
19863,41497,current,False
19864,46371,current,False
19865,40971,current,False
19866,11416,current,False
19867,12982,current,False
19868,88154,new,False
19869,96281,new,True
19870,52467,new,True
19871,33629,current,True
19872,71030,new,False
19873,22409,current,False
19874,23940,current,False
19875,44212,current,False
19876,39955,current,False
19877,49177,current,False
19878,79603,new,True
19879,17386,current,False
19880,61589,new,False
19881,28739,current,False
19882,26961,current,False
19883,64513,new,True
19884,89524,new,True
19885,96127,new,False
19886,81030,new,True
19887,83616,new,True
19888,82233,new,False
19889,50500,new,False
19890,51100,new,True
19891,25535,current,False
19892,29511,current,False
19893,33149,current,False
19894,89252,new,False
19895,90501,new,True
19896,41772,current,False
19897,95591,new,False
19898,86754,new,True
19899,55780,new,False
19900,33059,current,True
19901,44273,current,False
19902,44087,current,False
19903,65752,new,True
19904,81470,new,False
19905,19120,current,True
19906,27014,current,True
19907,86540,new,True
19908,74763,new,True
19909,65453,new,False
19910,89748,new,True
19911,19244,current,False
19912,98513,new,False
19913,44103,current,True
19914,50581,new,False
19915,58202,new,False
19916,70294,new,False
19917,10242,current,False
19918,42832,current,False
19919,31172,current,True
19920,51091,new,False
19921,90128,new,True
19922,88856,new,True
19923,86754,new,True
19924,16308,current,False
19925,13733,current,True
19926,33287,current,False
19927,24174,current,False
19928,30991,current,False
19929,92803,new,False
19930,41465,current,True
19931,41715,current,False
19932,91091,new,False
19933,39771,current,False
19934,70175,new,True
19935,15522,current,True
19936,32572,current,False
19937,20394,current,False
19938,25604,current,False
19939,83549,new,True
19940,58922,new,True
19941,51494,new,False
19942,70858,new,False
19943,21200,current,False
19944,93990,new,False
19945,88595,new,False
19946,49512,current,True
19947,78769,new,False
19948,33681,current,True
19949,37133,current,False
19950,75012,new,False
19951,20559,current,False
19952,35906,current,True
19953,13395,current,False
19954,81697,new,False
19955,13765,current,False
19956,92513,new,True
19957,91575,new,False
19958,64983,new,True
19959,53605,new,False
19960,73718,new,False
19961,74981,new,False
19962,78350,new,False
19963,33622,current,False
19964,98250,new,True
19965,35447,current,False
19966,81982,new,True
19967,91396,new,False
19968,11777,current,False
19969,53986,new,False
19970,57034,new,False
19971,75499,new,True
19972,38446,current,True
19973,88993,new,True
19974,95956,new,False
19975,41488,current,False
19976,55323,new,True
19977,58377,new,True
19978,88212,new,True
19979,66111,new,True
19980,52846,new,False
19981,86556,new,False
19982,55634,new,False
19983,78275,new,True
19984,69372,new,False
19985,96393,new,False
19986,42072,current,True
19987,46064,current,False
19988,54332,new,True
19989,13976,current,True
19990,16442,current,False
19991,70088,new,False
19992,54598,new,True
19993,22596,current,True
19994,61205,new,False
19995,40079,current,False
19996,51942,new,True
19997,88442,new,False
19998,30130,current,False
19999,37647,current,False
20000,46192,current,False
20001,59701,new,True
20002,21469,current,False
20003,89607,new,False
20004,69872,new,True
20005,71832,new,True
20006,63900,new,False
20007,42304,current,False
20008,93297,new,False
20009,92982,new,True
20010,99079,new,False
20011,41074,current,False
20012,37186,current,False
20013,65666,new,True
20014,27222,current,True
20015,33123,current,True
20016,70874,new,False
20017,24483,current,False
20018,27361,current,False
20019,12257,current,False
20020,56928,new,True
20021,34487,current,True
20022,45116,current,False
20023,51684,new,False
20024,98612,new,True
20025,63836,new,True
20026,50379,new,False
20027,99113,new,False
20028,93968,new,False
20029,51494,new,False
20030,51660,new,False
20031,77847,new,False
20032,48567,current,True
20033,18592,current,False
20034,64968,new,True
20035,45907,current,True
20036,35083,current,False
20037,96180,new,False
20038,28170,current,True
20039,20622,current,False
20040,49169,current,True
20041,37537,current,False
20042,63873,new,False
20043,86027,new,True
20044,36264,current,False
20045,56937,new,True
20046,47897,current,True
20047,61243,new,False
20048,42828,current,False
20049,48490,current,True
20050,86788,new,False
20051,93373,new,True
20052,15065,current,False
20053,25994,current,False
20054,56096,new,False
20055,74697,new,True
20056,21202,current,False
20057,37408,current,True
20058,31449,current,False
20059,28464,current,True
20060,89410,new,False
20061,14330,current,False
20062,68692,new,True
20063,19368,current,True
20064,44107,current,True
20065,99052,new,False
20066,61247,new,True
20067,26693,current,False
20068,16147,current,True
20069,19855,current,False
20070,42498,current,True
20071,12192,current,False
20072,95449,new,True
20073,54033,new,False
20074,41443,current,False
20075,28334,current,True
20076,16498,current,False
20077,62622,new,False
20078,55461,new,False
20079,55755,new,False
20080,76334,new,True
20081,29016,current,True
20082,72678,new,True
20083,54285,new,False
20084,83451,new,True
20085,50385,new,True
20086,94077,new,True
20087,12211,current,True
20088,76719,new,True
20089,74357,new,False
20090,19425,current,False
20091,52250,new,True
20092,72553,new,False
20093,25580,current,False
20094,97799,new,False
20095,76803,new,True
20096,95290,new,False
20097,27014,current,False
20098,97936,new,True
20099,95669,new,True
20100,48029,current,False
20101,50887,new,True
20102,23456,current,False
20103,94420,new,True
20104,32881,current,True
20105,84277,new,False
20106,21573,current,True
20107,56031,new,False
20108,55187,new,False
20109,30998,current,False
20110,97728,new,False
20111,30209,current,False
20112,48709,current,False
20113,64444,new,False
20114,21590,current,False
20115,77895,new,False
20116,56585,new,False
20117,30547,current,True
20118,53296,new,True
20119,90035,new,False
20120,47108,current,False
20121,67789,new,False
20122,24406,current,False
20123,95719,new,False
20124,30542,current,False
20125,15704,current,False
20126,80926,new,False
20127,91373,new,False
20128,66366,new,True
20129,45069,current,False
20130,91365,new,True
20131,57384,new,True
20132,11097,current,False
20133,20095,current,True
20134,91618,new,False
20135,19669,current,False
20136,30638,current,False
20137,34228,current,False
20138,67039,new,True
20139,23762,current,False
20140,41345,current,False
20141,15750,current,True
20142,43446,current,False
20143,66831,new,False
20144,64925,new,False
20145,55021,new,False
20146,84583,new,False
20147,31272,current,False
20148,77405,new,False
20149,25744,current,False
20150,66133,new,True
20151,47375,current,False
20152,90237,new,True
20153,38383,current,True
20154,12114,current,True
20155,44551,current,False
20156,81334,new,True
20157,58749,new,True
20158,14593,current,False
20159,15024,current,False
20160,35826,current,False
20161,51359,new,False
20162,18031,current,False
20163,60946,new,False
20164,89956,new,True
20165,97375,new,False
20166,27577,current,False
20167,69862,new,False
20168,95821,new,False
20169,57546,new,False
20170,49499,current,True
20171,59789,new,False
20172,34088,current,False
20173,97711,new,True
20174,90724,new,False
20175,97481,new,False
20176,71551,new,False
20177,79172,new,True
20178,20131,current,True
20179,20715,current,False
20180,52319,new,False
20181,41889,current,False
20182,54559,new,True
20183,64518,new,True
20184,51427,new,True
20185,71623,new,True
20186,28842,current,True
20187,82388,new,False
20188,14183,current,True
20189,82824,new,True
20190,59470,new,False
20191,88075,new,True
20192,10965,current,False
20193,11312,current,True
20194,69150,new,True
20195,35191,current,False
20196,21199,current,True
20197,38043,current,False
20198,60468,new,True
20199,15244,current,False
20200,22598,current,True
20201,41837,current,True
20202,64938,new,False
20203,66442,new,False
20204,29376,current,False
20205,54869,new,False
20206,49983,current,False
20207,97729,new,False
20208,85296,new,True
20209,52739,new,True
20210,46437,current,False
20211,63739,new,True
20212,67902,new,False
20213,97982,new,False
20214,61403,new,True
20215,26373,current,False
20216,12403,current,False
20217,59071,new,False
20218,26210,current,False
20219,47749,current,True
20220,43961,current,True
20221,45180,current,False
20222,33533,current,False
20223,44743,current,False
20224,12802,current,False
20225,62499,new,True
20226,26882,current,True
20227,38151,current,False
20228,16748,current,False
20229,14496,current,True
20230,62281,new,True
20231,89250,new,False
20232,46906,current,False
20233,88129,new,True
20234,48866,current,False
20235,13840,current,False
20236,61011,new,False
20237,90300,new,True
20238,93140,new,False
20239,33468,current,False
20240,35020,current,False
20241,66929,new,False
20242,45264,current,False
20243,33679,current,False
20244,37026,current,True
20245,62062,new,True
20246,93199,new,True
20247,47288,current,True
20248,78133,new,False
20249,14640,current,False
20250,29123,current,False
20251,74846,new,False
20252,34053,current,False
20253,90256,new,False
20254,43749,current,True
20255,84748,new,True
20256,59420,new,False
20257,55077,new,False
20258,40279,current,False
20259,57017,new,True
20260,23794,current,True
20261,13094,current,False
20262,28108,current,True
20263,36375,current,False
20264,67728,new,True
20265,91223,new,False
20266,52104,new,False
20267,14145,current,True
20268,26614,current,False
20269,61707,new,False
20270,11981,current,False
20271,98949,new,False
20272,78864,new,True
20273,89436,new,False
20274,79177,new,False
20275,88056,new,False
20276,82614,new,False
20277,10309,current,False
20278,44001,current,False
20279,22705,current,False
20280,84814,new,True
20281,37451,current,False
20282,40667,current,False
20283,24793,current,False
20284,72803,new,False
20285,75088,new,True
20286,71312,new,True
20287,53521,new,False
20288,17886,current,False
20289,72714,new,False
20290,58394,new,True
20291,22426,current,False
20292,23151,current,False
20293,14835,current,False
20294,35417,current,False
20295,60530,new,False
20296,39196,current,False
20297,67088,new,False
20298,28757,current,False
20299,39044,current,False
20300,83336,new,False
20301,23460,current,False
20302,69387,new,True
20303,15331,current,False
20304,16320,current,False
20305,70537,new,True
20306,25019,current,True
20307,51847,new,True
20308,40871,current,False
20309,85326,new,False
20310,98372,new,False
20311,68307,new,True
20312,14447,current,False
20313,40649,current,False
20314,68325,new,True
20315,24209,current,True
20316,79169,new,False
20317,83083,new,False
20318,93346,new,True
20319,49034,current,False
20320,81593,new,False
20321,16432,current,True
20322,27393,current,False
20323,58807,new,False
20324,86985,new,False
20325,47651,current,False
20326,57281,new,True
20327,61754,new,True
20328,86150,new,True
20329,24525,current,True
20330,78417,new,True
20331,24771,current,False
20332,97538,new,False
20333,11078,current,False
20334,11613,current,True
20335,76193,new,False
20336,54985,new,False
20337,39955,current,True
20338,72480,new,True
20339,42080,current,False
20340,25937,current,False
20341,15130,current,False
20342,14734,current,False
20343,40914,current,False
20344,85684,new,True
20345,53774,new,False
20346,24863,current,True
20347,17295,current,False
20348,25465,current,False
20349,11339,current,False
20350,84122,new,False
20351,47985,current,False
20352,70809,new,True
20353,60041,new,False
20354,37953,current,False
20355,78130,new,False
20356,42374,current,True
20357,45745,current,False
20358,57612,new,True
20359,47494,current,False
20360,98412,new,False
20361,60590,new,True
20362,94303,new,True
20363,42640,current,False
20364,50917,new,False
20365,74749,new,False
20366,34479,current,False
20367,63125,new,True
20368,55548,new,False
20369,29357,current,True
20370,96251,new,False
20371,32738,current,True
20372,38595,current,False
20373,47856,current,True
20374,94873,new,False
20375,23175,current,True
20376,58347,new,True
20377,77115,new,True
20378,20580,current,False
20379,12185,current,False
20380,48945,current,False
20381,32870,current,True
20382,26774,current,False
20383,58983,new,False
20384,50809,new,False
20385,20360,current,False
20386,22181,current,True
20387,93954,new,False
20388,98948,new,True
20389,15040,current,True
20390,22284,current,False
20391,79067,new,False
20392,26262,current,False
20393,32749,current,False
20394,19609,current,False
20395,21242,current,True
20396,28715,current,True
20397,91528,new,False
20398,76467,new,False
20399,49469,current,True
20400,36609,current,False
20401,42060,current,True
20402,97724,new,True
20403,28187,current,False
20404,96946,new,True
20405,66951,new,True
20406,57038,new,True
20407,79348,new,False
20408,67733,new,False
20409,53882,new,True
20410,66912,new,False
20411,62425,new,False
20412,17457,current,False
20413,45369,current,False
20414,79422,new,True
20415,70465,new,True
20416,56544,new,False
20417,37491,current,False
20418,84899,new,False
20419,37882,current,False
20420,70566,new,False
20421,14366,current,False
20422,22585,current,True
20423,39430,current,False
20424,85011,new,True
20425,24937,current,False
20426,10070,current,False
20427,41659,current,False
20428,69403,new,False
20429,62142,new,False
20430,71915,new,False
20431,35210,current,True
20432,42745,current,False
20433,51362,new,False
20434,28213,current,True
20435,66580,new,False
20436,22207,current,False
20437,36046,current,False
20438,47091,current,False
20439,98618,new,True
20440,14303,current,False
20441,69807,new,True
20442,78316,new,False
20443,11792,current,False
20444,77723,new,True
20445,93398,new,True
20446,41092,current,False
20447,35011,current,False
20448,69390,new,True
20449,45584,current,False
20450,45070,current,False
20451,69656,new,False
20452,13063,current,True
20453,18034,current,False
20454,31562,current,False
20455,51991,new,True
20456,41996,current,False
20457,11377,current,False
20458,39360,current,False
20459,26949,current,True
20460,27235,current,False
20461,50221,new,True
20462,40816,current,True
20463,30887,current,False
20464,16077,current,False
20465,35587,current,False
20466,70637,new,False
20467,16990,current,False
20468,63463,new,False
20469,93179,new,True
20470,10877,current,False
20471,35290,current,False
20472,52258,new,True
20473,52123,new,False
20474,12841,current,False
20475,81506,new,False
20476,76176,new,True
20477,74954,new,False
20478,72317,new,False
20479,39620,current,False
20480,12038,current,False
20481,17659,current,True
20482,68188,new,True
20483,18312,current,True
20484,14249,current,True
20485,72548,new,True
20486,26897,current,True
20487,29455,current,False
20488,74583,new,False
20489,15877,current,True
20490,12413,current,False
20491,19773,current,False
20492,62223,new,True
20493,84779,new,False
20494,83196,new,True
20495,46441,current,False
20496,62953,new,False
20497,51074,new,True
20498,98723,new,True
20499,27675,current,False
20500,80318,new,True
20501,95159,new,True
20502,75709,new,True
20503,60874,new,False
20504,23258,current,False
20505,83671,new,False
20506,41839,current,False
20507,25970,current,False
20508,53628,new,True
20509,68607,new,False
20510,45134,current,True
20511,44145,current,True
20512,62297,new,False
20513,13153,current,False
20514,45444,current,False
20515,30602,current,True
20516,37103,current,False
20517,78373,new,True
20518,20539,current,False
20519,67028,new,True
20520,13183,current,False
20521,57062,new,True
20522,80061,new,False
20523,72493,new,False
20524,96472,new,True
20525,83385,new,True
20526,15436,current,False
20527,34724,current,False
20528,35162,current,False
20529,57139,new,True
20530,62430,new,False
20531,20770,current,False
20532,33244,current,True
20533,78185,new,False
20534,82468,new,True
20535,92838,new,False
20536,22937,current,False
20537,17943,current,False
20538,78670,new,True
20539,43193,current,False
20540,62944,new,False
20541,36228,current,False
20542,69254,new,True
20543,84474,new,True
20544,82798,new,True
20545,35629,current,False
20546,76868,new,True
20547,99338,new,False
20548,24504,current,False
20549,74400,new,True
20550,65351,new,False
20551,19849,current,False
20552,86227,new,True
20553,41341,current,False
20554,82452,new,False
20555,44269,current,True
20556,84107,new,True
20557,99109,new,False
20558,40138,current,True
20559,74388,new,True
20560,63441,new,True
20561,61945,new,False
20562,76127,new,False
20563,87532,new,True
20564,30812,current,False
20565,28725,current,True
20566,27055,current,False
20567,17353,current,False
20568,88403,new,False
20569,32075,current,True
20570,21462,current,False
20571,34855,current,False
20572,35417,current,False
20573,28027,current,False
20574,32702,current,False
20575,42414,current,False
20576,73065,new,False
20577,28073,current,False
20578,12112,current,False
20579,34362,current,False
20580,82242,new,True
20581,88344,new,False
20582,88305,new,False
20583,93487,new,True
20584,48115,current,False
20585,95369,new,True
20586,81483,new,False
20587,37838,current,True
20588,43715,current,False
20589,52462,new,False
20590,57686,new,True
20591,18023,current,False
20592,26903,current,False
20593,42365,current,False
20594,13667,current,False
20595,48230,current,False
20596,68057,new,False
20597,32482,current,False
20598,38501,current,True
20599,24342,current,False
20600,26946,current,False
20601,80403,new,True
20602,46494,current,True
20603,74461,new,False
20604,16023,current,False
20605,86924,new,False
20606,32980,current,False
20607,36823,current,False
20608,95036,new,True
20609,71072,new,False
20610,69052,new,False
20611,53704,new,False
20612,63563,new,True
20613,82353,new,True
20614,46311,current,False
20615,48972,current,False
20616,51969,new,False
20617,64315,new,False
20618,87280,new,False
20619,95774,new,False
20620,28265,current,True
20621,58601,new,False
20622,30302,current,False
20623,93180,new,True
20624,38909,current,False
20625,60531,new,True
20626,11493,current,False
20627,14053,current,False
20628,31068,current,False
20629,84402,new,False
20630,34767,current,False
20631,37457,current,False
20632,24248,current,True
20633,71154,new,False
20634,90930,new,False
20635,76172,new,False
20636,14389,current,True
20637,34284,current,True
20638,29061,current,False
20639,95256,new,False
20640,65068,new,True
20641,21557,current,False
20642,83288,new,False
20643,21957,current,False
20644,97435,new,False
20645,65628,new,False
20646,85033,new,True
20647,67704,new,False
20648,26014,current,False
20649,84477,new,True
20650,42946,current,True
20651,93472,new,False
20652,85117,new,True
20653,37656,current,False
20654,92656,new,True
20655,78844,new,True
20656,91464,new,False
20657,17749,current,False
20658,11180,current,True
20659,86951,new,False
20660,16621,current,True
20661,27720,current,True
20662,57694,new,False
20663,30710,current,False
20664,78245,new,True
20665,42871,current,False
20666,88870,new,True
20667,35766,current,False
20668,81076,new,True
20669,48885,current,True
20670,45181,current,False
20671,64786,new,False
20672,35903,current,True
20673,61132,new,True
20674,19169,current,False
20675,79925,new,True
20676,62966,new,False
20677,11196,current,False
20678,85687,new,True
20679,73889,new,False
20680,77447,new,False
20681,42733,current,True
20682,27450,current,True
20683,94069,new,True
20684,73719,new,False
20685,98973,new,False
20686,70854,new,False
20687,70308,new,True
20688,14237,current,False
20689,87840,new,False
20690,29430,current,False
20691,14023,current,True
20692,51286,new,False
20693,15549,current,False
20694,70739,new,False
20695,74967,new,False
20696,99768,new,True
20697,39224,current,False
20698,90978,new,True
20699,54635,new,False
20700,29259,current,False
20701,11510,current,False
20702,47065,current,True
20703,65164,new,False
20704,40846,current,True
20705,34392,current,False
20706,65654,new,False
20707,15275,current,True
20708,17565,current,True
20709,37227,current,False
20710,29784,current,False
20711,37552,current,True
20712,20992,current,False
20713,21842,current,True
20714,35625,current,False
20715,88073,new,True
20716,50193,new,True
20717,81111,new,True
20718,32144,current,False
20719,60469,new,False
20720,88886,new,False
20721,58369,new,True
20722,23702,current,False
20723,61069,new,True
20724,69036,new,False
20725,35741,current,True
20726,49663,current,False
20727,51042,new,False
20728,29186,current,False
20729,36097,current,True
20730,98913,new,True
20731,63286,new,False
20732,10959,current,True
20733,77928,new,False
20734,37322,current,False
20735,56732,new,False
20736,35886,current,False
20737,36975,current,True
20738,37701,current,True
20739,32369,current,True
20740,84724,new,False
20741,54089,new,False
20742,12106,current,False
20743,26973,current,True
20744,96765,new,True
20745,44129,current,True
20746,81728,new,True
20747,66541,new,False
20748,38327,current,False
20749,72732,new,False
20750,63029,new,False
20751,65156,new,False
20752,10384,current,True
20753,30590,current,False
20754,79862,new,False
20755,49552,current,False
20756,64946,new,False
20757,40314,current,False
20758,66651,new,True
20759,11940,current,False
20760,68701,new,True
20761,57818,new,True
20762,73337,new,False
20763,28735,current,False
20764,43412,current,False
20765,30898,current,False
20766,11294,current,False
20767,95883,new,True
20768,81153,new,False
20769,21577,current,False
20770,18916,current,False
20771,49257,current,False
20772,24931,current,False
20773,27234,current,True
20774,78827,new,False
20775,66685,new,True
20776,29213,current,False
20777,58343,new,False
20778,24431,current,False
20779,18054,current,True
20780,53867,new,False
20781,12915,current,True
20782,29116,current,False
20783,21118,current,False
20784,17177,current,False
20785,84388,new,True
20786,19380,current,False
20787,29620,current,True
20788,51631,new,False
20789,32017,current,False
20790,88042,new,True
20791,27523,current,False
20792,84321,new,True
20793,87026,new,False
20794,38564,current,False
20795,49229,current,False
20796,42162,current,True
20797,30536,current,False
20798,12435,current,False
20799,72465,new,True
20800,23308,current,False
20801,37656,current,False
20802,80642,new,False
20803,51218,new,True
20804,75763,new,False
20805,86314,new,True
20806,64721,new,True
20807,41447,current,False
20808,32640,current,False
20809,44977,current,True
20810,86363,new,True
20811,34488,current,True
20812,29138,current,False
20813,69091,new,True
20814,91588,new,False
20815,50685,new,True
20816,95930,new,False
20817,55961,new,True
20818,37565,current,False
20819,53063,new,True
20820,14579,current,True
20821,68725,new,True
20822,25396,current,False
20823,59452,new,True
20824,17296,current,False
20825,88630,new,True
20826,95448,new,True
20827,24019,current,True
20828,94421,new,False
20829,32595,current,True
20830,10544,current,True
20831,30705,current,False
20832,47764,current,True
20833,54842,new,True
20834,66849,new,False
20835,56694,new,False
20836,60106,new,True
20837,23614,current,False
20838,60103,new,False
20839,42968,current,True
20840,75707,new,False
20841,85938,new,True
20842,64127,new,False
20843,76483,new,False
20844,96412,new,True
20845,41319,current,False
20846,11298,current,False
20847,46163,current,False
20848,60498,new,False
20849,49292,current,False
20850,12689,current,False
20851,33495,current,False
20852,34494,current,True
20853,98175,new,False
20854,14892,current,False
20855,98110,new,False
20856,18611,current,False
20857,90292,new,False
20858,24215,current,True
20859,55443,new,True
20860,90452,new,True
20861,73095,new,True
20862,58124,new,False
20863,56741,new,False
20864,34860,current,False
20865,25561,current,True
20866,97467,new,True
20867,73815,new,False
20868,95084,new,False
20869,41473,current,False
20870,30553,current,True
20871,77362,new,False
20872,42374,current,False
20873,90824,new,False
20874,14866,current,False
20875,76595,new,True
20876,30607,current,False
20877,82847,new,False
20878,79259,new,False
20879,72132,new,True
20880,98804,new,True
20881,26388,current,True
20882,92174,new,False
20883,26558,current,False
20884,39559,current,True
20885,79919,new,True
20886,28104,current,False
20887,75782,new,True
20888,88790,new,True
20889,64389,new,True
20890,70904,new,True
20891,46949,current,False
20892,62365,new,False
20893,22976,current,False
20894,29537,current,True
20895,89823,new,False
20896,52059,new,False
20897,69963,new,False
20898,45887,current,False
20899,88085,new,False
20900,24595,current,True
20901,90316,new,False
20902,57660,new,False
20903,16121,current,False
20904,97917,new,False
20905,84950,new,False
20906,73759,new,True
20907,41125,current,False
20908,89265,new,True
20909,29374,current,False
20910,69456,new,False
20911,34224,current,False
20912,85766,new,True
20913,73771,new,False
20914,98888,new,False
20915,93693,new,False
20916,32255,current,False
20917,21615,current,False
20918,62314,new,False
20919,92558,new,False
20920,84429,new,False
20921,26689,current,True
20922,45707,current,False
20923,54580,new,False
20924,97843,new,False
20925,79499,new,False
20926,48567,current,False
20927,37089,current,True
20928,63253,new,False
20929,83298,new,False
20930,47202,current,False
20931,45168,current,True
20932,24044,current,False
20933,98967,new,True
20934,25660,current,False
20935,56057,new,True
20936,76249,new,False
20937,43986,current,False
20938,51906,new,False
20939,25022,current,False
20940,22162,current,True
20941,57632,new,True
20942,75368,new,False
20943,32072,current,True
20944,38145,current,False
20945,16943,current,False
20946,77164,new,False
20947,31168,current,True
20948,49838,current,False
20949,76624,new,False
20950,55826,new,True
20951,54752,new,False
20952,42257,current,False
20953,48907,current,False
20954,78003,new,True
20955,47272,current,False
20956,46284,current,False
20957,30055,current,False
20958,61500,new,True
20959,91330,new,False
20960,49245,current,True
20961,35183,current,False
20962,28597,current,False
20963,20432,current,False
20964,91983,new,False
20965,57428,new,True
20966,71508,new,False
20967,32583,current,True
20968,54396,new,False
20969,66678,new,False
20970,84251,new,False
20971,49474,current,False
20972,48692,current,True
20973,73688,new,False
20974,13345,current,False
20975,52440,new,False
20976,92588,new,False
20977,86952,new,True
20978,78452,new,True
20979,78305,new,True
20980,28615,current,True
20981,51772,new,True
20982,30226,current,False
20983,48094,current,False
20984,28795,current,False
20985,45460,current,False
20986,67106,new,True
20987,43624,current,True
20988,94691,new,False
20989,75317,new,False
20990,56041,new,False
20991,15481,current,True
20992,91157,new,True
20993,18500,current,False
20994,25516,current,False
20995,33498,current,False
20996,38464,current,False
20997,87225,new,True
20998,12822,current,False
20999,70042,new,True
21000,54257,new,True
21001,80453,new,False
21002,81200,new,False
21003,45073,current,False
21004,92069,new,False
21005,35997,current,True
21006,41045,current,False
21007,18004,current,False
21008,69721,new,False
21009,27584,current,False
21010,90165,new,False
21011,14127,current,False
21012,61500,new,True
21013,41225,current,False
21014,75138,new,False
21015,18318,current,True
21016,52513,new,False
21017,26492,current,False
21018,40349,current,False
21019,75030,new,True
21020,41106,current,False
21021,26308,current,False
21022,37355,current,True
21023,92474,new,False
21024,28428,current,True
21025,61347,new,False
21026,38594,current,False
21027,31464,current,True
21028,48901,current,False
21029,75416,new,False
21030,27529,current,False
21031,29715,current,False
21032,44147,current,False
21033,87383,new,False
21034,98803,new,False
21035,44951,current,True
21036,90052,new,True
21037,38856,current,False
21038,41507,current,False
21039,92116,new,True
21040,93998,new,True
21041,56560,new,False
21042,81782,new,False
21043,83419,new,True
21044,11883,current,False
21045,12609,current,False
21046,80784,new,False
21047,55992,new,False
21048,19626,current,False
21049,12031,current,True
21050,50294,new,False
21051,86691,new,False
21052,51989,new,False
21053,44264,current,False
21054,22497,current,False
21055,17208,current,False
21056,50118,new,False
21057,78668,new,True
21058,77061,new,False
21059,75659,new,False
21060,78258,new,False
21061,21009,current,False
21062,10159,current,False
21063,22878,current,False
21064,32974,current,False
21065,95224,new,False
21066,16890,current,False
21067,61536,new,False
21068,90631,new,False
21069,40338,current,False
21070,32666,current,False
21071,32028,current,False
21072,87005,new,False
21073,29639,current,False
21074,93179,new,False
21075,10590,current,False
21076,74427,new,True
21077,56948,new,False
21078,54753,new,True
21079,45078,current,False
21080,97266,new,False
21081,89407,new,True
21082,96481,new,False
21083,44917,current,False
21084,18775,current,False
21085,50783,new,True
21086,49726,current,False
21087,66420,new,False
21088,22482,current,False
21089,70502,new,True
21090,85556,new,True
21091,53890,new,False
21092,30875,current,True
21093,58507,new,False
21094,88303,new,True
21095,79858,new,False
21096,65850,new,False
21097,10816,current,False
21098,11559,current,False
21099,54142,new,True
21100,39119,current,False
21101,58737,new,True
21102,86080,new,True
21103,54298,new,False
21104,42212,current,False
21105,17878,current,False
21106,97047,new,False
21107,45428,current,False
21108,36267,current,False
21109,74654,new,True
21110,18796,current,False
21111,38128,current,False
21112,48541,current,False
21113,14794,current,False
21114,47786,current,False
21115,79362,new,True
21116,39492,current,False
21117,28481,current,False
21118,32462,current,False
21119,49384,current,True
21120,30245,current,True
21121,42984,current,True
21122,47859,current,False
21123,17685,current,False
21124,33146,current,False
21125,20292,current,False
21126,37573,current,False
21127,46462,current,False
21128,95937,new,True
21129,80208,new,True
21130,11514,current,True
21131,70873,new,True
21132,34724,current,False
21133,59368,new,False
21134,47677,current,False
21135,59458,new,True
21136,80302,new,False
21137,19458,current,False
21138,30836,current,False
21139,70284,new,False
21140,31918,current,False
21141,93555,new,True
21142,70935,new,False
21143,42582,current,True
21144,88184,new,True
21145,49175,current,True
21146,89327,new,False
21147,43135,current,True
21148,16473,current,False
21149,16877,current,True
21150,18939,current,False
21151,10133,current,False
21152,17797,current,False
21153,50661,new,False
21154,49629,current,True
21155,11261,current,True
21156,88595,new,True
21157,22631,current,True
21158,28897,current,False
21159,18906,current,False
21160,30262,current,False
21161,54155,new,True
21162,14245,current,True
21163,81516,new,True
21164,35928,current,False
21165,66068,new,True
21166,55271,new,False
21167,97644,new,True
21168,51788,new,False
21169,80122,new,False
21170,42853,current,False
21171,53221,new,True
21172,76904,new,True
21173,14498,current,True
21174,34783,current,False
21175,85068,new,False
21176,42981,current,True
21177,40507,current,True
21178,19766,current,False
21179,15315,current,False
21180,69406,new,False
21181,24900,current,False
21182,93216,new,True
21183,97804,new,False
21184,67770,new,True
21185,22041,current,True
21186,23353,current,True
21187,89967,new,False
21188,45712,current,False
21189,55304,new,True
21190,72384,new,False
21191,62638,new,True
21192,19782,current,False
21193,29027,current,False
21194,96918,new,True
21195,99593,new,True
21196,72464,new,True
21197,45377,current,False
21198,97365,new,False
21199,20294,current,True
21200,52698,new,False
21201,21184,current,False
21202,86047,new,False
21203,38434,current,False
21204,55828,new,True
21205,35675,current,True
21206,81456,new,True
21207,62278,new,True
21208,17219,current,False
21209,40040,current,True
21210,44432,current,False
21211,98371,new,True
21212,29217,current,False
21213,84088,new,True
21214,47253,current,False
21215,31402,current,False
21216,25383,current,False
21217,30278,current,True
21218,35043,current,False
21219,72785,new,True
21220,22036,current,False
21221,51003,new,True
21222,90095,new,True
21223,51585,new,False
21224,30481,current,False
21225,24087,current,False
21226,48449,current,False
21227,30620,current,False
21228,60582,new,True
21229,71053,new,False
21230,85616,new,False
21231,93859,new,True
21232,39133,current,False
21233,71568,new,False
21234,22595,current,True
21235,12540,current,True
21236,37002,current,False
21237,17999,current,False
21238,55666,new,True
21239,75430,new,False
21240,74452,new,True
21241,73695,new,False
21242,83039,new,True
21243,16705,current,False
21244,90525,new,True
21245,16962,current,False
21246,76599,new,False
21247,72572,new,True
21248,55100,new,False
21249,59080,new,True
21250,49270,current,True
21251,81494,new,True
21252,11870,current,False
21253,44249,current,False
21254,87729,new,False
21255,94129,new,False
21256,51598,new,True
21257,89129,new,False
21258,77642,new,True
21259,91385,new,True
21260,30420,current,True
21261,77200,new,True
21262,92181,new,False
21263,69385,new,False
21264,54697,new,False
21265,14821,current,False
21266,15254,current,False
21267,29699,current,False
21268,62881,new,True
21269,25753,current,False
21270,55335,new,False
21271,26455,current,False
21272,74161,new,True
21273,26502,current,False
21274,19487,current,False
21275,36126,current,True
21276,10705,current,False
21277,85004,new,False
21278,14978,current,False
21279,28938,current,False
21280,82657,new,False
21281,42907,current,False
21282,50725,new,False
21283,76745,new,True
21284,96833,new,False
21285,18469,current,False
21286,54326,new,True
21287,41738,current,False
21288,70886,new,True
21289,12062,current,False
21290,84557,new,False
21291,30262,current,True
21292,98615,new,True
21293,15131,current,False
21294,67809,new,False
21295,92132,new,False
21296,67127,new,False
21297,61740,new,False
21298,35495,current,True
21299,17766,current,True
21300,85683,new,False
21301,58884,new,False
21302,70386,new,False
21303,56134,new,False
21304,84558,new,True
21305,32877,current,False
21306,34175,current,False
21307,37231,current,False
21308,53220,new,False
21309,85312,new,False
21310,46499,current,True
21311,72832,new,True
21312,35903,current,True
21313,18045,current,True
21314,29289,current,False
21315,45942,current,False
21316,39535,current,False
21317,91272,new,True
21318,15257,current,False
21319,93723,new,False
21320,47921,current,False
21321,97388,new,False
21322,59282,new,False
21323,62597,new,True
21324,93699,new,False
21325,98619,new,True
21326,32969,current,False
21327,39651,current,False
21328,77210,new,True
21329,81260,new,False
21330,45413,current,False
21331,68620,new,True
21332,45171,current,True
21333,57271,new,True
21334,91678,new,False
21335,84857,new,False
21336,38344,current,False
21337,74070,new,False
21338,33585,current,True
21339,56035,new,False
21340,73912,new,False
21341,36174,current,False
21342,53655,new,True
21343,91529,new,False
21344,13999,current,False
21345,58478,new,True
21346,98399,new,True
21347,87518,new,False
21348,66663,new,False
21349,37967,current,False
21350,90327,new,False
21351,14691,current,True
21352,23485,current,False
21353,56327,new,True
21354,64473,new,True
21355,93428,new,True
21356,44687,current,False
21357,35467,current,False
21358,18779,current,False
21359,59893,new,True
21360,35410,current,False
21361,39335,current,False
21362,12124,current,False
21363,20665,current,False
21364,16648,current,False
21365,91189,new,True
21366,77834,new,False
21367,99545,new,False
21368,80847,new,True
21369,69781,new,True
21370,17561,current,False
21371,15316,current,False
21372,55816,new,True
21373,48715,current,True
21374,35525,current,False
21375,74206,new,False
21376,60856,new,True
21377,37545,current,True
21378,54011,new,False
21379,59741,new,False
21380,31106,current,False
21381,50566,new,False
21382,19551,current,False
21383,17188,current,True
21384,19169,current,True
21385,56534,new,True
21386,24201,current,False
21387,74923,new,False
21388,74487,new,False
21389,67894,new,False
21390,15097,current,True
21391,66025,new,True
21392,18237,current,False
21393,32496,current,False
21394,29142,current,True
21395,76102,new,False
21396,19524,current,True
21397,77690,new,False
21398,32189,current,False
21399,94034,new,True
21400,51700,new,True
21401,68645,new,False
21402,13231,current,False
21403,71811,new,True
21404,94382,new,True
21405,22821,current,True
21406,54960,new,False
21407,31433,current,True
21408,20792,current,True
21409,35356,current,True
21410,53404,new,False
21411,31007,current,True
21412,45077,current,False
21413,40327,current,False
21414,70678,new,False
21415,20153,current,True
21416,16030,current,False
21417,14380,current,False
21418,62066,new,True
21419,71387,new,False
21420,11852,current,False
21421,33175,current,True
21422,57276,new,False
21423,70003,new,False
21424,97347,new,False
21425,40394,current,False
21426,68228,new,True
21427,18726,current,False
21428,12942,current,False
21429,65170,new,True
21430,39101,current,False
21431,22851,current,False
21432,75604,new,False
21433,97407,new,False
21434,67206,new,False
21435,31903,current,False
21436,82944,new,False
21437,46191,current,False
21438,93409,new,True
21439,77225,new,True
21440,36243,current,False
21441,29403,current,False
21442,83870,new,False
21443,99410,new,False
21444,30594,current,False
21445,49722,current,False
21446,30937,current,True
21447,68788,new,True
21448,34508,current,True
21449,81572,new,False
21450,12298,current,True
21451,85478,new,False
21452,55823,new,True
21453,34794,current,False
21454,24820,current,False
21455,52861,new,False
21456,98716,new,True
21457,55053,new,False
21458,12324,current,False
21459,27976,current,False
21460,63731,new,True
21461,21972,current,False
21462,93599,new,False
21463,46115,current,True
21464,13012,current,True
21465,61259,new,True
21466,75306,new,True
21467,18679,current,True
21468,27565,current,False
21469,13277,current,False
21470,37196,current,True
21471,29330,current,False
21472,59873,new,False
21473,96212,new,True
21474,12804,current,True
21475,95765,new,False
21476,49209,current,False
21477,50938,new,True
21478,56840,new,False
21479,29286,current,False
21480,68656,new,True
21481,44084,current,False
21482,63313,new,False
21483,25283,current,False
21484,39874,current,False
21485,17372,current,False
21486,27847,current,False
21487,80932,new,True
21488,97497,new,True
21489,46660,current,False
21490,39558,current,False
21491,55954,new,True
21492,81536,new,True
21493,87020,new,False
21494,53324,new,True
21495,86512,new,True
21496,15478,current,False
21497,39682,current,False
21498,71500,new,False
21499,32928,current,True
21500,46333,current,True
21501,39702,current,True
21502,79148,new,True
21503,57944,new,True
21504,43035,current,True
21505,93195,new,False
21506,55339,new,False
21507,44761,current,True
21508,25126,current,False
21509,47975,current,False
21510,50418,new,True
21511,17050,current,False
21512,54643,new,True
21513,47465,current,False
21514,21118,current,False
21515,26896,current,False
21516,15148,current,True
21517,38228,current,True
21518,43742,current,False
21519,59279,new,True
21520,80554,new,False
21521,90342,new,True
21522,98040,new,False
21523,27244,current,True
21524,59740,new,False
21525,40803,current,False
21526,22400,current,True
21527,79062,new,True
21528,40396,current,False
21529,27151,current,False
21530,12927,current,False
21531,16282,current,False
21532,78159,new,False
21533,55089,new,True
21534,44655,current,False
21535,30126,current,True
21536,89069,new,False
21537,66350,new,False
21538,82704,new,False
21539,35107,current,True
21540,50135,new,False
21541,72112,new,True
21542,45940,current,False
21543,80421,new,False
21544,42226,current,False
21545,58401,new,False
21546,92999,new,True
21547,89394,new,False
21548,14271,current,False
21549,77404,new,True
21550,93443,new,False
21551,87084,new,False
21552,42772,current,False
21553,11122,current,False
21554,22776,current,False
21555,13559,current,False
21556,52354,new,False
21557,81847,new,False
21558,81441,new,True
21559,27754,current,False
21560,36780,current,False
21561,42489,current,False
21562,20432,current,False
21563,86879,new,False
21564,93494,new,False
21565,99298,new,True
21566,93208,new,True
21567,31323,current,False
21568,72228,new,False
21569,90120,new,True
21570,71365,new,False
21571,27502,current,False
21572,80923,new,True
21573,21368,current,False
21574,49508,current,True
21575,71564,new,False
21576,78825,new,True
21577,61588,new,False
21578,15812,current,False
21579,66465,new,True
21580,57392,new,True
21581,14602,current,True
21582,89195,new,False
21583,37649,current,True
21584,71265,new,False
21585,14392,current,False
21586,58302,new,False
21587,84463,new,True
21588,36603,current,False
21589,39897,current,False
21590,42463,current,False
21591,90769,new,True
21592,41270,current,True
21593,24233,current,False
21594,87736,new,True
21595,14617,current,True
21596,22728,current,False
21597,13396,current,False
21598,41783,current,True
21599,81519,new,True
21600,40715,current,False
21601,77555,new,False
21602,93157,new,False
21603,57540,new,False
21604,16263,current,False
21605,96299,new,True
21606,81862,new,False
21607,31396,current,False
21608,98562,new,True
21609,83484,new,False
21610,23705,current,True
21611,71500,new,False
21612,31302,current,False
21613,18480,current,False
21614,75466,new,True
21615,63760,new,False
21616,31802,current,False
21617,24374,current,True
21618,95499,new,False
21619,80403,new,False
21620,65918,new,True
21621,10216,current,False
21622,41730,current,False
21623,49187,current,True
21624,70258,new,False
21625,48286,current,False
21626,74988,new,False
21627,65820,new,False
21628,18136,current,False
21629,21853,current,False
21630,29349,current,False
21631,21293,current,False
21632,16169,current,True
21633,81771,new,True
21634,92575,new,True
21635,29487,current,False
21636,49817,current,True
21637,54173,new,False
21638,72341,new,True
21639,12107,current,False
21640,44021,current,False
21641,16255,current,False
21642,68708,new,True
21643,83737,new,False
21644,70394,new,True
21645,26723,current,True
21646,16268,current,False
21647,40942,current,True
21648,87064,new,True
21649,22351,current,True
21650,42384,current,False
21651,27836,current,False
21652,36781,current,False
21653,45894,current,False
21654,41469,current,False
21655,93303,new,False
21656,12961,current,False
21657,88869,new,True
21658,51002,new,True
21659,31484,current,False
21660,12429,current,True
21661,62149,new,True
21662,64465,new,False
21663,45084,current,False
21664,24268,current,False
21665,50101,new,True
21666,27831,current,False
21667,17697,current,True
21668,37677,current,True
21669,10462,current,True
21670,96849,new,False
21671,24886,current,False
21672,66651,new,False
21673,16873,current,False
21674,62721,new,False
21675,56462,new,False
21676,58830,new,True
21677,69290,new,True
21678,73573,new,False
21679,95400,new,False
21680,50880,new,False
21681,94069,new,False
21682,32987,current,True
21683,73760,new,False
21684,10171,current,False
21685,55578,new,False
21686,10738,current,False
21687,29853,current,False
21688,50236,new,False
21689,34834,current,True
21690,71141,new,False
21691,86187,new,True
21692,95438,new,True
21693,71962,new,True
21694,32661,current,False
21695,87701,new,False
21696,26169,current,False
21697,93501,new,True
21698,60279,new,True
21699,14763,current,False
21700,27924,current,False
21701,80622,new,False
21702,90675,new,True
21703,10177,current,False
21704,37383,current,True
21705,75644,new,False
21706,46820,current,True
21707,15852,current,False
21708,40339,current,False
21709,41477,current,False
21710,47873,current,False
21711,61678,new,True
21712,67147,new,False
21713,64534,new,False
21714,82433,new,False
21715,44931,current,False
21716,29272,current,True
21717,36727,current,False
21718,36717,current,False
21719,10316,current,False
21720,52399,new,True
21721,56782,new,False
21722,90782,new,False
21723,78191,new,True
21724,30276,current,True
21725,98071,new,False
21726,12227,current,False
21727,11894,current,True
21728,21564,current,False
21729,57280,new,False
21730,90311,new,False
21731,12938,current,False
21732,98414,new,True
21733,43113,current,False
21734,87200,new,False
21735,72459,new,False
21736,94773,new,False
21737,94496,new,True
21738,98284,new,True
21739,49084,current,True
21740,30725,current,False
21741,55762,new,False
21742,74049,new,True
21743,72228,new,True
21744,82861,new,False
21745,14515,current,False
21746,29992,current,False
21747,18255,current,False
21748,34509,current,False
21749,85502,new,True
21750,94899,new,True
21751,62202,new,True
21752,23163,current,False
21753,35893,current,True
21754,15938,current,False
21755,56039,new,False
21756,97941,new,False
21757,44241,current,False
21758,90362,new,True
21759,38802,current,False
21760,11092,current,False
21761,19753,current,False
21762,52531,new,True
21763,37309,current,False
21764,73087,new,False
21765,45647,current,False
21766,95623,new,False
21767,24864,current,False
21768,32818,current,False
21769,23398,current,False
21770,12406,current,False
21771,97537,new,False
21772,82459,new,False
21773,36447,current,False
21774,82894,new,False
21775,23058,current,True
21776,18511,current,False
21777,76739,new,False
21778,18894,current,False
21779,99497,new,False
21780,86134,new,True
21781,33322,current,False
21782,65323,new,False
21783,54437,new,False
21784,75277,new,True
21785,94735,new,True
21786,56596,new,True
21787,48265,current,False
21788,83802,new,False
21789,30035,current,False
21790,85121,new,True
21791,84828,new,False
21792,23999,current,False
21793,39038,current,False
21794,50353,new,False
21795,81112,new,True
21796,21987,current,False
21797,43641,current,False
21798,61289,new,False
21799,19862,current,True
21800,95318,new,True
21801,59444,new,False
21802,18232,current,False
21803,35923,current,False
21804,49202,current,False
21805,42343,current,False
21806,23538,current,False
21807,50826,new,False
21808,76286,new,False
21809,34056,current,False
21810,89805,new,False
21811,81939,new,False
21812,51198,new,True
21813,81085,new,False
21814,79538,new,False
21815,78643,new,True
21816,63213,new,True
21817,50518,new,False
21818,37909,current,False
21819,69891,new,False
21820,71960,new,False
21821,39165,current,False
21822,78425,new,True
21823,78305,new,False
21824,89794,new,False
21825,28904,current,False
21826,10819,current,True
21827,98895,new,True
21828,70221,new,False
21829,14301,current,False
21830,92056,new,True
21831,79058,new,True
21832,64504,new,False
21833,19239,current,False
21834,98545,new,True
21835,41245,current,False
21836,13109,current,False
21837,37018,current,False
21838,57091,new,False
21839,74352,new,True
21840,49592,current,False
21841,33384,current,False
21842,17085,current,True
21843,28051,current,True
21844,54279,new,False
21845,54714,new,False
21846,29090,current,True
21847,47472,current,False
21848,63308,new,False
21849,24983,current,False
21850,26460,current,False
21851,83845,new,True
21852,96992,new,False
21853,50561,new,False
21854,25021,current,False
21855,12398,current,False
21856,80066,new,True
21857,16844,current,False
21858,82795,new,True
21859,82727,new,False
21860,25634,current,True
21861,12968,current,False
21862,16639,current,False
21863,12614,current,True
21864,48189,current,True
21865,66505,new,False
21866,12970,current,False
21867,93605,new,False
21868,32734,current,True
21869,19973,current,False
21870,92008,new,False
21871,89985,new,False
21872,37131,current,False
21873,88466,new,False
21874,55376,new,False
21875,24906,current,False
21876,78157,new,False
21877,20209,current,False
21878,90565,new,False
21879,10172,current,False
21880,82846,new,False
21881,92022,new,True
21882,56801,new,True
21883,32567,current,False
21884,48449,current,False
21885,12553,current,False
21886,23203,current,True
21887,55701,new,False
21888,21305,current,True
21889,76488,new,True
21890,23854,current,True
21891,45853,current,False
21892,30611,current,True
21893,84630,new,False
21894,64036,new,False
21895,36283,current,False
21896,21893,current,False
21897,15948,current,False
21898,26450,current,True
21899,56452,new,False
21900,90791,new,True
21901,78872,new,True
21902,21218,current,False
21903,77987,new,True
21904,53372,new,False
21905,23577,current,False
21906,26100,current,True
21907,13805,current,False
21908,70661,new,True
21909,55301,new,True
21910,31679,current,True
21911,83162,new,True
21912,36646,current,True
21913,11727,current,False
21914,39201,current,True
21915,89357,new,False
21916,24227,current,False
21917,33329,current,False
21918,21847,current,False
21919,66370,new,True
21920,51298,new,False
21921,18660,current,False
21922,24891,current,False
21923,35052,current,True
21924,30377,current,False
21925,63435,new,False
21926,43728,current,False
21927,35070,current,False
21928,29690,current,False
21929,41258,current,False
21930,42766,current,False
21931,36561,current,True
21932,77177,new,False
21933,10748,current,False
21934,63863,new,True
21935,12222,current,False
21936,78164,new,False
21937,89800,new,True
21938,60930,new,False
21939,17745,current,False
21940,31808,current,False
21941,36512,current,False
21942,59927,new,False
21943,67302,new,True
21944,59781,new,False
21945,69666,new,True
21946,86933,new,True
21947,28170,current,True
21948,58735,new,False
21949,44588,current,True
21950,31732,current,False
21951,90220,new,False
21952,79738,new,False
21953,67030,new,True
21954,67814,new,True
21955,54406,new,False
21956,27575,current,False
21957,34229,current,False
21958,33821,current,False
21959,82595,new,False
21960,25008,current,False
21961,63198,new,True
21962,90841,new,True
21963,62376,new,True
21964,23328,current,False
21965,74492,new,False
21966,19529,current,False
21967,92559,new,False
21968,10528,current,True
21969,51391,new,False
21970,22431,current,False
21971,82752,new,True
21972,29329,current,True
21973,37791,current,False
21974,34987,current,True
21975,12871,current,False
21976,26635,current,True
21977,12390,current,False
21978,49349,current,False
21979,10892,current,False
21980,87379,new,False
21981,37794,current,True
21982,56374,new,True
21983,13557,current,True
21984,71014,new,True
21985,87042,new,True
21986,91225,new,True
21987,98783,new,False
21988,55097,new,False
21989,20487,current,False
21990,51247,new,False
21991,76453,new,True
21992,14455,current,False
21993,50555,new,True
21994,20552,current,False
21995,66878,new,True
21996,45665,current,False
21997,81646,new,False
21998,12848,current,False
21999,39403,current,True
22000,35929,current,True
22001,37449,current,False
22002,57126,new,False
22003,78138,new,False
22004,82586,new,False
22005,50746,new,True
22006,82269,new,False
22007,43257,current,True
22008,96372,new,False
22009,54225,new,False
22010,45552,current,True
22011,86019,new,False
22012,51643,new,True
22013,41696,current,False
22014,46523,current,False
22015,53223,new,True
22016,96912,new,False
22017,52521,new,False
22018,66486,new,True
22019,67065,new,True
22020,48980,current,False
22021,54765,new,False
22022,68276,new,True
22023,97867,new,True
22024,14647,current,False
22025,74974,new,True
22026,15025,current,False
22027,19476,current,False
22028,18512,current,False
22029,53473,new,False
22030,90224,new,False
22031,10541,current,True
22032,61007,new,True
22033,23169,current,False
22034,99865,new,False
22035,69346,new,False
22036,47241,current,True
22037,51963,new,True
22038,45593,current,False
22039,49695,current,True
22040,71689,new,False
22041,56206,new,False
22042,99289,new,True
22043,66690,new,True
22044,35539,current,False
22045,56965,new,False
22046,72685,new,False
22047,25650,current,False
22048,35973,current,True
22049,41127,current,False
22050,52150,new,True
22051,53557,new,False
22052,33545,current,False
22053,82499,new,False
22054,64698,new,False
22055,10392,current,False
22056,39150,current,True
22057,57482,new,False
22058,60702,new,False
22059,32640,current,True
22060,33800,current,False
22061,87383,new,False
22062,19819,current,False
22063,23890,current,False
22064,78049,new,True
22065,39252,current,True
22066,31832,current,True
22067,23792,current,False
22068,95196,new,True
22069,70481,new,False
22070,60595,new,True
22071,46749,current,False
22072,72955,new,False
22073,34288,current,False
22074,91694,new,True
22075,74206,new,True
22076,58513,new,False
22077,48185,current,False
22078,88305,new,False
22079,24695,current,False
22080,31426,current,False
22081,99502,new,False
22082,80930,new,False
22083,61568,new,True
22084,75245,new,False
22085,88862,new,True
22086,53401,new,True
22087,79354,new,True
22088,25111,current,False
22089,11125,current,False
22090,65237,new,False
22091,23658,current,False
22092,22877,current,False
22093,75836,new,False
22094,15895,current,False
22095,29101,current,False
22096,95134,new,False
22097,99339,new,True
22098,52496,new,True
22099,69741,new,False
22100,29587,current,True
22101,72575,new,True
22102,25876,current,True
22103,77763,new,False
22104,17492,current,False
22105,76133,new,False
22106,17509,current,True
22107,19919,current,False
22108,36860,current,False
22109,37146,current,False
22110,50547,new,True
22111,80567,new,False
22112,50486,new,True
22113,65611,new,False
22114,91101,new,True
22115,83038,new,False
22116,79070,new,False
22117,78769,new,False
22118,57345,new,True
22119,58460,new,False
22120,47630,current,False
22121,97345,new,True
22122,90285,new,False
22123,65287,new,False
22124,88163,new,False
22125,28545,current,False
22126,59778,new,True
22127,77589,new,False
22128,81983,new,False
22129,88294,new,False
22130,69749,new,True
22131,13421,current,False
22132,68430,new,False
22133,41808,current,False
22134,27146,current,True
22135,90863,new,False
22136,99472,new,True
22137,58365,new,False
22138,34019,current,False
22139,42797,current,True
22140,33752,current,True
22141,84162,new,False
22142,54367,new,False
22143,10634,current,True
22144,54483,new,False
22145,59567,new,False
22146,23287,current,False
22147,44975,current,False
22148,45275,current,False
22149,20294,current,False
22150,79820,new,True
22151,13902,current,False
22152,42665,current,False
22153,21906,current,False
22154,76682,new,False
22155,71548,new,False
22156,91290,new,True
22157,41619,current,True
22158,98312,new,False
22159,54780,new,True
22160,71686,new,False
22161,84414,new,False
22162,85655,new,False
22163,32929,current,False
22164,54842,new,True
22165,41896,current,False
22166,86299,new,True
22167,84553,new,True
22168,41251,current,False
22169,89426,new,True
22170,48741,current,False
22171,48924,current,False
22172,90151,new,False
22173,28265,current,False
22174,81584,new,False
22175,52292,new,True
22176,70681,new,False
22177,91629,new,False
22178,47413,current,True
22179,42994,current,False
22180,28205,current,False
22181,43469,current,False
22182,40733,current,False
22183,73875,new,False
22184,30095,current,False
22185,82764,new,True
22186,59601,new,True
22187,90693,new,False
22188,27585,current,True
22189,35114,current,False
22190,49747,current,False
22191,67133,new,True
22192,85917,new,True
22193,70421,new,False
22194,80573,new,False
22195,29747,current,False
22196,25318,current,True
22197,31695,current,True
22198,34452,current,True
22199,76026,new,False
22200,23428,current,False
22201,34697,current,False
22202,62531,new,False
22203,13989,current,False
22204,19255,current,False
22205,94270,new,False
22206,25987,current,False
22207,80072,new,False
22208,34708,current,False
22209,55384,new,False
22210,41035,current,False
22211,91117,new,True
22212,55065,new,False
22213,14611,current,False
22214,38167,current,False
22215,99683,new,True
22216,17368,current,False
22217,85806,new,True
22218,60868,new,False
22219,56801,new,False
22220,25633,current,False
22221,29773,current,False
22222,24294,current,True
22223,85604,new,True
22224,12509,current,True
22225,97140,new,False
22226,12905,current,False
22227,66620,new,False
22228,39699,current,False
22229,18151,current,True
22230,12067,current,False
22231,35643,current,True
22232,54817,new,True
22233,64479,new,False
22234,24851,current,False
22235,54096,new,False
22236,59573,new,True
22237,39594,current,False
22238,61258,new,True
22239,36778,current,False
22240,76038,new,True
22241,44241,current,False
22242,46097,current,False
22243,68385,new,False
22244,50464,new,False
22245,69120,new,False
22246,16586,current,False
22247,42915,current,True
22248,38229,current,False
22249,57216,new,False
22250,71220,new,False
22251,11546,current,False
22252,18276,current,True
22253,52674,new,False
22254,77810,new,True
22255,10395,current,False
22256,80682,new,False
22257,28859,current,False
22258,17159,current,True
22259,15792,current,False
22260,83737,new,True
22261,97054,new,False
22262,86598,new,False
22263,41420,current,True
22264,11046,current,False
22265,82319,new,False
22266,25051,current,False
22267,93487,new,False
22268,43156,current,False
22269,51928,new,False
22270,47003,current,False
22271,23447,current,False
22272,54853,new,False
22273,82677,new,True
22274,76889,new,True
22275,28353,current,False
22276,43698,current,False
22277,31349,current,False
22278,74101,new,True
22279,61961,new,False
22280,98288,new,True
22281,12185,current,True
22282,75537,new,True
22283,10677,current,True
22284,41686,current,True
22285,72631,new,True
22286,39767,current,True
22287,62127,new,True
22288,74331,new,True
22289,28607,current,False
22290,32609,current,True
22291,82241,new,True
22292,22567,current,True
22293,82043,new,False
22294,49410,current,False
22295,20191,current,True
22296,33161,current,False
22297,48790,current,False
22298,94208,new,True
22299,16572,current,True
22300,80922,new,False
22301,16158,current,True
22302,25450,current,True
22303,81748,new,False
22304,79289,new,False
22305,24380,current,False
22306,15367,current,False
22307,98610,new,False
22308,49071,current,True
22309,21677,current,True
22310,88670,new,False
22311,47597,current,True
22312,36761,current,False
22313,54185,new,False
22314,88276,new,False
22315,95169,new,False
22316,79483,new,False
22317,90488,new,False
22318,60644,new,False
22319,92785,new,False
22320,81041,new,False
22321,59713,new,False
22322,25944,current,False
22323,27385,current,False
22324,29902,current,False
22325,45057,current,False
22326,63162,new,False
22327,68601,new,False
22328,12559,current,False
22329,76874,new,False
22330,60160,new,True
22331,83782,new,True
22332,84619,new,True
22333,97735,new,False
22334,40436,current,False
22335,58006,new,False
22336,44851,current,False
22337,63676,new,False
22338,12149,current,True
22339,90334,new,True
22340,80992,new,True
22341,26779,current,False
22342,14890,current,False
22343,21813,current,False
22344,93504,new,False
22345,68351,new,False
22346,14104,current,False
22347,12335,current,False
22348,89172,new,True
22349,39922,current,True
22350,65435,new,True
22351,37353,current,True
22352,50126,new,True
22353,90641,new,True
22354,35971,current,False
22355,59943,new,True
22356,20307,current,False
22357,20923,current,False
22358,93426,new,False
22359,62538,new,True
22360,93197,new,False
22361,72070,new,False
22362,51989,new,True
22363,12730,current,True
22364,62298,new,False
22365,41676,current,False
22366,71520,new,True
22367,41616,current,False
22368,87183,new,False
22369,93304,new,False
22370,60861,new,True
22371,99621,new,True
22372,11886,current,False
22373,46440,current,False
22374,41222,current,False
22375,66250,new,True
22376,27214,current,False
22377,34333,current,True
22378,48057,current,False
22379,21351,current,False
22380,65046,new,True
22381,88866,new,False
22382,31646,current,False
22383,10666,current,False
22384,46778,current,True
22385,89128,new,True
22386,69054,new,True
22387,17688,current,True
22388,50704,new,False
22389,36010,current,False
22390,28406,current,False
22391,77004,new,True
22392,81288,new,False
22393,36390,current,True
22394,61546,new,True
22395,35696,current,False
22396,12599,current,False
22397,35961,current,True
22398,72219,new,False
22399,38788,current,False
22400,19239,current,True
22401,61118,new,True
22402,96308,new,False
22403,55620,new,False
22404,93013,new,False
22405,26177,current,True
22406,82862,new,False
22407,12381,current,False
22408,19677,current,False
22409,66687,new,True
22410,58245,new,False
22411,31795,current,True
22412,27121,current,False
22413,60770,new,False
22414,50590,new,False
22415,24858,current,True
22416,97631,new,False
22417,90378,new,False
22418,16520,current,False
22419,78493,new,True
22420,19866,current,False
22421,72159,new,False
22422,79392,new,True
22423,72387,new,True
22424,11564,current,False
22425,97857,new,True
22426,21319,current,True
22427,71158,new,False
22428,66407,new,False
22429,46254,current,False
22430,15150,current,False
22431,52021,new,True
22432,14045,current,False
22433,28347,current,False
22434,79188,new,False
22435,67845,new,False
22436,21281,current,False
22437,65662,new,True
22438,83046,new,True
22439,47478,current,False
22440,38309,current,True
22441,39425,current,False
22442,72473,new,False
22443,28353,current,False
22444,24049,current,True
22445,88814,new,True
22446,41339,current,True
22447,36704,current,False
22448,42246,current,False
22449,82633,new,False
22450,56065,new,False
22451,27004,current,True
22452,48529,current,False
22453,41061,current,True
22454,89019,new,False
22455,17468,current,True
22456,14154,current,False
22457,74622,new,False
22458,54984,new,False
22459,36091,current,True
22460,63963,new,False
22461,45844,current,True
22462,82907,new,False
22463,78239,new,True
22464,42163,current,False
22465,41542,current,False
22466,63729,new,False
22467,22464,current,False
22468,72964,new,False
22469,17244,current,False
22470,88869,new,False
22471,65028,new,True
22472,19240,current,False
22473,15207,current,False
22474,76662,new,False
22475,62181,new,False
22476,17194,current,True
22477,54786,new,False
22478,82014,new,True
22479,47753,current,True
22480,54507,new,True
22481,36537,current,False
22482,10226,current,False
22483,22248,current,False
22484,26372,current,False
22485,70322,new,False
22486,62726,new,False
22487,40750,current,True
22488,22035,current,False
22489,13403,current,False
22490,74935,new,False
22491,78834,new,False
22492,76806,new,True
22493,40614,current,False
22494,46087,current,False
22495,72814,new,False
22496,67047,new,False
22497,81239,new,True
22498,14244,current,False
22499,31103,current,True
22500,47166,current,False
22501,42282,current,False
22502,58497,new,False
22503,49463,current,False
22504,30828,current,True
22505,37902,current,False
22506,49709,current,False
22507,46672,current,False
22508,57542,new,False
22509,10079,current,False
22510,21345,current,False
22511,96459,new,True
22512,60044,new,True
22513,21908,current,True
22514,18450,current,False
22515,93823,new,True
22516,44563,current,True
22517,91539,new,True
22518,72499,new,True
22519,12391,current,True
22520,41583,current,False
22521,71063,new,True
22522,58591,new,False
22523,78925,new,True
22524,12567,current,False
22525,71194,new,True
22526,31096,current,False
22527,20455,current,False
22528,37085,current,False
22529,44810,current,True
22530,93972,new,False
22531,86311,new,False
22532,38496,current,False
22533,38465,current,False
22534,21678,current,False
22535,41155,current,True
22536,33592,current,False
22537,26139,current,True
22538,21964,current,True
22539,25329,current,False
22540,45880,current,False
22541,38212,current,False
22542,94480,new,False
22543,17243,current,False
22544,18506,current,False
22545,17623,current,True
22546,38946,current,True
22547,94637,new,False
22548,99394,new,True
22549,32437,current,False
22550,75406,new,False
22551,61168,new,False
22552,50344,new,False
22553,12377,current,False
22554,29798,current,False
22555,38500,current,False
22556,16727,current,False
22557,28988,current,True
22558,24274,current,False
22559,29441,current,True
22560,33896,current,False
22561,33486,current,False
22562,23111,current,False
22563,17111,current,False
22564,11353,current,False
22565,17223,current,True
22566,97039,new,False
22567,75944,new,True
22568,68630,new,False
22569,35457,current,True
22570,88026,new,False
22571,59726,new,False
22572,57644,new,True
22573,37286,current,False
22574,66345,new,True
22575,55705,new,False
22576,34034,current,True
22577,62761,new,False
22578,79252,new,False
22579,78051,new,True
22580,43536,current,False
22581,44477,current,True
22582,91602,new,False
22583,25851,current,False
22584,38408,current,False
22585,81998,new,False
22586,20816,current,False
22587,72654,new,False
22588,85866,new,True
22589,26595,current,False
22590,19673,current,True
22591,16373,current,False
22592,34946,current,False
22593,34134,current,True
22594,76931,new,False
22595,39610,current,False
22596,62387,new,True
22597,61979,new,False
22598,48585,current,False
22599,69516,new,False
22600,22759,current,True
22601,63159,new,True
22602,84421,new,False
22603,84760,new,False
22604,52090,new,False
22605,86166,new,False
22606,67844,new,False
22607,44915,current,False
22608,49402,current,False
22609,19835,current,True
22610,50381,new,False
22611,88910,new,False
22612,59472,new,True
22613,32440,current,False
22614,71627,new,False
22615,19759,current,False
22616,93428,new,True
22617,32043,current,True
22618,37860,current,False
22619,36052,current,False
22620,67890,new,False
22621,91976,new,True
22622,13151,current,False
22623,74090,new,False
22624,29472,current,False
22625,46072,current,False
22626,10538,current,False
22627,68957,new,False
22628,31445,current,False
22629,56492,new,False
22630,52193,new,True
22631,70333,new,True
22632,13540,current,False
22633,15373,current,False
22634,10163,current,True
22635,72159,new,True
22636,32815,current,False
22637,94394,new,False
22638,47310,current,True
22639,39015,current,True
22640,15218,current,True
22641,42896,current,True
22642,49494,current,True
22643,89972,new,False
22644,35909,current,False
22645,41465,current,True
22646,96307,new,True
22647,91014,new,False
22648,29279,current,False
22649,52058,new,False
22650,67601,new,True
22651,77272,new,False
22652,86343,new,True
22653,98142,new,True
22654,27909,current,False
22655,70391,new,False
22656,63834,new,True
22657,58572,new,True
22658,83023,new,False
22659,17001,current,False
22660,76157,new,False
22661,12620,current,False
22662,54588,new,True
22663,70245,new,False
22664,10531,current,True
22665,44780,current,False
22666,48130,current,True
22667,19892,current,True
22668,55792,new,False
22669,92052,new,True
22670,30850,current,True
22671,53850,new,True
22672,11583,current,False
22673,89500,new,False
22674,87499,new,False
22675,13619,current,True
22676,20480,current,True
22677,79860,new,True
22678,67213,new,False
22679,50854,new,False
22680,75647,new,False
22681,32718,current,False
22682,55924,new,False
22683,14976,current,False
22684,51428,new,False
22685,93038,new,False
22686,47654,current,False
22687,60229,new,False
22688,91632,new,False
22689,97638,new,False
22690,68217,new,True
22691,83452,new,False
22692,25085,current,True
22693,39070,current,True
22694,36910,current,False
22695,48427,current,False
22696,16148,current,False
22697,42715,current,False
22698,92582,new,False
22699,78894,new,True
22700,84091,new,True
22701,99601,new,False
22702,11091,current,True
22703,73597,new,False
22704,87660,new,True
22705,67953,new,False
22706,59573,new,False
22707,94366,new,False
22708,83107,new,False
22709,58572,new,True
22710,76796,new,False
22711,25364,current,False
22712,40361,current,False
22713,12873,current,False
22714,70142,new,True
22715,36995,current,False
22716,11028,current,True
22717,61485,new,False
22718,39060,current,False
22719,25448,current,False
22720,45947,current,True
22721,36017,current,False
22722,46862,current,True
22723,20253,current,False
22724,50651,new,True
22725,35336,current,False
22726,82511,new,False
22727,59227,new,False
22728,28553,current,True
22729,69460,new,True
22730,55470,new,True
22731,81281,new,False
22732,89458,new,True
22733,60662,new,False
22734,78351,new,True
22735,93895,new,True
22736,98058,new,True
22737,55918,new,False
22738,97650,new,False
22739,12074,current,True
22740,73738,new,False
22741,28542,current,True
22742,62004,new,True
22743,19728,current,False
22744,80285,new,False
22745,50648,new,True
22746,33644,current,False
22747,19214,current,False
22748,90740,new,True
22749,24868,current,False
22750,40859,current,True
22751,85049,new,True
22752,98648,new,True
22753,24095,current,False
22754,42246,current,False
22755,54769,new,False
22756,14023,current,True
22757,78654,new,False
22758,39425,current,False
22759,31095,current,False
22760,37350,current,False
22761,18134,current,False
22762,58276,new,True
22763,36508,current,False
22764,28288,current,True
22765,70646,new,True
22766,79709,new,False
22767,80990,new,False
22768,76534,new,False
22769,55077,new,False
22770,96654,new,False
22771,33778,current,False
22772,74242,new,False
22773,32138,current,False
22774,74606,new,False
22775,17851,current,False
22776,24776,current,False
22777,13153,current,False
22778,87866,new,False
22779,62037,new,True
22780,20389,current,False
22781,18385,current,False
22782,14257,current,False
22783,94989,new,True
22784,70663,new,True
22785,57281,new,False
22786,44713,current,False
22787,50957,new,False
22788,80843,new,False
22789,68429,new,True
22790,41627,current,False
22791,85407,new,True
22792,31026,current,True
22793,72769,new,False
22794,37472,current,False
22795,46579,current,False
22796,11839,current,False
22797,12545,current,False
22798,63383,new,False
22799,74343,new,False
22800,97600,new,False
22801,62367,new,True
22802,56455,new,True
22803,87570,new,False
22804,98666,new,True
22805,58566,new,False
22806,15674,current,False
22807,31911,current,False
22808,49559,current,False
22809,84161,new,True
22810,31397,current,False
22811,85252,new,False
22812,65029,new,False
22813,81590,new,True
22814,29762,current,False
22815,76183,new,False
22816,66214,new,True
22817,87360,new,True
22818,39785,current,False
22819,56105,new,True
22820,35049,current,True
22821,68150,new,True
22822,66513,new,True
22823,41338,current,False
22824,32068,current,True
22825,31310,current,False
22826,31581,current,False
22827,80821,new,False
22828,70057,new,False
22829,64721,new,True
22830,24110,current,False
22831,48383,current,False
22832,28720,current,False
22833,48632,current,False
22834,47178,current,False
22835,39141,current,False
22836,58199,new,False
22837,61644,new,False
22838,13382,current,False
22839,64484,new,True
22840,44686,current,False
22841,29463,current,False
22842,41183,current,False
22843,74262,new,False
22844,86571,new,True
22845,65782,new,False
22846,23111,current,False
22847,80506,new,False
22848,27734,current,False
22849,74966,new,True
22850,93324,new,False
22851,73322,new,False
22852,13462,current,False
22853,75172,new,True
22854,87066,new,False
22855,90676,new,False
22856,71954,new,False
22857,50885,new,False
22858,44242,current,False
22859,46325,current,True
22860,45268,current,True
22861,48048,current,True
22862,21681,current,False
22863,19816,current,True
22864,20028,current,False
22865,83999,new,True
22866,69757,new,True
22867,53036,new,True
22868,98750,new,True
22869,34446,current,False
22870,22898,current,True
22871,45290,current,True
22872,60016,new,False
22873,16081,current,True
22874,21747,current,False
22875,22533,current,False
22876,22409,current,False
22877,19594,current,False
22878,67116,new,True
22879,71822,new,True
22880,67780,new,True
22881,10325,current,False
22882,11692,current,False
22883,45737,current,False
22884,34101,current,False
22885,73690,new,True
22886,20803,current,False
22887,47832,current,True
22888,35780,current,False
22889,94229,new,False
22890,96870,new,False
22891,27553,current,True
22892,56087,new,True
22893,57059,new,False
22894,71172,new,True
22895,14832,current,True
22896,19236,current,False
22897,37167,current,True
22898,26231,current,True
22899,38079,current,False
22900,32787,current,False
22901,51895,new,False
22902,32588,current,False
22903,80914,new,True
22904,14948,current,True
22905,49089,current,False
22906,24688,current,True
22907,21437,current,True
22908,83156,new,True
22909,88451,new,True
22910,94946,new,False
22911,47526,current,False
22912,60424,new,False
22913,83652,new,True
22914,49983,current,False
22915,16468,current,False
22916,17015,current,True
22917,17009,current,False
22918,44749,current,False
22919,60228,new,True
22920,79157,new,False
22921,53768,new,False
22922,25527,current,True
22923,17177,current,False
22924,39512,current,False
22925,22716,current,False
22926,42752,current,False
22927,15456,current,False
22928,17507,current,False
22929,76641,new,False
22930,79798,new,False
22931,13309,current,True
22932,65405,new,False
22933,93569,new,False
22934,95127,new,False
22935,87523,new,False
22936,14962,current,False
22937,65348,new,False
22938,27792,current,False
22939,37306,current,False
22940,90135,new,False
22941,40016,current,True
22942,62418,new,True
22943,58713,new,True
22944,73242,new,True
22945,66570,new,True
22946,96342,new,True
22947,26209,current,False
22948,60245,new,True
22949,63467,new,False
22950,51904,new,False
22951,45176,current,False
22952,72268,new,False
22953,55964,new,True
22954,87240,new,False
22955,30484,current,False
22956,45789,current,False
22957,54459,new,True
22958,19828,current,False
22959,11367,current,False
22960,24811,current,True
22961,73392,new,True
22962,89591,new,False
22963,78617,new,True
22964,12983,current,False
22965,16045,current,False
22966,35761,current,False
22967,44639,current,False
22968,41904,current,False
22969,47892,current,True
22970,77853,new,False
22971,42709,current,False
22972,51877,new,False
22973,37505,current,True
22974,87117,new,False
22975,79555,new,False
22976,64154,new,True
22977,82442,new,False
22978,11021,current,True
22979,38705,current,True
22980,30146,current,False
22981,62415,new,False
22982,49509,current,False
22983,43005,current,False
22984,34216,current,False
22985,77574,new,False
22986,23129,current,True
22987,18605,current,False
22988,57585,new,True
22989,37191,current,False
22990,84063,new,True
22991,11180,current,False
22992,65565,new,True
22993,96062,new,False
22994,42354,current,True
22995,74861,new,False
22996,34249,current,False
22997,32536,current,True
22998,85157,new,False
22999,90222,new,True
23000,39204,current,False
23001,56337,new,False
23002,88595,new,True
23003,72274,new,False
23004,99236,new,False
23005,72090,new,False
23006,15892,current,False
23007,48624,current,False
23008,57624,new,False
23009,66175,new,True
23010,77577,new,False
23011,20493,current,True
23012,91306,new,True
23013,49887,current,False
23014,74008,new,False
23015,67179,new,False
23016,99441,new,True
23017,87961,new,False
23018,76725,new,True
23019,89856,new,True
23020,75749,new,False
23021,72824,new,True
23022,20900,current,False
23023,65699,new,False
23024,27542,current,True
23025,93656,new,False
23026,73811,new,False
23027,15458,current,False
23028,36714,current,False
23029,13906,current,True
23030,21912,current,False
23031,18324,current,False
23032,77275,new,True
23033,96976,new,True
23034,14381,current,False
23035,57167,new,False
23036,47762,current,False
23037,36764,current,True
23038,88402,new,False
23039,90139,new,True
23040,15164,current,False
23041,13477,current,False
23042,62957,new,True
23043,49147,current,False
23044,30423,current,True
23045,87062,new,False
23046,85403,new,True
23047,10460,current,False
23048,51978,new,True
23049,68045,new,False
23050,27409,current,False
23051,90069,new,False
23052,71454,new,True
23053,31685,current,False
23054,22247,current,False
23055,69551,new,False
23056,48518,current,False
23057,76307,new,True
23058,44283,current,False
23059,19074,current,False
23060,24577,current,False
23061,27856,current,False
23062,72410,new,True
23063,26979,current,False
23064,32351,current,True
23065,24702,current,False
23066,15972,current,False
23067,34268,current,False
23068,31385,current,False
23069,26319,current,False
23070,66799,new,True
23071,39889,current,False
23072,28474,current,False
23073,12817,current,False
23074,65351,new,True
23075,34946,current,False
23076,54894,new,True
23077,60410,new,False
23078,87964,new,True
23079,44925,current,False
23080,61692,new,True
23081,71949,new,False
23082,60836,new,False
23083,89176,new,False
23084,38270,current,False
23085,43063,current,False
23086,30197,current,True
23087,69479,new,True
23088,11774,current,True
23089,38283,current,False
23090,52518,new,False
23091,72371,new,False
23092,79527,new,True
23093,42969,current,False
23094,70205,new,True
23095,84787,new,True
23096,17786,current,False
23097,26831,current,False
23098,39328,current,True
23099,84297,new,False
23100,37002,current,True
23101,69940,new,True
23102,12805,current,False
23103,61899,new,False
23104,63327,new,False
23105,22292,current,False
23106,72973,new,False
23107,35061,current,False
23108,55695,new,True
23109,95978,new,False
23110,10886,current,False
23111,16839,current,False
23112,12708,current,True
23113,27576,current,True
23114,16903,current,False
23115,37841,current,False
23116,88264,new,False
23117,56789,new,False
23118,43879,current,False
23119,35453,current,False
23120,17589,current,False
23121,65053,new,True
23122,41587,current,False
23123,77468,new,False
23124,15273,current,False
23125,48198,current,False
23126,45433,current,False
23127,78302,new,True
23128,22031,current,False
23129,81699,new,True
23130,25885,current,False
23131,16073,current,True
23132,90518,new,True
23133,85918,new,False
23134,44065,current,True
23135,83085,new,False
23136,56883,new,False
23137,65376,new,False
23138,34340,current,False
23139,57929,new,True
23140,49777,current,False
23141,50026,new,False
23142,79989,new,False
23143,90085,new,False
23144,37182,current,False
23145,72209,new,True
23146,19873,current,False
23147,96269,new,False
23148,70734,new,True
23149,74475,new,False
23150,40477,current,False
23151,25306,current,False
23152,97296,new,True
23153,95615,new,False
23154,28488,current,False
23155,22415,current,False
23156,95802,new,False
23157,71247,new,False
23158,35510,current,False
23159,65896,new,True
23160,88653,new,False
23161,50327,new,True
23162,33495,current,False
23163,58647,new,True
23164,18640,current,True
23165,26091,current,False
23166,49113,current,False
23167,93461,new,False
23168,59026,new,False
23169,62974,new,True
23170,47921,current,True
23171,58104,new,True
23172,47059,current,True
23173,19214,current,False
23174,43103,current,True
23175,13702,current,True
23176,17955,current,False
23177,74978,new,False
23178,42217,current,False
23179,40673,current,False
23180,49124,current,False
23181,22898,current,False
23182,94163,new,False
23183,86868,new,True
23184,24020,current,False
23185,47142,current,True
23186,59351,new,True
23187,35578,current,False
23188,20234,current,False
23189,49593,current,True
23190,56559,new,True
23191,62160,new,True
23192,79961,new,True
23193,12396,current,False
23194,15381,current,True
23195,85342,new,False
23196,27387,current,True
23197,39954,current,True
23198,84914,new,True
23199,47022,current,False
23200,95870,new,False
23201,53628,new,False
23202,56647,new,True
23203,77487,new,True
23204,40908,current,False
23205,39089,current,True
23206,56733,new,False
23207,88104,new,True
23208,97158,new,False
23209,18228,current,False
23210,14679,current,True
23211,91342,new,False
23212,46088,current,False
23213,88159,new,True
23214,22389,current,False
23215,93940,new,False
23216,71000,new,True
23217,29661,current,False
23218,31483,current,True
23219,77820,new,False
23220,16471,current,False
23221,65893,new,False
23222,27930,current,True
23223,37875,current,False
23224,38189,current,True
23225,22660,current,False
23226,11074,current,True
23227,79108,new,True
23228,46060,current,True
23229,40704,current,False
23230,28342,current,False
23231,16785,current,False
23232,83259,new,True
23233,21311,current,False
23234,10969,current,True
23235,36841,current,False
23236,61925,new,False
23237,82519,new,True
23238,69726,new,False
23239,39425,current,False
23240,83450,new,True
23241,56953,new,True
23242,96924,new,False
23243,69501,new,True
23244,96961,new,True
23245,42522,current,False
23246,40574,current,False
23247,37057,current,True
23248,30160,current,False
23249,55923,new,False
23250,62050,new,True
23251,99593,new,True
23252,35182,current,False
23253,22206,current,False
23254,43675,current,False
23255,57949,new,False
23256,17222,current,False
23257,49106,current,False
23258,19372,current,False
23259,45467,current,True
23260,16030,current,False
23261,91182,new,True
23262,12440,current,False
23263,81855,new,False
23264,54775,new,False
23265,83328,new,False
23266,89761,new,True
23267,29349,current,False
23268,24154,current,False
23269,91743,new,False
23270,43671,current,False
23271,35239,current,False
23272,63727,new,True
23273,66808,new,True
23274,39438,current,False
23275,45980,current,False
23276,64167,new,False
23277,75332,new,False
23278,66109,new,True
23279,27704,current,False
23280,76201,new,True
23281,38774,current,False
23282,89668,new,True
23283,45903,current,True
23284,54529,new,True
23285,58208,new,False
23286,15252,current,False
23287,63516,new,False
23288,10107,current,False
23289,78152,new,False
23290,11401,current,False
23291,49656,current,False
23292,86757,new,False
23293,61664,new,False
23294,52136,new,False
23295,91575,new,False
23296,84064,new,True
23297,62847,new,True
23298,60856,new,False
23299,16946,current,False
23300,40963,current,True
23301,10514,current,False
23302,66658,new,True
23303,32646,current,False
23304,41285,current,False
23305,58996,new,False
23306,59826,new,True
23307,89942,new,True
23308,34201,current,False
23309,49306,current,True
23310,50115,new,True
23311,73114,new,False
23312,62119,new,False
23313,11721,current,False
23314,48380,current,False
23315,74201,new,True
23316,19163,current,False
23317,19058,current,False
23318,38521,current,False
23319,41027,current,False
23320,84625,new,True
23321,13065,current,True
23322,58054,new,True
23323,34808,current,False
23324,41511,current,False
23325,40407,current,False
23326,75766,new,True
23327,32716,current,False
23328,39157,current,False
23329,68235,new,True
23330,74811,new,False
23331,77737,new,True
23332,17223,current,False
23333,49475,current,False
23334,26063,current,False
23335,14972,current,True
23336,70987,new,True
23337,67173,new,False
23338,13003,current,True
23339,70016,new,False
23340,95880,new,False
23341,20042,current,False
23342,43558,current,False
23343,19342,current,True
23344,38561,current,False
23345,58036,new,False
23346,11136,current,True
23347,21300,current,False
23348,36645,current,False
23349,58163,new,True
23350,50120,new,False
23351,49238,current,False
23352,47625,current,False
23353,99446,new,True
23354,53766,new,True
23355,90961,new,False
23356,14980,current,True
23357,33371,current,False
23358,79017,new,True
23359,24111,current,False
23360,96970,new,False
23361,48765,current,False
23362,45380,current,False
23363,60010,new,True
23364,13091,current,True
23365,94447,new,True
23366,24871,current,True
23367,72755,new,False
23368,75090,new,False
23369,88767,new,True
23370,18772,current,False
23371,27852,current,True
23372,34794,current,False
23373,77134,new,False
23374,18049,current,False
23375,40911,current,False
23376,26555,current,True
23377,50234,new,False
23378,32071,current,False
23379,97827,new,False
23380,91544,new,False
23381,42593,current,False
23382,63671,new,False
23383,76364,new,False
23384,45225,current,False
23385,84319,new,False
23386,47741,current,False
23387,65984,new,False
23388,42655,current,False
23389,75667,new,False
23390,81404,new,True
23391,44836,current,False
23392,88737,new,False
23393,82037,new,True
23394,22257,current,False
23395,24378,current,True
23396,30024,current,False
23397,85417,new,False
23398,12510,current,False
23399,90911,new,False
23400,10740,current,False
23401,58361,new,False
23402,13341,current,True
23403,42341,current,True
23404,40724,current,False
23405,49994,current,False
23406,90744,new,False
23407,36462,current,True
23408,49740,current,False
23409,15620,current,True
23410,27528,current,False
23411,37019,current,False
23412,37677,current,False
23413,60877,new,True
23414,65073,new,False
23415,92285,new,True
23416,19387,current,False
23417,15997,current,False
23418,17697,current,False
23419,33520,current,False
23420,58505,new,False
23421,88128,new,False
23422,87581,new,False
23423,90539,new,True
23424,85450,new,True
23425,92998,new,True
23426,26776,current,False
23427,56003,new,True
23428,23495,current,False
23429,97969,new,False
23430,98236,new,False
23431,81151,new,False
23432,47885,current,False
23433,49011,current,False
23434,57091,new,False
23435,33879,current,False
23436,98607,new,False
23437,37331,current,True
23438,31658,current,False
23439,71800,new,False
23440,67498,new,True
23441,69644,new,True
23442,35605,current,False
23443,58045,new,True
23444,19981,current,False
23445,25877,current,False
23446,55383,new,False
23447,27543,current,False
23448,36134,current,False
23449,29681,current,False
23450,76152,new,True
23451,22568,current,False
23452,86632,new,True
23453,89792,new,True
23454,18436,current,False
23455,94395,new,True
23456,76884,new,True
23457,55204,new,False
23458,62862,new,True
23459,42493,current,True
23460,76785,new,False
23461,90752,new,True
23462,28937,current,True
23463,97852,new,True
23464,92940,new,True
23465,30565,current,False
23466,79475,new,False
23467,29776,current,False
23468,92791,new,False
23469,59794,new,True
23470,10997,current,False
23471,44537,current,False
23472,43402,current,False
23473,39599,current,False
23474,95075,new,False
23475,31945,current,False
23476,59617,new,False
23477,19543,current,True
23478,42746,current,False
23479,33092,current,False
23480,54164,new,False
23481,65242,new,True
23482,32793,current,False
23483,78075,new,False
23484,27623,current,False
23485,38787,current,True
23486,68669,new,False
23487,32301,current,True
23488,97351,new,False
23489,55014,new,False
23490,42574,current,False
23491,37396,current,False
23492,94643,new,True
23493,21861,current,False
23494,64937,new,False
23495,34350,current,False
23496,86206,new,False
23497,73585,new,False
23498,34307,current,False
23499,78737,new,False
23500,96477,new,False
23501,35865,current,False
23502,44290,current,False
23503,28298,current,False
23504,90862,new,True
23505,48048,current,False
23506,73802,new,False
23507,80982,new,True
23508,58612,new,False
23509,26123,current,False
23510,37569,current,True
23511,87105,new,True
23512,47872,current,False
23513,21596,current,True
23514,60202,new,True
23515,52116,new,False
23516,19595,current,True
23517,41032,current,True
23518,88522,new,False
23519,14454,current,True
23520,14267,current,False
23521,97152,new,True
23522,85275,new,True
23523,20622,current,False
23524,25585,current,True
23525,42010,current,False
23526,84666,new,False
23527,13042,current,False
23528,73413,new,True
23529,31760,current,False
23530,44723,current,False
23531,25879,current,False
23532,82905,new,True
23533,69591,new,True
23534,51650,new,False
23535,63448,new,True
23536,53083,new,False
23537,21134,current,False
23538,19886,current,False
23539,58551,new,True
23540,76594,new,False
23541,48078,current,False
23542,56580,new,False
23543,99718,new,True
23544,14966,current,False
23545,89981,new,False
23546,53940,new,False
23547,68574,new,True
23548,35094,current,False
23549,79504,new,True
23550,22187,current,False
23551,47917,current,True
23552,94214,new,False
23553,99727,new,False
23554,37976,current,False
23555,87018,new,True
23556,41674,current,False
23557,14940,current,False
23558,17389,current,False
23559,70363,new,False
23560,32670,current,False
23561,79178,new,True
23562,32121,current,True
23563,77889,new,False
23564,63326,new,False
23565,39995,current,False
23566,84962,new,False
23567,32214,current,False
23568,48480,current,False
23569,92378,new,True
23570,98451,new,True
23571,96635,new,True
23572,13510,current,False
23573,25246,current,False
23574,65927,new,True
23575,18946,current,False
23576,99719,new,False
23577,98555,new,True
23578,34771,current,False
23579,40437,current,False
23580,36112,current,False
23581,22008,current,False
23582,44493,current,True
23583,38054,current,False
23584,38398,current,True
23585,44156,current,True
23586,38557,current,True
23587,50413,new,True
23588,39422,current,False
23589,62537,new,False
23590,38407,current,True
23591,30423,current,False
23592,31924,current,False
23593,62385,new,False
23594,39919,current,False
23595,93176,new,False
23596,98895,new,False
23597,32476,current,False
23598,73553,new,False
23599,43253,current,False
23600,88892,new,False
23601,98471,new,True
23602,56214,new,False
23603,66986,new,False
23604,49859,current,False
23605,14706,current,True
23606,39513,current,True
23607,52114,new,False
23608,97359,new,False
23609,33211,current,True
23610,31377,current,False
23611,65695,new,False
23612,14363,current,True
23613,34689,current,False
23614,86380,new,False
23615,76212,new,False
23616,93802,new,True
23617,77220,new,False
23618,61190,new,False
23619,14809,current,True
23620,39094,current,False
23621,57024,new,True
23622,20983,current,False
23623,39596,current,False
23624,73659,new,False
23625,34971,current,True
23626,60022,new,False
23627,38012,current,True
23628,67031,new,False
23629,11228,current,False
23630,10126,current,True
23631,68278,new,True
23632,55410,new,False
23633,12379,current,False
23634,63003,new,True
23635,57853,new,False
23636,48238,current,False
23637,31021,current,False
23638,74674,new,False
23639,97461,new,False
23640,63041,new,True
23641,90756,new,False
23642,41939,current,True
23643,71249,new,True
23644,71950,new,False
23645,89951,new,False
23646,54475,new,True
23647,40705,current,False
23648,35083,current,False
23649,12955,current,False
23650,88172,new,False
23651,25677,current,False
23652,51750,new,True
23653,20474,current,False
23654,92656,new,False
23655,60055,new,False
23656,51190,new,True
23657,49800,current,False
23658,36453,current,False
23659,88708,new,False
23660,48885,current,True
23661,62539,new,True
23662,16055,current,False
23663,14679,current,True
23664,87154,new,False
23665,70772,new,False
23666,56891,new,True
23667,47493,current,False
23668,20114,current,True
23669,54865,new,True
23670,56285,new,False
23671,23695,current,False
23672,57444,new,True
23673,35871,current,True
23674,47161,current,False
23675,11461,current,True
23676,16513,current,False
23677,80856,new,True
23678,77086,new,False
23679,15465,current,True
23680,49756,current,False
23681,69529,new,True
23682,20541,current,True
23683,49708,current,True
23684,59335,new,True
23685,68927,new,False
23686,69417,new,True
23687,18706,current,True
23688,34837,current,True
23689,34106,current,True
23690,83557,new,True
23691,60556,new,True
23692,51705,new,False
23693,69666,new,False
23694,51638,new,False
23695,88275,new,False
23696,18185,current,False
23697,26724,current,True
23698,80707,new,False
23699,63245,new,False
23700,82790,new,True
23701,31109,current,False
23702,32476,current,False
23703,65971,new,True
23704,26570,current,False
23705,92457,new,True
23706,12831,current,True
23707,81928,new,False
23708,28634,current,False
23709,40045,current,False
23710,46552,current,False
23711,72342,new,False
23712,96266,new,False
23713,28675,current,True
23714,94697,new,True
23715,33181,current,False
23716,21330,current,False
23717,29421,current,False
23718,13964,current,False
23719,29998,current,True
23720,20117,current,True
23721,88676,new,False
23722,25742,current,False
23723,67878,new,True
23724,68167,new,False
23725,78849,new,False
23726,19447,current,False
23727,75136,new,False
23728,18323,current,False
23729,89149,new,True
23730,88695,new,True
23731,84770,new,False
23732,30337,current,False
23733,58405,new,True
23734,16289,current,False
23735,51588,new,False
23736,36071,current,False
23737,57778,new,False
23738,20167,current,False
23739,68856,new,False
23740,85447,new,False
23741,27675,current,False
23742,87024,new,True
23743,78641,new,True
23744,17171,current,False
23745,39361,current,False
23746,39289,current,False
23747,92657,new,True
23748,42110,current,True
23749,20761,current,False
23750,63705,new,False
23751,91242,new,False
23752,60635,new,True
23753,16687,current,False
23754,66191,new,False
23755,44750,current,False
23756,58095,new,False
23757,82395,new,False
23758,57561,new,True
23759,19769,current,True
23760,35831,current,True
23761,34589,current,False
23762,63498,new,True
23763,29093,current,True
23764,38328,current,False
23765,91620,new,False
23766,35361,current,False
23767,79889,new,True
23768,10449,current,False
23769,43642,current,True
23770,62848,new,False
23771,78796,new,False
23772,60551,new,True
23773,58641,new,True
23774,26315,current,False
23775,32404,current,False
23776,42549,current,True
23777,25631,current,False
23778,55390,new,True
23779,29383,current,False
23780,45706,current,False
23781,44860,current,False
23782,42143,current,True
23783,37108,current,False
23784,44146,current,True
23785,20367,current,False
23786,32457,current,False
23787,75448,new,False
23788,84462,new,False
23789,96787,new,False
23790,49030,current,True
23791,78914,new,False
23792,26970,current,False
23793,23252,current,False
23794,87907,new,False
23795,87173,new,False
23796,26720,current,False
23797,31609,current,False
23798,97795,new,False
23799,44873,current,False
23800,12898,current,False
23801,20905,current,False
23802,60525,new,True
23803,38080,current,False
23804,82107,new,True
23805,88879,new,False
23806,66525,new,True
23807,54630,new,True
23808,47049,current,False
23809,27235,current,False
23810,46391,current,False
23811,13947,current,True
23812,88307,new,True
23813,18476,current,False
23814,94086,new,False
23815,86797,new,False
23816,44293,current,False
23817,22843,current,False
23818,81968,new,False
23819,56436,new,False
23820,59698,new,True
23821,89877,new,False
23822,82154,new,False
23823,66572,new,True
23824,62185,new,True
23825,99289,new,True
23826,38048,current,False
23827,89692,new,True
23828,91871,new,False
23829,13222,current,False
23830,57277,new,False
23831,76651,new,True
23832,39177,current,False
23833,47875,current,False
23834,60839,new,True
23835,22255,current,True
23836,11311,current,False
23837,92941,new,True
23838,21401,current,False
23839,82227,new,True
23840,60667,new,True
23841,12736,current,True
23842,69194,new,False
23843,87686,new,True
23844,82133,new,False
23845,28682,current,False
23846,37619,current,True
23847,29307,current,False
23848,42417,current,False
23849,34734,current,False
23850,68899,new,True
23851,59065,new,True
23852,42939,current,False
23853,51837,new,False
23854,30472,current,False
23855,55047,new,False
23856,28454,current,False
23857,72184,new,False
23858,30212,current,False
23859,77750,new,True
23860,23663,current,False
23861,96006,new,False
23862,91549,new,True
23863,11619,current,False
23864,11560,current,False
23865,16718,current,False
23866,81690,new,True
23867,82305,new,False
23868,60674,new,False
23869,34481,current,False
23870,49989,current,False
23871,21963,current,False
23872,80903,new,True
23873,11440,current,False
23874,41604,current,False
23875,32452,current,False
23876,77610,new,False
23877,34143,current,True
23878,65600,new,False
23879,73714,new,False
23880,25391,current,True
23881,58588,new,False
23882,28182,current,False
23883,23216,current,False
23884,32578,current,False
23885,88047,new,False
23886,31706,current,False
23887,50936,new,True
23888,21727,current,False
23889,74637,new,False
23890,77671,new,True
23891,87918,new,True
23892,34047,current,False
23893,14020,current,False
23894,67859,new,True
23895,30218,current,False
23896,15926,current,False
23897,99144,new,False
23898,12734,current,True
23899,89561,new,True
23900,68272,new,True
23901,87865,new,False
23902,16551,current,True
23903,41891,current,True
23904,12241,current,False
23905,65707,new,False
23906,83578,new,False
23907,15525,current,True
23908,95309,new,True
23909,49734,current,False
23910,49746,current,True
23911,63118,new,False
23912,41978,current,True
23913,38486,current,True
23914,61235,new,True
23915,71802,new,True
23916,64163,new,False
23917,83400,new,False
23918,37826,current,True
23919,80613,new,False
23920,18569,current,False
23921,47472,current,False
23922,54430,new,False
23923,66701,new,False
23924,26508,current,False
23925,42026,current,True
23926,35059,current,False
23927,95179,new,True
23928,85092,new,True
23929,96932,new,True
23930,32628,current,True
23931,89024,new,False
23932,53805,new,False
23933,71632,new,True
23934,72932,new,True
23935,91302,new,True
23936,44357,current,False
23937,55836,new,True
23938,21786,current,True
23939,23285,current,False
23940,48646,current,False
23941,24048,current,False
23942,94435,new,False
23943,86592,new,True
23944,52066,new,True
23945,86897,new,True
23946,32960,current,False
23947,56976,new,False
23948,21224,current,True
23949,17263,current,False
23950,93490,new,False
23951,71321,new,True
23952,27987,current,False
23953,36319,current,False
23954,60430,new,True
23955,56357,new,False
23956,89621,new,True
23957,12401,current,False
23958,63079,new,True
23959,40888,current,False
23960,31656,current,False
23961,81350,new,True
23962,90280,new,True
23963,59814,new,True
23964,48544,current,False
23965,68964,new,True
23966,75439,new,True
23967,62025,new,False
23968,93020,new,False
23969,89519,new,False
23970,25942,current,False
23971,81753,new,True
23972,32258,current,False
23973,55412,new,False
23974,15900,current,False
23975,25345,current,False
23976,70641,new,True
23977,16782,current,False
23978,95383,new,False
23979,33434,current,True
23980,28939,current,True
23981,98652,new,True
23982,33041,current,False
23983,26922,current,True
23984,14369,current,False
23985,57905,new,True
23986,65813,new,True
23987,84990,new,True
23988,91250,new,False
23989,44803,current,True
23990,96641,new,True
23991,54575,new,False
23992,93733,new,True
23993,67153,new,False
23994,67416,new,False
23995,19936,current,False
23996,92248,new,False
23997,20738,current,False
23998,35921,current,True
23999,28956,current,False
24000,35893,current,False
24001,17168,current,False
24002,65706,new,True
24003,72628,new,False
24004,63599,new,False
24005,50075,new,False
24006,36837,current,False
24007,39514,current,False
24008,52321,new,False
24009,43865,current,False
24010,55650,new,True
24011,24612,current,False
24012,73463,new,False
24013,74115,new,True
24014,58266,new,False
24015,45873,current,False
24016,44295,current,False
24017,37031,current,False
24018,22724,current,False
24019,40377,current,False
24020,83539,new,False
24021,62255,new,True
24022,47930,current,False
24023,84799,new,False
24024,73739,new,False
24025,11094,current,False
24026,31898,current,False
24027,62454,new,True
24028,39947,current,False
24029,70822,new,False
24030,34768,current,False
24031,29716,current,False
24032,29441,current,True
24033,64218,new,False
24034,91628,new,True
24035,67097,new,False
24036,61491,new,False
24037,49122,current,True
24038,62263,new,False
24039,97810,new,True
24040,68068,new,False
24041,52754,new,True
24042,95362,new,False
24043,20149,current,False
24044,61971,new,False
24045,59446,new,True
24046,72131,new,False
24047,43632,current,False
24048,62573,new,True
24049,25273,current,False
24050,88791,new,True
24051,54310,new,True
24052,15239,current,False
24053,72158,new,False
24054,31059,current,False
24055,63725,new,False
24056,29827,current,False
24057,24602,current,True
24058,32819,current,True
24059,55530,new,False
24060,94333,new,False
24061,38623,current,False
24062,10349,current,False
24063,74062,new,False
24064,15337,current,False
24065,38914,current,False
24066,55932,new,False
24067,33544,current,False
24068,91676,new,False
24069,88427,new,False
24070,54189,new,False
24071,50330,new,True
24072,30359,current,False
24073,23342,current,True
24074,35547,current,False
24075,20298,current,False
24076,62558,new,True
24077,56801,new,False
24078,39432,current,True
24079,43713,current,False
24080,26177,current,False
24081,47873,current,True
24082,42976,current,False
24083,37302,current,True
24084,48078,current,True
24085,84958,new,True
24086,41199,current,False
24087,13042,current,False
24088,70517,new,True
24089,13658,current,True
24090,39806,current,True
24091,55295,new,False
24092,94284,new,False
24093,24275,current,False
24094,26847,current,True
24095,31077,current,False
24096,96782,new,True
24097,72608,new,False
24098,33607,current,False
24099,48776,current,True
24100,82366,new,True
24101,25820,current,True
24102,75959,new,True
24103,61809,new,True
24104,38519,current,False
24105,79731,new,True
24106,80703,new,True
24107,12028,current,False
24108,89843,new,True
24109,35224,current,True
24110,68041,new,False
24111,42967,current,False
24112,56587,new,False
24113,72247,new,False
24114,11100,current,True
24115,76873,new,True
24116,94637,new,False
24117,18793,current,False
24118,93691,new,True
24119,99841,new,False
24120,19549,current,True
24121,17342,current,True
24122,11241,current,True
24123,74928,new,False
24124,38473,current,False
24125,69607,new,True
24126,39619,current,False
24127,85982,new,False
24128,75747,new,False
24129,15722,current,False
24130,57585,new,False
24131,98710,new,False
24132,62791,new,True
24133,15018,current,False
24134,98933,new,False
24135,47176,current,False
24136,66738,new,True
24137,59175,new,False
24138,87475,new,True
24139,21733,current,False
24140,39147,current,False
24141,21131,current,True
24142,73002,new,False
24143,91497,new,True
24144,17471,current,False
24145,87630,new,True
24146,79251,new,False
24147,29920,current,False
24148,38759,current,False
24149,11552,current,True
24150,92970,new,False
24151,62798,new,False
24152,48289,current,True
24153,36439,current,False
24154,58312,new,False
24155,19246,current,True
24156,74961,new,False
24157,51646,new,False
24158,20298,current,False
24159,80431,new,False
24160,13892,current,False
24161,37376,current,True
24162,49430,current,False
24163,85006,new,True
24164,51466,new,False
24165,92209,new,False
24166,59173,new,False
24167,90892,new,False
24168,29023,current,False
24169,95211,new,True
24170,16490,current,True
24171,84182,new,True
24172,52922,new,False
24173,86643,new,False
24174,62777,new,True
24175,73278,new,False
24176,58645,new,True
24177,83461,new,False
24178,42753,current,False
24179,13891,current,False
24180,95132,new,False
24181,72984,new,True
24182,73014,new,False
24183,18176,current,False
24184,43210,current,False
24185,10483,current,True
24186,67353,new,False
24187,34683,current,False
24188,25947,current,False
24189,97794,new,False
24190,68398,new,False
24191,23739,current,True
24192,29418,current,True
24193,90609,new,False
24194,86049,new,False
24195,59838,new,True
24196,77048,new,True
24197,52154,new,True
24198,92411,new,False
24199,86453,new,False
24200,25503,current,False
24201,44613,current,False
24202,27880,current,False
24203,78744,new,True
24204,82327,new,False
24205,65867,new,False
24206,25882,current,False
24207,17434,current,False
24208,34651,current,False
24209,22967,current,False
24210,13317,current,False
24211,83716,new,False
24212,64947,new,True
24213,86851,new,True
24214,92640,new,True
24215,60234,new,False
24216,34014,current,False
24217,26667,current,False
24218,18101,current,False
24219,91136,new,True
24220,37151,current,True
24221,70044,new,True
24222,87151,new,False
24223,43980,current,True
24224,70980,new,True
24225,97867,new,False
24226,54620,new,True
24227,84715,new,False
24228,49480,current,False
24229,10325,current,False
24230,69690,new,False
24231,38107,current,False
24232,70795,new,False
24233,41492,current,False
24234,45749,current,True
24235,27640,current,False
24236,58068,new,False
24237,55243,new,False
24238,16552,current,False
24239,44549,current,True
24240,34038,current,False
24241,62896,new,True
24242,96091,new,False
24243,90798,new,True
24244,81810,new,False
24245,67647,new,False
24246,81167,new,False
24247,34940,current,False
24248,92962,new,False
24249,11592,current,False
24250,19762,current,False
24251,25920,current,True
24252,12698,current,False
24253,48302,current,False
24254,35350,current,True
24255,11368,current,False
24256,71051,new,False
24257,27015,current,False
24258,61742,new,False
24259,75044,new,False
24260,77303,new,False
24261,93183,new,True
24262,48324,current,False
24263,14066,current,False
24264,32388,current,False
24265,36267,current,False
24266,19189,current,False
24267,88852,new,False
24268,33277,current,True
24269,33912,current,False
24270,49582,current,False
24271,74318,new,False
24272,39121,current,False
24273,99470,new,True
24274,51452,new,False
24275,85901,new,True
24276,97074,new,True
24277,77313,new,True
24278,33053,current,True
24279,20558,current,False
24280,14580,current,False
24281,71156,new,False
24282,14009,current,False
24283,79013,new,True
24284,48809,current,False
24285,57652,new,True
24286,20103,current,False
24287,17469,current,True
24288,84302,new,False
24289,51908,new,False
24290,25076,current,True
24291,27195,current,False
24292,43545,current,False
24293,40693,current,False
24294,42951,current,True
24295,38495,current,False
24296,95808,new,True
24297,43216,current,False
24298,70450,new,False
24299,66999,new,True
24300,65468,new,True
24301,47014,current,True
24302,28510,current,False
24303,69064,new,True
24304,76953,new,False
24305,78816,new,False
24306,93424,new,True
24307,58071,new,True
24308,88661,new,False
24309,95546,new,True
24310,41089,current,False
24311,49165,current,True
24312,87645,new,False
24313,30263,current,False
24314,66351,new,False
24315,35812,current,True
24316,47070,current,False
24317,55870,new,False
24318,28015,current,True
24319,29785,current,False
24320,26753,current,True
24321,73422,new,True
24322,39839,current,False
24323,14562,current,True
24324,76942,new,False
24325,47524,current,False
24326,12623,current,False
24327,63605,new,False
24328,41326,current,False
24329,60375,new,True
24330,17518,current,False
24331,41560,current,False
24332,43746,current,False
24333,84794,new,True
24334,61476,new,False
24335,33191,current,False
24336,49569,current,True
24337,37915,current,False
24338,15509,current,False
24339,90065,new,True
24340,47953,current,False
24341,39664,current,False
24342,63228,new,False
24343,63043,new,False
24344,17309,current,False
24345,92367,new,False
24346,30928,current,False
24347,48562,current,False
24348,53835,new,False
24349,83648,new,False
24350,28467,current,True
24351,60365,new,True
24352,26118,current,False
24353,84395,new,True
24354,32977,current,False
24355,37763,current,False
24356,94501,new,False
24357,41617,current,True
24358,61411,new,True
24359,49827,current,True
24360,52944,new,False
24361,21453,current,False
24362,10615,current,True
24363,16783,current,False
24364,40225,current,True
24365,61860,new,True
24366,61236,new,False
24367,84250,new,True
24368,56828,new,False
24369,70666,new,True
24370,71336,new,True
24371,48722,current,True
24372,66784,new,False
24373,76845,new,False
24374,44498,current,False
24375,12983,current,True
24376,35802,current,False
24377,12920,current,True
24378,20416,current,False
24379,85086,new,False
24380,32549,current,False
24381,90773,new,True
24382,37356,current,False
24383,55756,new,False
24384,33205,current,False
24385,33459,current,False
24386,64650,new,False
24387,85199,new,False
24388,45019,current,False
24389,45600,current,False
24390,71541,new,True
24391,51434,new,False
24392,67519,new,True
24393,24040,current,False
24394,39988,current,False
24395,82076,new,True
24396,39668,current,False
24397,98873,new,False
24398,91389,new,True
24399,78506,new,True
24400,37787,current,False
24401,60802,new,False
24402,72803,new,False
24403,36682,current,False
24404,22426,current,False
24405,27632,current,False
24406,52083,new,True
24407,99190,new,False
24408,28097,current,False
24409,22455,current,True
24410,47703,current,True
24411,29313,current,False
24412,48462,current,False
24413,27942,current,False
24414,20765,current,False
24415,24510,current,True
24416,83204,new,False
24417,38328,current,False
24418,93242,new,True
24419,95023,new,True
24420,19536,current,False
24421,45284,current,False
24422,15783,current,False
24423,66783,new,True
24424,44184,current,False
24425,83699,new,False
24426,54816,new,False
24427,57786,new,False
24428,67130,new,False
24429,11203,current,False
24430,15208,current,False
24431,57980,new,False
24432,74904,new,True
24433,86558,new,False
24434,68914,new,True
24435,51168,new,False
24436,23634,current,False
24437,46750,current,False
24438,29144,current,True
24439,85192,new,False
24440,59837,new,True
24441,71756,new,False
24442,89837,new,False
24443,54979,new,True
24444,54256,new,True
24445,34937,current,False
24446,19752,current,False
24447,87957,new,True
24448,98994,new,True
24449,83708,new,True
24450,85909,new,True
24451,17787,current,False
24452,13294,current,False
24453,72994,new,False
24454,42772,current,False
24455,57863,new,True
24456,69728,new,False
24457,62835,new,True
24458,40141,current,False
24459,56198,new,False
24460,77334,new,True
24461,27820,current,False
24462,82125,new,True
24463,55502,new,False
24464,24744,current,False
24465,68604,new,True
24466,86731,new,False
24467,33826,current,False
24468,21807,current,False
24469,56828,new,True
24470,45987,current,False
24471,94313,new,False
24472,35347,current,False
24473,22938,current,False
24474,38829,current,False
24475,37746,current,False
24476,71566,new,False
24477,16362,current,True
24478,74086,new,False
24479,62549,new,True
24480,94101,new,False
24481,76053,new,False
24482,41366,current,True
24483,79560,new,False
24484,25687,current,False
24485,75967,new,False
24486,31717,current,False
24487,11704,current,False
24488,24943,current,False
24489,76981,new,False
24490,23050,current,False
24491,85081,new,False
24492,70428,new,True
24493,68472,new,False
24494,15956,current,False
24495,14563,current,False
24496,54484,new,False
24497,13488,current,False
24498,27393,current,True
24499,11590,current,False
24500,74047,new,True
24501,57544,new,False
24502,86346,new,True
24503,12704,current,False
24504,62374,new,True
24505,63884,new,True
24506,72583,new,True
24507,41376,current,False
24508,82532,new,False
24509,96044,new,True
24510,16539,current,False
24511,47051,current,True
24512,95241,new,False
24513,25694,current,False
24514,41151,current,False
24515,48969,current,False
24516,33266,current,False
24517,89412,new,True
24518,30339,current,False
24519,29006,current,False
24520,98004,new,True
24521,76373,new,True
24522,50873,new,True
24523,10865,current,False
24524,43911,current,False
24525,31626,current,False
24526,52091,new,True
24527,15228,current,False
24528,26606,current,True
24529,23553,current,False
24530,49191,current,True
24531,40825,current,False
24532,51923,new,True
24533,34812,current,False
24534,63612,new,False
24535,13594,current,False
24536,98943,new,False
24537,53992,new,False
24538,17666,current,False
24539,71891,new,True
24540,54324,new,True
24541,38653,current,True
24542,75966,new,True
24543,23188,current,False
24544,73733,new,True
24545,80238,new,True
24546,35311,current,False
24547,84793,new,True
24548,34104,current,False
24549,13082,current,True
24550,64333,new,False
24551,11381,current,True
24552,33367,current,True
24553,94458,new,False
24554,66795,new,False
24555,34121,current,True
24556,19728,current,False
24557,34966,current,False
24558,76577,new,True
24559,90958,new,True
24560,56199,new,True
24561,53031,new,True
24562,92893,new,False
24563,15400,current,True
24564,79502,new,True
24565,19782,current,False
24566,26891,current,False
24567,75689,new,True
24568,21415,current,False
24569,77171,new,True
24570,13229,current,False
24571,37449,current,False
24572,49660,current,False
24573,56123,new,True
24574,74593,new,False
24575,10769,current,False
24576,21416,current,True
24577,46084,current,True
24578,22465,current,True
24579,66048,new,False
24580,48956,current,False
24581,38170,current,True
24582,50811,new,True
24583,79267,new,False
24584,18573,current,False
24585,33072,current,True
24586,55884,new,False
24587,44267,current,True
24588,11254,current,False
24589,97523,new,False
24590,14268,current,False
24591,47777,current,True
24592,42011,current,False
24593,39656,current,False
24594,16748,current,False
24595,11923,current,False
24596,60515,new,True
24597,41099,current,False
24598,23241,current,False
24599,51906,new,False
24600,36616,current,True
24601,47028,current,False
24602,62928,new,False
24603,48519,current,False
24604,13300,current,False
24605,21063,current,False
24606,61712,new,True
24607,55414,new,True
24608,43272,current,False
24609,59087,new,True
24610,33486,current,False
24611,13334,current,True
24612,54530,new,False
24613,90966,new,True
24614,79720,new,False
24615,44169,current,False
24616,79407,new,False
24617,35437,current,True
24618,65792,new,True
24619,24794,current,False
24620,70259,new,False
24621,59274,new,False
24622,15043,current,False
24623,46351,current,True
24624,42408,current,False
24625,44914,current,False
24626,74125,new,True
24627,14947,current,False
24628,44532,current,True
24629,89573,new,True
24630,38156,current,False
24631,89598,new,True
24632,37069,current,True
24633,49393,current,True
24634,39805,current,False
24635,44701,current,False
24636,60685,new,False
24637,61445,new,True
24638,80009,new,False
24639,47244,current,True
24640,64687,new,True
24641,50581,new,True
24642,62510,new,True
24643,17845,current,True
24644,26220,current,True
24645,67326,new,True
24646,45514,current,True
24647,70830,new,True
24648,31520,current,True
24649,58207,new,False
24650,71651,new,True
24651,28286,current,False
24652,35305,current,False
24653,54114,new,True
24654,43341,current,False
24655,24251,current,False
24656,66200,new,True
24657,64363,new,True
24658,51839,new,False
24659,47766,current,False
24660,77746,new,False
24661,95326,new,True
24662,99292,new,False
24663,46066,current,False
24664,52962,new,False
24665,46239,current,True
24666,46911,current,False
24667,63521,new,True
24668,84975,new,True
24669,30782,current,False
24670,65505,new,False
24671,87402,new,False
24672,27979,current,False
24673,94474,new,False
24674,15185,current,False
24675,21199,current,False
24676,22793,current,False
24677,45770,current,False
24678,32556,current,True
24679,16898,current,False
24680,94846,new,False
24681,56193,new,False
24682,76315,new,True
24683,29504,current,False
24684,32819,current,True
24685,36985,current,False
24686,29095,current,True
24687,59482,new,False
24688,81179,new,False
24689,76954,new,False
24690,89670,new,True
24691,81409,new,True
24692,51088,new,True
24693,79622,new,False
24694,92384,new,True
24695,27464,current,False
24696,27000,current,False
24697,64237,new,True
24698,72506,new,False
24699,99609,new,False
24700,69643,new,False
24701,87564,new,True
24702,75534,new,True
24703,31879,current,True
24704,88752,new,False
24705,39437,current,False
24706,69297,new,True
24707,73648,new,True
24708,42933,current,True
24709,76281,new,False
24710,49513,current,True
24711,87916,new,False
24712,40504,current,False
24713,50663,new,True
24714,62568,new,True
24715,57869,new,False
24716,33894,current,False
24717,29376,current,False
24718,30629,current,True
24719,45027,current,False
24720,34414,current,False
24721,46704,current,False
24722,57562,new,False
24723,72320,new,False
24724,34558,current,False
24725,38850,current,False
24726,50376,new,False
24727,70964,new,False
24728,28262,current,False
24729,14813,current,False
24730,89860,new,True
24731,40807,current,True
24732,12687,current,False
24733,49143,current,False
24734,79816,new,True
24735,75236,new,True
24736,30434,current,True
24737,48910,current,False
24738,22717,current,False
24739,32893,current,True
24740,14348,current,False
24741,45534,current,True
24742,54754,new,True
24743,46791,current,False
24744,48752,current,False
24745,32156,current,False
24746,26241,current,True
24747,59716,new,False
24748,93432,new,False
24749,98481,new,False
24750,59650,new,True
24751,31710,current,False
24752,18266,current,False
24753,33086,current,False
24754,18672,current,False
24755,37904,current,True
24756,15391,current,False
24757,39384,current,False
24758,23136,current,False
24759,33503,current,True
24760,45328,current,True
24761,97059,new,False
24762,91826,new,True
24763,18823,current,False
24764,96759,new,True
24765,16896,current,False
24766,98936,new,False
24767,36304,current,False
24768,53799,new,False
24769,47882,current,False
24770,41113,current,False
24771,41147,current,False
24772,98735,new,False
24773,32572,current,True
24774,39555,current,False
24775,15763,current,True
24776,31236,current,False
24777,46218,current,False
24778,71739,new,False
24779,65239,new,True
24780,40726,current,False
24781,95607,new,False
24782,30897,current,True
24783,39708,current,False
24784,11310,current,False
24785,98628,new,False
24786,21143,current,False
24787,24317,current,False
24788,52457,new,False
24789,66890,new,False
24790,16530,current,False
24791,22517,current,True
24792,99284,new,False
24793,10184,current,False
24794,33654,current,False
24795,57162,new,True
24796,80864,new,False
24797,47194,current,False
24798,53412,new,False
24799,42620,current,False
24800,75153,new,False
24801,35468,current,False
24802,88485,new,False
24803,35347,current,False
24804,67559,new,True
24805,88804,new,False
24806,63240,new,True
24807,16412,current,False
24808,96283,new,True
24809,74507,new,True
24810,13950,current,False
24811,46211,current,False
24812,93695,new,False
24813,92957,new,True
24814,36241,current,True
24815,35643,current,False
24816,81303,new,True
24817,65985,new,True
24818,69543,new,True
24819,44328,current,False
24820,91006,new,True
24821,15518,current,False
24822,50796,new,True
24823,90157,new,False
24824,58004,new,False
24825,12026,current,False
24826,10078,current,False
24827,39189,current,False
24828,56648,new,False
24829,31701,current,False
24830,72834,new,True
24831,15131,current,False
24832,84382,new,True
24833,31562,current,False
24834,59965,new,False
24835,75151,new,True
24836,55235,new,False
24837,25668,current,True
24838,26301,current,False
24839,94281,new,False
24840,80326,new,True
24841,63920,new,False
24842,34391,current,True
24843,55457,new,False
24844,77305,new,True
24845,23134,current,False
24846,83848,new,False
24847,71710,new,True
24848,43111,current,False
24849,44670,current,False
24850,24856,current,False
24851,65676,new,True
24852,98552,new,True
24853,31339,current,False
24854,25822,current,True
24855,14641,current,False
24856,87208,new,False
24857,35828,current,False
24858,59510,new,False
24859,74685,new,True
24860,51015,new,False
24861,36357,current,True
24862,17003,current,False
24863,36181,current,False
24864,53040,new,True
24865,67932,new,False
24866,36855,current,False
24867,65540,new,True
24868,91613,new,False
24869,24920,current,False
24870,44935,current,False
24871,79436,new,False
24872,97325,new,False
24873,44649,current,False
24874,42663,current,True
24875,39880,current,True
24876,88738,new,False
24877,45056,current,True
24878,37166,current,False
24879,90882,new,False
24880,10434,current,True
24881,80701,new,True
24882,78578,new,True
24883,97059,new,True
24884,68477,new,False
24885,11809,current,False
24886,19322,current,False
24887,15528,current,False
24888,17514,current,True
24889,32592,current,True
24890,68443,new,False
24891,34550,current,True
24892,53006,new,True
24893,49190,current,False
24894,71810,new,False
24895,96007,new,True
24896,23840,current,True
24897,56546,new,False
24898,52886,new,True
24899,86114,new,True
24900,49368,current,True
24901,21122,current,False
24902,30789,current,True
24903,17617,current,False
24904,74503,new,False
24905,45975,current,False
24906,74501,new,True
24907,86503,new,True
24908,10354,current,False
24909,51686,new,False
24910,61539,new,False
24911,55721,new,False
24912,24176,current,False
24913,70769,new,False
24914,81152,new,False
24915,71544,new,False
24916,78498,new,False
24917,27705,current,True
24918,28459,current,False
24919,64037,new,False
24920,97797,new,True
24921,81889,new,False
24922,71967,new,False
24923,94430,new,True
24924,10150,current,True
24925,13446,current,False
24926,84988,new,False
24927,28222,current,True
24928,51741,new,False
24929,32008,current,False
24930,98871,new,False
24931,33878,current,False
24932,86056,new,True
24933,37081,current,False
24934,64716,new,False
24935,60478,new,False
24936,21032,current,False
24937,68185,new,False
24938,45429,current,False
24939,41914,current,True
24940,32539,current,False
24941,22725,current,False
24942,46089,current,True
24943,89622,new,False
24944,46629,current,False
24945,95961,new,False
24946,97066,new,True
24947,36967,current,True
24948,28621,current,False
24949,68953,new,False
24950,17249,current,False
24951,81505,new,False
24952,68440,new,True
24953,44450,current,False
24954,99972,new,False
24955,48895,current,True
24956,32015,current,False
24957,72147,new,True
24958,47119,current,False
24959,32333,current,False
24960,41347,current,True
24961,45479,current,False
24962,44614,current,False
24963,47179,current,False
24964,87316,new,True
24965,14940,current,False
24966,28914,current,True
24967,73623,new,True
24968,73846,new,False
24969,36079,current,False
24970,83175,new,False
24971,24621,current,False
24972,60382,new,False
24973,60098,new,True
24974,43061,current,False
24975,11803,current,True
24976,32117,current,False
24977,42892,current,False
24978,62070,new,False
24979,28391,current,True
24980,77264,new,True
24981,16891,current,False
24982,73832,new,False
24983,42650,current,False
24984,24398,current,False
24985,11964,current,False
24986,14401,current,True
24987,38889,current,True
24988,52906,new,False
24989,43631,current,True
24990,38255,current,False
24991,73745,new,False
24992,89992,new,True
24993,21793,current,False
24994,91622,new,True
24995,61520,new,True
24996,24476,current,False
24997,96971,new,False
24998,30655,current,True
24999,20708,current,False
25000,37917,current,False
25001,76787,new,False
25002,21236,current,False
25003,31716,current,False
25004,31039,current,False
25005,33482,current,False
25006,35514,current,False
25007,55020,new,True
25008,81984,new,True
25009,56357,new,True
25010,51477,new,False
25011,89588,new,False
25012,70554,new,False
25013,65983,new,False
25014,23048,current,True
25015,20453,current,True
25016,58098,new,False
25017,57793,new,False
25018,34066,current,False
25019,59379,new,False
25020,70525,new,False
25021,80354,new,False
25022,54089,new,False
25023,65318,new,False
25024,28339,current,False
25025,66775,new,False
25026,43335,current,True
25027,16632,current,False
25028,92999,new,False
25029,49946,current,False
25030,70294,new,False
25031,18872,current,True
25032,71689,new,False
25033,74031,new,False
25034,33680,current,False
25035,66176,new,True
25036,56358,new,False
25037,54830,new,True
25038,88648,new,False
25039,42384,current,True
25040,24663,current,True
25041,62087,new,False
25042,70583,new,False
25043,31959,current,True
25044,83919,new,True
25045,54214,new,False
25046,85846,new,False
25047,46728,current,False
25048,49901,current,False
25049,23389,current,True
25050,89177,new,False
25051,29861,current,True
25052,92186,new,False
25053,37182,current,False
25054,71465,new,True
25055,34998,current,False
25056,43606,current,False
25057,42200,current,False
25058,66694,new,True
25059,11488,current,True
25060,22339,current,False
25061,62149,new,True
25062,94211,new,False
25063,48925,current,False
25064,17172,current,False
25065,35923,current,False
25066,60533,new,False
25067,18903,current,True
25068,22079,current,True
25069,16740,current,True
25070,68134,new,False
25071,74662,new,True
25072,83871,new,False
25073,13797,current,False
25074,31592,current,False
25075,42870,current,False
25076,25557,current,True
25077,28662,current,False
25078,62927,new,True
25079,44262,current,False
25080,93541,new,False
25081,72429,new,True
25082,99467,new,False
25083,11284,current,False
25084,77216,new,True
25085,39783,current,False
25086,33940,current,False
25087,83776,new,True
25088,33314,current,False
25089,82287,new,False
25090,54706,new,False
25091,38175,current,False
25092,43348,current,True
25093,27326,current,False
25094,59075,new,False
25095,12141,current,False
25096,73307,new,False
25097,85611,new,False
25098,95554,new,True
25099,40511,current,True
25100,61276,new,True
25101,38931,current,False
25102,84583,new,False
25103,57480,new,True
25104,76805,new,True
25105,32454,current,False
25106,13490,current,False
25107,68246,new,False
25108,27861,current,False
25109,85767,new,True
25110,63754,new,False
25111,71656,new,True
25112,36920,current,False
25113,13739,current,True
25114,22021,current,False
25115,91677,new,False
25116,30337,current,False
25117,13810,current,False
25118,26221,current,False
25119,50516,new,False
25120,87884,new,True
25121,47445,current,False
25122,95472,new,True
25123,63998,new,True
25124,89333,new,True
25125,40971,current,False
25126,78590,new,False
25127,79153,new,True
25128,96282,new,False
25129,67918,new,False
25130,50100,new,False
25131,29804,current,False
25132,48592,current,True
25133,35951,current,False
25134,98706,new,False
25135,64927,new,True
25136,70745,new,False
25137,99595,new,False
25138,98288,new,True
25139,56165,new,True
25140,54371,new,False
25141,22910,current,False
25142,17895,current,False
25143,40010,current,True
25144,31094,current,False
25145,28533,current,True
25146,85864,new,False
25147,35832,current,False
25148,30500,current,False
25149,26544,current,False
25150,15606,current,False
25151,66556,new,True
25152,62743,new,True
25153,46889,current,False
25154,37947,current,False
25155,93716,new,False
25156,61930,new,False
25157,24621,current,False
25158,20653,current,False
25159,87876,new,False
25160,86778,new,True
25161,92530,new,True
25162,96874,new,True
25163,28962,current,False
25164,33543,current,False
25165,72182,new,True
25166,37695,current,False
25167,32330,current,True
25168,49216,current,False
25169,69270,new,True
25170,57932,new,False
25171,39773,current,False
25172,41566,current,False
25173,76618,new,True
25174,28804,current,False
25175,23124,current,False
25176,32427,current,False
25177,11712,current,False
25178,62763,new,False
25179,72856,new,False
25180,26500,current,False
25181,77375,new,True
25182,80579,new,False
25183,28219,current,False
25184,21826,current,True
25185,67263,new,True
25186,51654,new,False
25187,14283,current,False
25188,87262,new,True
25189,61220,new,False
25190,54976,new,True
25191,52642,new,True
25192,47437,current,True
25193,28091,current,False
25194,35239,current,True
25195,72790,new,False
25196,49814,current,False
25197,13023,current,False
25198,43688,current,False
25199,57021,new,True
25200,54360,new,True
25201,94969,new,False
25202,73225,new,False
25203,87514,new,True
25204,36097,current,False
25205,33110,current,True
25206,41610,current,False
25207,33498,current,False
25208,96312,new,True
25209,91915,new,False
25210,79043,new,False
25211,60271,new,False
25212,89943,new,True
25213,41986,current,True
25214,71530,new,True
25215,88767,new,True
25216,83028,new,True
25217,44827,current,False
25218,39810,current,False
25219,37658,current,True
25220,89016,new,False
25221,32771,current,False
25222,24358,current,False
25223,55316,new,True
25224,43653,current,False
25225,17314,current,True
25226,43755,current,False
25227,76736,new,True
25228,40101,current,False
25229,49663,current,True
25230,26781,current,True
25231,86197,new,False
25232,22415,current,True
25233,50765,new,True
25234,17393,current,False
25235,96137,new,False
25236,35038,current,False
25237,85596,new,False
25238,73693,new,False
25239,27047,current,False
25240,65403,new,True
25241,44985,current,False
25242,56285,new,False
25243,11988,current,False
25244,35237,current,False
25245,31178,current,False
25246,54306,new,True
25247,27286,current,False
25248,46674,current,False
25249,41502,current,False
25250,84984,new,False
25251,11237,current,False
25252,29470,current,True
25253,17571,current,True
25254,42374,current,False
25255,65359,new,True
25256,40642,current,False
25257,90440,new,False
25258,58136,new,True
25259,28697,current,True
25260,29141,current,False
25261,64131,new,False
25262,73240,new,False
25263,40605,current,False
25264,55757,new,True
25265,50872,new,True
25266,54222,new,True
25267,27912,current,False
25268,51510,new,True
25269,73720,new,False
25270,10689,current,True
25271,13239,current,True
25272,70860,new,True
25273,55022,new,False
25274,10941,current,False
25275,21126,current,False
25276,76762,new,False
25277,47792,current,False
25278,10768,current,False
25279,62848,new,False
25280,50861,new,False
25281,13804,current,False
25282,42791,current,False
25283,66903,new,True
25284,52765,new,True
25285,65876,new,True
25286,87823,new,False
25287,61110,new,False
25288,37445,current,True
25289,71328,new,False
25290,73111,new,True
25291,36887,current,False
25292,51050,new,False
25293,51198,new,True
25294,79184,new,True
25295,24583,current,False
25296,68761,new,False
25297,10068,current,False
25298,80774,new,False
25299,12103,current,True
25300,10703,current,False
25301,43521,current,True
25302,17043,current,True
25303,35930,current,False
25304,62295,new,False
25305,93248,new,False
25306,40511,current,False
25307,30415,current,False
25308,63161,new,False
25309,98088,new,True
25310,71869,new,True
25311,13866,current,False
25312,99731,new,True
25313,34795,current,False
25314,15552,current,False
25315,31989,current,True
25316,91475,new,True
25317,50939,new,False
25318,11848,current,True
25319,41963,current,True
25320,65189,new,True
25321,83207,new,True
25322,54834,new,True
25323,36414,current,True
25324,35303,current,False
25325,71191,new,False
25326,69432,new,False
25327,49661,current,True
25328,12924,current,False
25329,41997,current,False
25330,11247,current,False
25331,46188,current,False
25332,60666,new,False
25333,48719,current,False
25334,64368,new,True
25335,80105,new,True
25336,88900,new,False
25337,79797,new,False
25338,23798,current,False
25339,83102,new,False
25340,47081,current,False
25341,87007,new,False
25342,15580,current,True
25343,34355,current,True
25344,22691,current,False
25345,16045,current,False
25346,19205,current,False
25347,13041,current,False
25348,26983,current,True
25349,88311,new,True
25350,63386,new,True
25351,51665,new,True
25352,22193,current,False
25353,64369,new,False
25354,76576,new,True
25355,12080,current,False
25356,40781,current,True
25357,21221,current,False
25358,97467,new,False
25359,26279,current,False
25360,44766,current,False
25361,13405,current,False
25362,67239,new,True
25363,47263,current,True
25364,17185,current,True
25365,10204,current,True
25366,87278,new,False
25367,72878,new,False
25368,32143,current,True
25369,26901,current,False
25370,31980,current,True
25371,34046,current,False
25372,54693,new,False
25373,29455,current,True
25374,21176,current,False
25375,94753,new,False
25376,35499,current,False
25377,41002,current,False
25378,97249,new,False
25379,18711,current,True
25380,16502,current,True
25381,12019,current,False
25382,70138,new,True
25383,42501,current,False
25384,13621,current,False
25385,82342,new,False
25386,20058,current,True
25387,22677,current,True
25388,27379,current,True
25389,39562,current,True
25390,40172,current,False
25391,32461,current,False
25392,28907,current,False
25393,81166,new,True
25394,80737,new,True
25395,22283,current,False
25396,26501,current,False
25397,69591,new,False
25398,64092,new,True
25399,11503,current,False
25400,31624,current,True
25401,22693,current,False
25402,22184,current,True
25403,23325,current,False
25404,89362,new,True
25405,13093,current,True
25406,45506,current,False
25407,25715,current,True
25408,26692,current,True
25409,98160,new,False
25410,36751,current,True
25411,80377,new,True
25412,38766,current,False
25413,75255,new,False
25414,41243,current,True
25415,17036,current,False
25416,68689,new,False
25417,22124,current,False
25418,97534,new,False
25419,10532,current,False
25420,23640,current,False
25421,37796,current,False
25422,74047,new,True
25423,14354,current,False
25424,95710,new,False
25425,98481,new,False
25426,37514,current,True
25427,64315,new,False
25428,69415,new,False
25429,85944,new,True
25430,86376,new,False
25431,19915,current,False
25432,66099,new,True
25433,41959,current,False
25434,70254,new,False
25435,93396,new,False
25436,18690,current,False
25437,46518,current,False
25438,33788,current,False
25439,93056,new,False
25440,31989,current,False
25441,50461,new,False
25442,66506,new,False
25443,66109,new,False
25444,51341,new,False
25445,31100,current,True
25446,32312,current,False
25447,19224,current,False
25448,73213,new,False
25449,85373,new,True
25450,85820,new,False
25451,95611,new,False
25452,76799,new,True
25453,26096,current,False
25454,75893,new,True
25455,91177,new,False
25456,13319,current,True
25457,68034,new,False
25458,82048,new,True
25459,65857,new,True
25460,37838,current,False
25461,26581,current,True
25462,62837,new,True
25463,72222,new,False
25464,31980,current,False
25465,57706,new,False
25466,29796,current,False
25467,14169,current,False
25468,56609,new,True
25469,95106,new,False
25470,48783,current,True
25471,12646,current,False
25472,82892,new,True
25473,29067,current,True
25474,30287,current,False
25475,22400,current,True
25476,49858,current,True
25477,79134,new,False
25478,35692,current,False
25479,13923,current,False
25480,62558,new,False
25481,20327,current,False
25482,10297,current,True
25483,21354,current,False
25484,15599,current,False
25485,94901,new,False
25486,10285,current,True
25487,91987,new,False
25488,39907,current,False
25489,56817,new,True
25490,44247,current,False
25491,61113,new,False
25492,47240,current,False
25493,10214,current,False
25494,28632,current,False
25495,31098,current,False
25496,60423,new,True
25497,93401,new,False
25498,96155,new,False
25499,69467,new,False
25500,24679,current,False
25501,80831,new,True
25502,73250,new,True
25503,86455,new,False
25504,84213,new,False
25505,21751,current,False
25506,40364,current,False
25507,53522,new,False
25508,54483,new,False
25509,13260,current,False
25510,92318,new,True
25511,62734,new,True
25512,31692,current,True
25513,77459,new,False
25514,20217,current,True
25515,96479,new,False
25516,57239,new,False
25517,36832,current,False
25518,93346,new,False
25519,20820,current,True
25520,83780,new,True
25521,47968,current,False
25522,59269,new,True
25523,64722,new,True
25524,85781,new,True
25525,44146,current,False
25526,51194,new,True
25527,42943,current,True
25528,19074,current,False
25529,12579,current,False
25530,83284,new,False
25531,51246,new,False
25532,18389,current,True
25533,49901,current,False
25534,93180,new,False
25535,28699,current,True
25536,89427,new,True
25537,50881,new,False
25538,95523,new,False
25539,54716,new,True
25540,11836,current,True
25541,83597,new,True
25542,49553,current,False
25543,75089,new,False
25544,88335,new,True
25545,10676,current,False
25546,75530,new,True
25547,59530,new,False
25548,37156,current,False
25549,70489,new,True
25550,58287,new,False
25551,90868,new,False
25552,17809,current,False
25553,61786,new,True
25554,96513,new,False
25555,38892,current,False
25556,50220,new,False
25557,58131,new,True
25558,91421,new,False
25559,44319,current,False
25560,94954,new,False
25561,84390,new,False
25562,24030,current,False
25563,46646,current,False
25564,76636,new,True
25565,67467,new,False
25566,36812,current,False
25567,39837,current,False
25568,60439,new,False
25569,11099,current,False
25570,84586,new,True
25571,54792,new,True
25572,95722,new,False
25573,71387,new,True
25574,39505,current,False
25575,20029,current,False
25576,17665,current,False
25577,88492,new,True
25578,43413,current,True
25579,92073,new,True
25580,99396,new,False
25581,15675,current,False
25582,48875,current,True
25583,86786,new,True
25584,90715,new,False
25585,18248,current,False
25586,10385,current,False
25587,50531,new,False
25588,91542,new,True
25589,25850,current,False
25590,86935,new,False
25591,33709,current,True
25592,82146,new,False
25593,29981,current,False
25594,64790,new,True
25595,25237,current,True
25596,88886,new,True
25597,56800,new,False
25598,59814,new,True
25599,87726,new,True
25600,17073,current,False
25601,52557,new,True
25602,79604,new,True
25603,11613,current,False
25604,65992,new,False
25605,90207,new,False
25606,13130,current,False
25607,39419,current,True
25608,24704,current,True
25609,44511,current,False
25610,67791,new,False
25611,59724,new,False
25612,30137,current,False
25613,64342,new,True
25614,66036,new,True
25615,75078,new,False
25616,31520,current,False
25617,42313,current,False
25618,91558,new,False
25619,89971,new,False
25620,92485,new,True
25621,74807,new,True
25622,18278,current,True
25623,33567,current,False
25624,99239,new,False
25625,99918,new,True
25626,91862,new,False
25627,94722,new,False
25628,23599,current,False
25629,88564,new,True
25630,43440,current,False
25631,33633,current,False
25632,93714,new,False
25633,75002,new,False
25634,77414,new,False
25635,91810,new,True
25636,80159,new,True
25637,50252,new,False
25638,35471,current,False
25639,71456,new,False
25640,31130,current,True
25641,39805,current,False
25642,35263,current,True
25643,96955,new,True
25644,35626,current,False
25645,68898,new,True
25646,40344,current,False
25647,98454,new,False
25648,36702,current,False
25649,71541,new,True
25650,33680,current,False
25651,47369,current,True
25652,76288,new,True
25653,76258,new,False
25654,40426,current,False
25655,22348,current,True
25656,68216,new,True
25657,85124,new,False
25658,83119,new,True
25659,31132,current,False
25660,38171,current,False
25661,48942,current,False
25662,41338,current,True
25663,60126,new,False
25664,19596,current,True
25665,55716,new,False
25666,89673,new,False
25667,51188,new,False
25668,32827,current,True
25669,37521,current,True
25670,95463,new,True
25671,33225,current,False
25672,95256,new,True
25673,78448,new,True
25674,47223,current,False
25675,68809,new,True
25676,14573,current,False
25677,75390,new,True
25678,11278,current,True
25679,38346,current,False
25680,83213,new,True
25681,79480,new,False
25682,17523,current,False
25683,10655,current,True
25684,28897,current,False
25685,50702,new,True
25686,15329,current,False
25687,37186,current,False
25688,71445,new,False
25689,69995,new,False
25690,78849,new,True
25691,99813,new,False
25692,18192,current,False
25693,95229,new,True
25694,49567,current,False
25695,34968,current,True
25696,36815,current,False
25697,85128,new,True
25698,14916,current,False
25699,78442,new,True
25700,60894,new,True
25701,27102,current,False
25702,87108,new,False
25703,66408,new,False
25704,94760,new,True
25705,92514,new,True
25706,79127,new,False
25707,15605,current,True
25708,81713,new,True
25709,32503,current,True
25710,89161,new,False
25711,66129,new,False
25712,73596,new,False
25713,83945,new,False
25714,28593,current,False
25715,53109,new,True
25716,29785,current,True
25717,57424,new,False
25718,27820,current,False
25719,53426,new,True
25720,10877,current,False
25721,44485,current,False
25722,39867,current,False
25723,94418,new,False
25724,28182,current,True
25725,43384,current,True
25726,18473,current,False
25727,46357,current,False
25728,89799,new,False
25729,18600,current,False
25730,33827,current,False
25731,10506,current,False
25732,62976,new,False
25733,30200,current,False
25734,51183,new,False
25735,29104,current,False
25736,12408,current,False
25737,59934,new,True
25738,69461,new,False
25739,81147,new,False
25740,19946,current,False
25741,63210,new,True
25742,72355,new,True
25743,10665,current,False
25744,79106,new,False
25745,26356,current,True
25746,36861,current,False
25747,32943,current,False
25748,19327,current,True
25749,86637,new,True
25750,22696,current,False
25751,79716,new,True
25752,17482,current,True
25753,26791,current,False
25754,29943,current,False
25755,88278,new,True
25756,91352,new,False
25757,47060,current,True
25758,57216,new,True
25759,40647,current,True
25760,16936,current,False
25761,18820,current,False
25762,76055,new,True
25763,22770,current,True
25764,40450,current,False
25765,92081,new,True
25766,83697,new,False
25767,92973,new,False
25768,89737,new,True
25769,97352,new,False
25770,24202,current,False
25771,34318,current,False
25772,70335,new,False
25773,17460,current,False
25774,57252,new,True
25775,74554,new,False
25776,82300,new,False
25777,50917,new,True
25778,48558,current,True
25779,83872,new,True
25780,61241,new,True
25781,33415,current,False
25782,53282,new,False
25783,81803,new,False
25784,42457,current,True
25785,90178,new,False
25786,68932,new,True
25787,34809,current,False
25788,66580,new,True
25789,43336,current,False
25790,54032,new,False
25791,65842,new,True
25792,79143,new,False
25793,96324,new,False
25794,17749,current,False
25795,85386,new,True
25796,41120,current,True
25797,16118,current,False
25798,77758,new,False
25799,93544,new,False
25800,56064,new,True
25801,40963,current,False
25802,82031,new,True
25803,13754,current,True
25804,43677,current,True
25805,37228,current,True
25806,39351,current,False
25807,98885,new,False
25808,29480,current,False
25809,51461,new,False
25810,85978,new,False
25811,93293,new,False
25812,89235,new,False
25813,91404,new,True
25814,87268,new,False
25815,36974,current,False
25816,89862,new,True
25817,49564,current,False
25818,20532,current,False
25819,18763,current,False
25820,32665,current,True
25821,68196,new,True
25822,63241,new,False
25823,13977,current,False
25824,46206,current,False
25825,84648,new,False
25826,98337,new,True
25827,43467,current,False
25828,33034,current,False
25829,63129,new,True
25830,79907,new,True
25831,95854,new,False
25832,13341,current,False
25833,66449,new,True
25834,81775,new,True
25835,98503,new,True
25836,89205,new,True
25837,18184,current,False
25838,63905,new,True
25839,30036,current,True
25840,30807,current,False
25841,17958,current,False
25842,38291,current,False
25843,33078,current,False
25844,86870,new,False
25845,92058,new,True
25846,51249,new,False
25847,50185,new,True
25848,71863,new,False
25849,81720,new,True
25850,10167,current,False
25851,67160,new,False
25852,28225,current,True
25853,77967,new,False
25854,99501,new,False
25855,45883,current,False
25856,28345,current,False
25857,80373,new,False
25858,83747,new,False
25859,92418,new,True
25860,75375,new,False
25861,69100,new,False
25862,82989,new,True
25863,40861,current,False
25864,67559,new,True
25865,95368,new,True
25866,13785,current,False
25867,97056,new,False
25868,58141,new,True
25869,94134,new,False
25870,71116,new,False
25871,67096,new,True
25872,28655,current,False
25873,10222,current,True
25874,25007,current,True
25875,82711,new,False
25876,98042,new,False
25877,26966,current,False
25878,78478,new,False
25879,96741,new,True
25880,65060,new,False
25881,60004,new,True
25882,88052,new,False
25883,63518,new,False
25884,49851,current,False
25885,14245,current,False
25886,23663,current,False
25887,20105,current,False
25888,71570,new,True
25889,32240,current,False
25890,91888,new,True
25891,44025,current,False
25892,58988,new,True
25893,58861,new,True
25894,20687,current,True
25895,63831,new,False
25896,15864,current,False
25897,76356,new,True
25898,59817,new,True
25899,93905,new,False
25900,52506,new,False
25901,39282,current,True
25902,91854,new,False
25903,68976,new,True
25904,49643,current,False
25905,37488,current,False
25906,20771,current,False
25907,73205,new,True
25908,42136,current,False
25909,20622,current,False
25910,30764,current,False
25911,10450,current,False
25912,50803,new,True
25913,27912,current,False
25914,97074,new,False
25915,78698,new,True
25916,18204,current,False
25917,79365,new,True
25918,53909,new,False
25919,75314,new,False
25920,77581,new,False
25921,97387,new,False
25922,56653,new,False
25923,33775,current,True
25924,63579,new,False
25925,41072,current,False
25926,69109,new,False
25927,45509,current,False
25928,25799,current,False
25929,35996,current,True
25930,24215,current,False
25931,43271,current,False
25932,49503,current,False
25933,19665,current,False
25934,42955,current,False
25935,72790,new,False
25936,14640,current,True
25937,39479,current,False
25938,20758,current,False
25939,95737,new,True
25940,75895,new,False
25941,99814,new,True
25942,38414,current,False
25943,31759,current,False
25944,10841,current,False
25945,56183,new,False
25946,11693,current,True
25947,33421,current,True
25948,47531,current,True
25949,60358,new,False
25950,79976,new,True
25951,40635,current,False
25952,77679,new,True
25953,78758,new,True
25954,16891,current,True
25955,96974,new,True
25956,44749,current,False
25957,66755,new,False
25958,74482,new,True
25959,74791,new,True
25960,11904,current,True
25961,55919,new,False
25962,67214,new,False
25963,64233,new,False
25964,54959,new,False
25965,92240,new,False
25966,65675,new,True
25967,77320,new,False
25968,33910,current,True
25969,19509,current,False
25970,50953,new,True
25971,32224,current,True
25972,89954,new,False
25973,77616,new,False
25974,51389,new,True
25975,59285,new,False
25976,32185,current,False
25977,23321,current,True
25978,35019,current,False
25979,95354,new,True
25980,60347,new,False
25981,97251,new,True
25982,74079,new,False
25983,60926,new,False
25984,36915,current,False
25985,87382,new,True
25986,82780,new,True
25987,84498,new,True
25988,77328,new,False
25989,46348,current,False
25990,84357,new,True
25991,16571,current,False
25992,40930,current,False
25993,55620,new,False
25994,21983,current,False
25995,78207,new,False
25996,23959,current,False
25997,82083,new,False
25998,84266,new,True
25999,39803,current,True
26000,90218,new,False
26001,23435,current,False
26002,66519,new,True
26003,65167,new,False
26004,53353,new,False
26005,54917,new,True
26006,18367,current,False
26007,65825,new,True
26008,65868,new,False
26009,30526,current,False
26010,25040,current,False
26011,13524,current,False
26012,35640,current,False
26013,77056,new,False
26014,35577,current,False
26015,19395,current,False
26016,96315,new,False
26017,69134,new,True
26018,99067,new,False
26019,98209,new,True
26020,15798,current,False
26021,69569,new,False
26022,90161,new,True
26023,50256,new,True
26024,42826,current,False
26025,34988,current,False
26026,94495,new,False
26027,24641,current,False
26028,13172,current,True
26029,36221,current,True
26030,38023,current,False
26031,44093,current,False
26032,37417,current,False
26033,76542,new,True
26034,19243,current,False
26035,45758,current,True
26036,29472,current,False
26037,24743,current,False
26038,94368,new,True
26039,70953,new,True
26040,10077,current,True
26041,27220,current,True
26042,25044,current,True
26043,12371,current,True
26044,15684,current,False
26045,96364,new,False
26046,32879,current,False
26047,79609,new,True
26048,76648,new,True
26049,80480,new,False
26050,59143,new,True
26051,38540,current,True
26052,22244,current,False
26053,56068,new,True
26054,44991,current,False
26055,49274,current,True
26056,59570,new,True
26057,83521,new,False
26058,57747,new,False
26059,29122,current,False
26060,52063,new,False
26061,67187,new,True
26062,27535,current,False
26063,38973,current,True
26064,15969,current,False
26065,74872,new,False
26066,51786,new,True
26067,20185,current,False
26068,11469,current,False
26069,69167,new,True
26070,14138,current,False
26071,19721,current,False
26072,16548,current,True
26073,33316,current,False
26074,56397,new,True
26075,57716,new,False
26076,30951,current,True
26077,34846,current,True
26078,28886,current,True
26079,58535,new,True
26080,91554,new,False
26081,97509,new,False
26082,56350,new,False
26083,75828,new,True
26084,92785,new,False
26085,12389,current,False
26086,50026,new,True
26087,78685,new,True
26088,81195,new,False
26089,40765,current,False
26090,65510,new,True
26091,36359,current,False
26092,99321,new,False
26093,54973,new,False
26094,41164,current,False
26095,37032,current,True
26096,88174,new,True
26097,30602,current,True
26098,16568,current,True
26099,42581,current,False
26100,94851,new,True
26101,31940,current,False
26102,19758,current,False
26103,73783,new,True
26104,99149,new,True
26105,38721,current,True
26106,68308,new,True
26107,21467,current,True
26108,20139,current,True
26109,31856,current,False
26110,11559,current,False
26111,47520,current,False
26112,84928,new,False
26113,18905,current,False
26114,80766,new,True
26115,24894,current,False
26116,82818,new,False
26117,77060,new,False
26118,15474,current,True
26119,27876,current,False
26120,78207,new,True
26121,96838,new,False
26122,84794,new,True
26123,73354,new,True
26124,25003,current,False
26125,92683,new,False
26126,66364,new,True
26127,92641,new,False
26128,15198,current,False
26129,79057,new,False
26130,44663,current,True
26131,72632,new,False
26132,55556,new,False
26133,87165,new,False
26134,36111,current,False
26135,29048,current,True
26136,39257,current,False
26137,42675,current,False
26138,94733,new,True
26139,18991,current,False
26140,98429,new,True
26141,18440,current,False
26142,59657,new,True
26143,58489,new,True
26144,87642,new,False
26145,55991,new,True
26146,47688,current,False
26147,74356,new,False
26148,89929,new,False
26149,96597,new,True
26150,27367,current,False
26151,21658,current,False
26152,21508,current,False
26153,56845,new,False
26154,70072,new,False
26155,41548,current,False
26156,37387,current,True
26157,40362,current,False
26158,64924,new,True
26159,24569,current,False
26160,48028,current,False
26161,70898,new,True
26162,45754,current,False
26163,38712,current,False
26164,90737,new,False
26165,18920,current,True
26166,66301,new,False
26167,80144,new,True
26168,16999,current,False
26169,34173,current,False
26170,64307,new,False
26171,17322,current,False
26172,50226,new,False
26173,74682,new,False
26174,31200,current,False
26175,60936,new,False
26176,69891,new,False
26177,43110,current,False
26178,89494,new,False
26179,15429,current,False
26180,67074,new,False
26181,39496,current,False
26182,98788,new,True
26183,92638,new,False
26184,78396,new,True
26185,41372,current,False
26186,93332,new,True
26187,62914,new,False
26188,20506,current,False
26189,11242,current,False
26190,51527,new,True
26191,87727,new,False
26192,43466,current,False
26193,29921,current,False
26194,31438,current,True
26195,14068,current,False
26196,84898,new,True
26197,63388,new,False
26198,39488,current,True
26199,47436,current,True
26200,17913,current,False
26201,73599,new,False
26202,84467,new,False
26203,37072,current,False
26204,81142,new,False
26205,77693,new,False
26206,42200,current,False
26207,51479,new,True
26208,59773,new,True
26209,66758,new,True
26210,67793,new,False
26211,81304,new,False
26212,12746,current,False
26213,78009,new,True
26214,29059,current,False
26215,59187,new,True
26216,34345,current,True
26217,39267,current,False
26218,38528,current,False
26219,37199,current,False
26220,46633,current,False
26221,34282,current,True
26222,11770,current,False
26223,12735,current,False
26224,96004,new,False
26225,85670,new,True
26226,21915,current,False
26227,76138,new,True
26228,56047,new,True
26229,12966,current,True
26230,25806,current,False
26231,66227,new,False
26232,18137,current,False
26233,33538,current,True
26234,69444,new,False
26235,98629,new,True
26236,16948,current,False
26237,47723,current,True
26238,95855,new,False
26239,80024,new,False
26240,36396,current,False
26241,44152,current,False
26242,68794,new,False
26243,97085,new,True
26244,21280,current,False
26245,42486,current,False
26246,94011,new,True
26247,99330,new,False
26248,44009,current,False
26249,91219,new,False
26250,63983,new,False
26251,58274,new,False
26252,80060,new,False
26253,57537,new,False
26254,45708,current,False
26255,76865,new,True
26256,48282,current,False
26257,34592,current,True
26258,74203,new,True
26259,48501,current,True
26260,66155,new,False
26261,51033,new,False
26262,74249,new,False
26263,29372,current,False
26264,29177,current,False
26265,26108,current,False
26266,72434,new,False
26267,19416,current,False
26268,10992,current,False
26269,37298,current,False
26270,33912,current,False
26271,58605,new,True
26272,61694,new,False
26273,35627,current,False
26274,12083,current,True
26275,41571,current,False
26276,55423,new,False
26277,69248,new,True
26278,82772,new,True
26279,17324,current,False
26280,78453,new,False
26281,25109,current,False
26282,29491,current,False
26283,66162,new,False
26284,81294,new,False
26285,83783,new,True
26286,27353,current,False
26287,44923,current,False
26288,65541,new,False
26289,80201,new,False
26290,47809,current,True
26291,93996,new,True
26292,29161,current,False
26293,25109,current,False
26294,82460,new,True
26295,26913,current,False
26296,21761,current,False
26297,35402,current,False
26298,41086,current,True
26299,21448,current,False
26300,72051,new,True
26301,15464,current,False
26302,56797,new,False
26303,66810,new,False
26304,38246,current,False
26305,98307,new,False
26306,86173,new,False
26307,33832,current,False
26308,56008,new,False
26309,67857,new,False
26310,44113,current,False
26311,21701,current,False
26312,45536,current,True
26313,80231,new,False
26314,14993,current,False
26315,79728,new,False
26316,54894,new,True
26317,13799,current,False
26318,22730,current,False
26319,71700,new,True
26320,23870,current,True
26321,59489,new,True
26322,98093,new,False
26323,98908,new,False
26324,57182,new,True
26325,72359,new,False
26326,72610,new,True
26327,71297,new,True
26328,76832,new,False
26329,69564,new,True
26330,30063,current,True
26331,56831,new,False
26332,18782,current,False
26333,33332,current,False
26334,32224,current,False
26335,16615,current,False
26336,47314,current,False
26337,34365,current,True
26338,64296,new,True
26339,13955,current,True
26340,27701,current,False
26341,61982,new,True
26342,96285,new,False
26343,48722,current,False
26344,45254,current,True
26345,69884,new,False
26346,58066,new,True
26347,79838,new,False
26348,72309,new,True
26349,46944,current,True
26350,59000,new,True
26351,53587,new,True
26352,92719,new,True
26353,72927,new,False
26354,47840,current,False
26355,97662,new,True
26356,24316,current,False
26357,40073,current,False
26358,44125,current,True
26359,59973,new,True
26360,27635,current,True
26361,74156,new,True
26362,73728,new,False
26363,76701,new,False
26364,20612,current,True
26365,18710,current,False
26366,71200,new,False
26367,31242,current,True
26368,53416,new,False
26369,35342,current,True
26370,98014,new,True
26371,45945,current,True
26372,34519,current,False
26373,49662,current,True
26374,96831,new,False
26375,48352,current,False
26376,36320,current,False
26377,38884,current,True
26378,13513,current,False
26379,36016,current,False
26380,26911,current,False
26381,38017,current,False
26382,85903,new,False
26383,54089,new,True
26384,82067,new,False
26385,21516,current,False
26386,74407,new,True
26387,84100,new,True
26388,21222,current,False
26389,33745,current,False
26390,71080,new,True
26391,44845,current,False
26392,18798,current,False
26393,38058,current,False
26394,20631,current,True
26395,51663,new,True
26396,28008,current,False
26397,57341,new,True
26398,17151,current,False
26399,15997,current,True
26400,78306,new,True
26401,49272,current,False
26402,67144,new,False
26403,56545,new,False
26404,89112,new,False
26405,73798,new,False
26406,65323,new,True
26407,17549,current,True
26408,33186,current,True
26409,84798,new,False
26410,83159,new,False
26411,53686,new,False
26412,73764,new,False
26413,30241,current,False
26414,51357,new,False
26415,39530,current,False
26416,68062,new,True
26417,44513,current,True
26418,38535,current,False
26419,49623,current,True
26420,83747,new,False
26421,53056,new,True
26422,34862,current,False
26423,45951,current,False
26424,24132,current,False
26425,38885,current,True
26426,42756,current,False
26427,57709,new,True
26428,18849,current,True
26429,16960,current,True
26430,16870,current,False
26431,61026,new,True
26432,17476,current,False
26433,74717,new,False
26434,73072,new,False
26435,30794,current,False
26436,56849,new,False
26437,19519,current,False
26438,83287,new,False
26439,38552,current,False
26440,61223,new,True
26441,87378,new,True
26442,20899,current,True
26443,87216,new,True
26444,75551,new,False
26445,60000,new,False
26446,49906,current,True
26447,21701,current,True
26448,86316,new,True
26449,93400,new,False
26450,22184,current,False
26451,12128,current,False
26452,24474,current,True
26453,68657,new,True
26454,28212,current,False
26455,74016,new,True
26456,10872,current,False
26457,43567,current,False
26458,96298,new,False
26459,21524,current,False
26460,75396,new,True
26461,97280,new,False
26462,66328,new,True
26463,27405,current,False
26464,22054,current,False
26465,49426,current,False
26466,53817,new,True
26467,10043,current,False
26468,56677,new,False
26469,21008,current,False
26470,51657,new,True
26471,42850,current,True
26472,72805,new,True
26473,57735,new,False
26474,22700,current,False
26475,38778,current,False
26476,63080,new,False
26477,81144,new,True
26478,89722,new,False
26479,30162,current,False
26480,93658,new,True
26481,69194,new,False
26482,73688,new,False
26483,93161,new,False
26484,90843,new,True
26485,40444,current,False
26486,43648,current,False
26487,20206,current,False
26488,71922,new,False
26489,11947,current,False
26490,60340,new,True
26491,67263,new,True
26492,25900,current,True
26493,18511,current,False
26494,56165,new,False
26495,58631,new,True
26496,16710,current,False
26497,30777,current,True
26498,59999,new,False
26499,67841,new,True
26500,74598,new,False
26501,25936,current,False
26502,28170,current,False
26503,69965,new,False
26504,57047,new,False
26505,78728,new,False
26506,59738,new,True
26507,49171,current,False
26508,44837,current,False
26509,74282,new,False
26510,70237,new,True
26511,57729,new,False
26512,28700,current,False
26513,99071,new,True
26514,32001,current,True
26515,23288,current,True
26516,43033,current,False
26517,66917,new,False
26518,85059,new,True
26519,53163,new,False
26520,61031,new,True
26521,61450,new,False
26522,47109,current,True
26523,69276,new,True
26524,91451,new,False
26525,99300,new,False
26526,47260,current,True
26527,42214,current,True
26528,17774,current,False
26529,51180,new,True
26530,77215,new,False
26531,48536,current,True
26532,41226,current,False
26533,71442,new,False
26534,59576,new,False
26535,68748,new,True
26536,62934,new,True
26537,55111,new,False
26538,93933,new,True
26539,24938,current,False
26540,46252,current,True
26541,45165,current,False
26542,24827,current,False
26543,55064,new,True
26544,98077,new,False
26545,16619,current,False
26546,25000,current,False
26547,20527,current,False
26548,77242,new,False
26549,90571,new,False
26550,45980,current,True
26551,62732,new,False
26552,15947,current,True
26553,42433,current,False
26554,97129,new,False
26555,89166,new,True
26556,77159,new,False
26557,62337,new,False
26558,84691,new,True
26559,44851,current,False
26560,20505,current,False
26561,26046,current,False
26562,34609,current,True
26563,47894,current,True
26564,70833,new,True
26565,47942,current,False
26566,95265,new,False
26567,65837,new,True
26568,72399,new,True
26569,98244,new,False
26570,18870,current,True
26571,30478,current,True
26572,11420,current,False
26573,51641,new,True
26574,67411,new,True
26575,78629,new,False
26576,89362,new,False
26577,48575,current,False
26578,24888,current,False
26579,12016,current,False
26580,38995,current,False
26581,99146,new,False
26582,21698,current,True
26583,26508,current,False
26584,83043,new,True
26585,68205,new,True
26586,21975,current,True
26587,21983,current,False
26588,13510,current,False
26589,34679,current,True
26590,71159,new,False
26591,81693,new,True
26592,48222,current,False
26593,13124,current,False
26594,15073,current,True
26595,26884,current,False
26596,13859,current,True
26597,95573,new,False
26598,99509,new,True
26599,15176,current,False
26600,47554,current,False
26601,30405,current,False
26602,45570,current,False
26603,47456,current,False
26604,25465,current,False
26605,52914,new,False
26606,12960,current,False
26607,21315,current,False
26608,58880,new,False
26609,87036,new,False
26610,97953,new,False
26611,86656,new,True
26612,28788,current,True
26613,72587,new,False
26614,53880,new,False
26615,21450,current,False
26616,32639,current,False
26617,62438,new,False
26618,26015,current,False
26619,74558,new,True
26620,30957,current,False
26621,48300,current,False
26622,29468,current,False
26623,36873,current,False
26624,36249,current,False
26625,69227,new,True
26626,31162,current,False
26627,34367,current,False
26628,79947,new,True
26629,53214,new,True
26630,31978,current,True
26631,75763,new,True
26632,89821,new,False
26633,41670,current,False
26634,72087,new,True
26635,34274,current,False
26636,31307,current,False
26637,94979,new,False
26638,11307,current,False
26639,56251,new,False
26640,14130,current,False
26641,24244,current,True
26642,57947,new,True
26643,47721,current,False
26644,30090,current,False
26645,80026,new,False
26646,96437,new,True
26647,30580,current,False
26648,58441,new,False
26649,56114,new,False
26650,74578,new,False
26651,52329,new,True
26652,31377,current,False
26653,89227,new,False
26654,57639,new,True
26655,46763,current,False
26656,55484,new,False
26657,18021,current,False
26658,68169,new,False
26659,43765,current,False
26660,94202,new,True
26661,21772,current,False
26662,77776,new,True
26663,29957,current,True
26664,39073,current,True
26665,43807,current,False
26666,32161,current,False
26667,47288,current,True
26668,34921,current,True
26669,24637,current,False
26670,38668,current,False
26671,18254,current,False
26672,27478,current,False
26673,10568,current,False
26674,85965,new,False
26675,47060,current,False
26676,46423,current,False
26677,17964,current,False
26678,99130,new,True
26679,70544,new,False
26680,33514,current,False
26681,80525,new,False
26682,51523,new,True
26683,42794,current,False
26684,26916,current,True
26685,49301,current,False
26686,69755,new,True
26687,91673,new,False
26688,40746,current,False
26689,56207,new,False
26690,17114,current,False
26691,97308,new,False
26692,82244,new,True
26693,36879,current,False
26694,69467,new,False
26695,19882,current,False
26696,55204,new,False
26697,16136,current,True
26698,98178,new,True
26699,40670,current,False
26700,37696,current,True
26701,40153,current,False
26702,80856,new,False
26703,36679,current,False
26704,76063,new,False
26705,44221,current,False
26706,95097,new,False
26707,94107,new,False
26708,83859,new,True
26709,37649,current,False
26710,96659,new,True
26711,83901,new,False
26712,37785,current,True
26713,58749,new,True
26714,13655,current,False
26715,15960,current,False
26716,93920,new,True
26717,40306,current,False
26718,44755,current,False
26719,74483,new,True
26720,95652,new,False
26721,11896,current,False
26722,48857,current,True
26723,41727,current,False
26724,47096,current,False
26725,99219,new,True
26726,95659,new,True
26727,34578,current,False
26728,54790,new,True
26729,37145,current,False
26730,75906,new,False
26731,61197,new,False
26732,89823,new,False
26733,39304,current,False
26734,83173,new,True
26735,66545,new,False
26736,80265,new,True
26737,19882,current,False
26738,97268,new,True
26739,40296,current,True
26740,36987,current,False
26741,28422,current,False
26742,27611,current,False
26743,90294,new,False
26744,66565,new,False
26745,41112,current,False
26746,83393,new,False
26747,23008,current,False
26748,45049,current,False
26749,52448,new,False
26750,16381,current,True
26751,66123,new,False
26752,94325,new,True
26753,20078,current,True
26754,92495,new,True
26755,74473,new,True
26756,34736,current,False
26757,27679,current,False
26758,62476,new,True
26759,15407,current,True
26760,37388,current,False
26761,10912,current,True
26762,62292,new,False
26763,13167,current,True
26764,85381,new,False
26765,92742,new,False
26766,17989,current,False
26767,45244,current,False
26768,10743,current,False
26769,55198,new,True
26770,68532,new,False
26771,25114,current,True
26772,21159,current,False
26773,20295,current,False
26774,23463,current,False
26775,83203,new,False
26776,46145,current,False
26777,77612,new,True
26778,61832,new,False
26779,79224,new,True
26780,38341,current,False
26781,50877,new,True
26782,18909,current,False
26783,13027,current,False
26784,33568,current,False
26785,24468,current,False
26786,49442,current,False
26787,31658,current,True
26788,29854,current,True
26789,45599,current,True
26790,71762,new,False
26791,90525,new,False
26792,87277,new,True
26793,62852,new,False
26794,93577,new,False
26795,41988,current,False
26796,19469,current,False
26797,88380,new,False
26798,22263,current,False
26799,27670,current,True
26800,38615,current,False
26801,12895,current,True
26802,32489,current,False
26803,32117,current,False
26804,32205,current,True
26805,78657,new,False
26806,90350,new,True
26807,47453,current,False
26808,38379,current,False
26809,13842,current,False
26810,27101,current,False
26811,71715,new,True
26812,84297,new,True
26813,48401,current,False
26814,16750,current,False
26815,66764,new,False
26816,96819,new,True
26817,37893,current,True
26818,59562,new,True
26819,58530,new,False
26820,46469,current,False
26821,47038,current,False
26822,24818,current,False
26823,17120,current,True
26824,51936,new,True
26825,37608,current,False
26826,10764,current,True
26827,46614,current,False
26828,32467,current,False
26829,61099,new,True
26830,94521,new,False
26831,44194,current,False
26832,18380,current,False
26833,91059,new,False
26834,68397,new,True
26835,45217,current,False
26836,49892,current,True
26837,62789,new,False
26838,86709,new,False
26839,66532,new,True
26840,70308,new,True
26841,81263,new,False
26842,46572,current,False
26843,63608,new,False
26844,34955,current,False
26845,75328,new,True
26846,34821,current,False
26847,10311,current,False
26848,18961,current,True
26849,97676,new,False
26850,92437,new,True
26851,90379,new,False
26852,31572,current,False
26853,32035,current,False
26854,71405,new,True
26855,20017,current,False
26856,76405,new,False
26857,34244,current,False
26858,28723,current,False
26859,74988,new,True
26860,58907,new,False
26861,91620,new,False
26862,34510,current,False
26863,97956,new,True
26864,94563,new,False
26865,63662,new,True
26866,47562,current,True
26867,69148,new,True
26868,84406,new,False
26869,45327,current,False
26870,54443,new,False
26871,18482,current,False
26872,83812,new,True
26873,23938,current,False
26874,12712,current,True
26875,17956,current,False
26876,20850,current,False
26877,36803,current,False
26878,14087,current,False
26879,45665,current,False
26880,42821,current,False
26881,12523,current,True
26882,15583,current,False
26883,35042,current,False
26884,64664,new,True
26885,80892,new,True
26886,65486,new,False
26887,18898,current,False
26888,55888,new,False
26889,61307,new,False
26890,88088,new,False
26891,20734,current,True
26892,56927,new,False
26893,30139,current,False
26894,15207,current,False
26895,41303,current,False
26896,33198,current,False
26897,42138,current,False
26898,91404,new,False
26899,36069,current,True
26900,67661,new,True
26901,28082,current,False
26902,75151,new,True
26903,64591,new,False
26904,28461,current,False
26905,21184,current,False
26906,33504,current,False
26907,65189,new,True
26908,13664,current,False
26909,12596,current,False
26910,10135,current,False
26911,59620,new,False
26912,21827,current,True
26913,94132,new,False
26914,59894,new,False
26915,38546,current,False
26916,76829,new,True
26917,24982,current,False
26918,80771,new,True
26919,91403,new,True
26920,89008,new,False
26921,58771,new,False
26922,48724,current,True
26923,85436,new,False
26924,64059,new,True
26925,12349,current,False
26926,70518,new,False
26927,32079,current,False
26928,43545,current,True
26929,37142,current,False
26930,26313,current,False
26931,24846,current,True
26932,46984,current,False
26933,99439,new,False
26934,81767,new,False
26935,33077,current,False
26936,64567,new,False
26937,37030,current,False
26938,92676,new,False
26939,61965,new,True
26940,79736,new,True
26941,60719,new,False
26942,78892,new,False
26943,75778,new,False
26944,68435,new,False
26945,88110,new,True
26946,42921,current,True
26947,76732,new,True
26948,25521,current,True
26949,89777,new,True
26950,51379,new,True
26951,23254,current,False
26952,26551,current,True
26953,45327,current,False
26954,74489,new,False
26955,51380,new,False
26956,59313,new,False
26957,56607,new,False
26958,42917,current,True
26959,10241,current,True
26960,11386,current,False
26961,60187,new,False
26962,92367,new,True
26963,17725,current,True
26964,39061,current,False
26965,80534,new,True
26966,45603,current,False
26967,38219,current,True
26968,66567,new,True
26969,70688,new,True
26970,49198,current,False
26971,11399,current,False
26972,31229,current,False
26973,31377,current,False
26974,84449,new,False
26975,33985,current,True
26976,93123,new,False
26977,33971,current,False
26978,46172,current,False
26979,94081,new,False
26980,19682,current,False
26981,96601,new,False
26982,28100,current,False
26983,68455,new,False
26984,81914,new,False
26985,23161,current,False
26986,56873,new,True
26987,98231,new,True
26988,62503,new,False
26989,76136,new,False
26990,97016,new,True
26991,48688,current,False
26992,99636,new,False
26993,94579,new,False
26994,18021,current,False
26995,82537,new,False
26996,64337,new,False
26997,36431,current,True
26998,80733,new,False
26999,29853,current,True
27000,92133,new,False
27001,15379,current,True
27002,70265,new,False
27003,13812,current,False
27004,29903,current,False
27005,47374,current,False
27006,95931,new,False
27007,27218,current,False
27008,75192,new,True
27009,68048,new,False
27010,95198,new,False
27011,79588,new,True
27012,83619,new,True
27013,96389,new,True
27014,21079,current,True
27015,57971,new,False
27016,98209,new,False
27017,25660,current,False
27018,94004,new,False
27019,25771,current,False
27020,13180,current,False
27021,11193,current,False
27022,90361,new,True
27023,55757,new,False
27024,28649,current,True
27025,83732,new,True
27026,11734,current,True
27027,62813,new,False
27028,76489,new,True
27029,75338,new,False
27030,81744,new,False
27031,83992,new,False
27032,51072,new,False
27033,54370,new,False
27034,28869,current,False
27035,17334,current,False
27036,43030,current,False
27037,88927,new,False
27038,93439,new,False
27039,17879,current,False
27040,10348,current,False
27041,91763,new,False
27042,88489,new,True
27043,82474,new,True
27044,54761,new,True
27045,81273,new,True
27046,51032,new,False
27047,11433,current,False
27048,30616,current,True
27049,85390,new,False
27050,14026,current,False
27051,91874,new,False
27052,27415,current,True
27053,79588,new,False
27054,92424,new,False
27055,34926,current,False
27056,44642,current,True
27057,91547,new,True
27058,49976,current,False
27059,31848,current,False
27060,31046,current,True
27061,74710,new,True
27062,97628,new,True
27063,56812,new,False
27064,23687,current,False
27065,46093,current,False
27066,42857,current,False
27067,70702,new,False
27068,91202,new,False
27069,52173,new,True
27070,14214,current,True
27071,65559,new,True
27072,41266,current,True
27073,36589,current,False
27074,93332,new,True
27075,72823,new,False
27076,41448,current,True
27077,19288,current,False
27078,65778,new,False
27079,37528,current,False
27080,93541,new,False
27081,10888,current,False
27082,42731,current,False
27083,10050,current,False
27084,30384,current,False
27085,72484,new,False
27086,29020,current,False
27087,18441,current,False
27088,44980,current,False
27089,29949,current,False
27090,42073,current,True
27091,56172,new,True
27092,76549,new,False
27093,32330,current,False
27094,88531,new,False
27095,71962,new,True
27096,15285,current,False
27097,35046,current,True
27098,67990,new,False
27099,87518,new,True
27100,57957,new,True
27101,95257,new,True
27102,29827,current,False
27103,96800,new,False
27104,94860,new,True
27105,61106,new,False
27106,50218,new,False
27107,49089,current,False
27108,36866,current,True
27109,88261,new,True
27110,40874,current,False
27111,32999,current,False
27112,66054,new,False
27113,44238,current,False
27114,16847,current,False
27115,75929,new,True
27116,20163,current,True
27117,62621,new,False
27118,83475,new,False
27119,52896,new,True
27120,37667,current,True
27121,45618,current,False
27122,35916,current,True
27123,93313,new,False
27124,36149,current,False
27125,96985,new,False
27126,21195,current,False
27127,48446,current,False
27128,35861,current,False
27129,99847,new,False
27130,37365,current,False
27131,65736,new,True
27132,32135,current,True
27133,32138,current,False
27134,55141,new,False
27135,66938,new,False
27136,52794,new,False
27137,80847,new,True
27138,51908,new,True
27139,87074,new,False
27140,95130,new,True
27141,63031,new,False
27142,31615,current,False
27143,75964,new,False
27144,55754,new,False
27145,43472,current,False
27146,63242,new,False
27147,13405,current,False
27148,52403,new,False
27149,81039,new,False
27150,92203,new,False
27151,10315,current,False
27152,87473,new,False
27153,70136,new,False
27154,49140,current,False
27155,12040,current,False
27156,38080,current,True
27157,48014,current,False
27158,71945,new,False
27159,14966,current,False
27160,13087,current,False
27161,64406,new,False
27162,65704,new,False
27163,54355,new,False
27164,14861,current,False
27165,49291,current,False
27166,58002,new,True
27167,87657,new,False
27168,69352,new,False
27169,74130,new,False
27170,30394,current,False
27171,54766,new,False
27172,95894,new,False
27173,20160,current,False
27174,70456,new,False
27175,74454,new,False
27176,51375,new,True
27177,87666,new,True
27178,29475,current,False
27179,79006,new,False
27180,26705,current,False
27181,29546,current,False
27182,97355,new,False
27183,84962,new,True
27184,88900,new,False
27185,90363,new,False
27186,53310,new,False
27187,19072,current,False
27188,99878,new,False
27189,26319,current,False
27190,54788,new,False
27191,10823,current,True
27192,74467,new,True
27193,69615,new,False
27194,64455,new,False
27195,55713,new,True
27196,16895,current,True
27197,76914,new,False
27198,94729,new,False
27199,24111,current,False
27200,79076,new,False
27201,61727,new,False
27202,29131,current,True
27203,43770,current,True
27204,53562,new,False
27205,92651,new,False
27206,12672,current,False
27207,87672,new,True
27208,85494,new,False
27209,81540,new,True
27210,32701,current,False
27211,20286,current,True
27212,63598,new,False
27213,70981,new,False
27214,51849,new,False
27215,76969,new,False
27216,27819,current,True
27217,90350,new,True
27218,56696,new,False
27219,71606,new,True
27220,53513,new,False
27221,61351,new,False
27222,36931,current,False
27223,53056,new,False
27224,15298,current,False
27225,47098,current,False
27226,79136,new,True
27227,25060,current,False
27228,33821,current,False
27229,50775,new,True
27230,89015,new,False
27231,46018,current,False
27232,24791,current,False
27233,68747,new,True
27234,29417,current,False
27235,22721,current,False
27236,14798,current,False
27237,87020,new,False
27238,22460,current,False
27239,77494,new,True
27240,82045,new,True
27241,46629,current,True
27242,21145,current,False
27243,39899,current,False
27244,11590,current,False
27245,27309,current,True
27246,99728,new,True
27247,23417,current,False
27248,44463,current,False
27249,89887,new,True
27250,28899,current,False
27251,35801,current,True
27252,61983,new,False
27253,21329,current,False
27254,77183,new,False
27255,33575,current,False
27256,53368,new,True
27257,38742,current,True
27258,53857,new,False
27259,32161,current,True
27260,90264,new,True
27261,42780,current,False
27262,18073,current,False
27263,66799,new,True
27264,88712,new,False
27265,52475,new,True
27266,98613,new,True
27267,98816,new,True
27268,71254,new,True
27269,75602,new,False
27270,46873,current,False
27271,39394,current,False
27272,51781,new,False
27273,86370,new,True
27274,63698,new,False
27275,30107,current,False
27276,55641,new,True
27277,52170,new,False
27278,86253,new,True
27279,14601,current,True
27280,34857,current,False
27281,96031,new,False
27282,90087,new,True
27283,62889,new,True
27284,87281,new,False
27285,94149,new,False
27286,65579,new,True
27287,19934,current,False
27288,67115,new,False
27289,52764,new,False
27290,81014,new,False
27291,55408,new,True
27292,39800,current,False
27293,32757,current,True
27294,42323,current,False
27295,81003,new,False
27296,88681,new,True
27297,48212,current,False
27298,77897,new,False
27299,41986,current,False
27300,34087,current,False
27301,71764,new,False
27302,29632,current,False
27303,55510,new,False
27304,43395,current,False
27305,69697,new,False
27306,57617,new,True
27307,59638,new,False
27308,23096,current,False
27309,63320,new,False
27310,71791,new,True
27311,70617,new,False
27312,98083,new,True
27313,84634,new,True
27314,41658,current,True
27315,19607,current,False
27316,46965,current,False
27317,33118,current,False
27318,68210,new,False
27319,38965,current,False
27320,66030,new,False
27321,73572,new,True
27322,55544,new,False
27323,62691,new,False
27324,81064,new,False
27325,32162,current,False
27326,22482,current,False
27327,88347,new,False
27328,64910,new,False
27329,25563,current,False
27330,94683,new,True
27331,81710,new,True
27332,57270,new,True
27333,46379,current,False
27334,96082,new,False
27335,89544,new,True
27336,41331,current,False
27337,39130,current,False
27338,33344,current,False
27339,53753,new,True
27340,56629,new,False
27341,56267,new,False
27342,31736,current,True
27343,89474,new,True
27344,40165,current,True
27345,89022,new,False
27346,19014,current,False
27347,47012,current,True
27348,90738,new,True
27349,46501,current,False
27350,58151,new,False
27351,21958,current,False
27352,20930,current,True
27353,63779,new,False
27354,32413,current,False
27355,26574,current,False
27356,48151,current,True
27357,54181,new,False
27358,45036,current,False
27359,18666,current,False
27360,64751,new,True
27361,95289,new,False
27362,71549,new,False
27363,61585,new,False
27364,18624,current,False
27365,80470,new,False
27366,23668,current,False
27367,33531,current,True
27368,32192,current,True
27369,52989,new,False
27370,56053,new,False
27371,10684,current,True
27372,86672,new,False
27373,59640,new,True
27374,80228,new,True
27375,34877,current,False
27376,19124,current,False
27377,46547,current,False
27378,39515,current,False
27379,99722,new,True
27380,91370,new,True
27381,97081,new,True
27382,21119,current,False
27383,10018,current,True
27384,97539,new,False
27385,15731,current,False
27386,23611,current,False
27387,56796,new,False
27388,48413,current,False
27389,90063,new,False
27390,39618,current,False
27391,90333,new,True
27392,97030,new,False
27393,53719,new,False
27394,93145,new,False
27395,22825,current,False
27396,78708,new,True
27397,67577,new,False
27398,45787,current,True
27399,70656,new,True
27400,44787,current,True
27401,44731,current,False
27402,30047,current,False
27403,26138,current,True
27404,68550,new,False
27405,88128,new,True
27406,87327,new,False
27407,27213,current,True
27408,96351,new,True
27409,57659,new,False
27410,38070,current,False
27411,33162,current,False
27412,89868,new,True
27413,15417,current,True
27414,81384,new,False
27415,47953,current,False
27416,71073,new,True
27417,84381,new,True
27418,58715,new,False
27419,42758,current,False
27420,16503,current,False
27421,28069,current,False
27422,30947,current,False
27423,34542,current,True
27424,13315,current,True
27425,40890,current,False
27426,41676,current,True
27427,65420,new,False
27428,23317,current,False
27429,82826,new,False
27430,48193,current,False
27431,15667,current,False
27432,67394,new,False
27433,19394,current,False
27434,64145,new,False
27435,24292,current,False
27436,26389,current,False
27437,76313,new,True
27438,47874,current,False
27439,88042,new,False
27440,32200,current,False
27441,89950,new,False
27442,23420,current,False
27443,77880,new,False
27444,78587,new,False
27445,62960,new,True
27446,79325,new,True
27447,36327,current,False
27448,29052,current,True
27449,76580,new,True
27450,60870,new,False
27451,45480,current,False
27452,56971,new,False
27453,77778,new,False
27454,55771,new,True
27455,81939,new,False
27456,95836,new,True
27457,33539,current,False
27458,33662,current,False
27459,86288,new,True
27460,72487,new,True
27461,79583,new,True
27462,10682,current,False
27463,93131,new,True
27464,31977,current,False
27465,20516,current,False
27466,10393,current,False
27467,58709,new,True
27468,98716,new,True
27469,70013,new,False
27470,12776,current,True
27471,66401,new,False
27472,17681,current,True
27473,65540,new,True
27474,27618,current,False
27475,22671,current,False
27476,36909,current,False
27477,13491,current,False
27478,12622,current,False
27479,42065,current,False
27480,14481,current,False
27481,38711,current,False
27482,20146,current,True
27483,37653,current,True
27484,32379,current,False
27485,41651,current,False
27486,39523,current,False
27487,67228,new,True
27488,82111,new,True
27489,10021,current,False
27490,91090,new,False
27491,71964,new,False
27492,97032,new,True
27493,31499,current,False
27494,36769,current,False
27495,20922,current,False
27496,57756,new,False
27497,39827,current,True
27498,71791,new,False
27499,56306,new,False
27500,22763,current,False
27501,52517,new,True
27502,39627,current,True
27503,34276,current,False
27504,36245,current,False
27505,62212,new,True
27506,41571,current,True
27507,21752,current,False
27508,86578,new,False
27509,98210,new,True
27510,40466,current,False
27511,68837,new,False
27512,42311,current,False
27513,95183,new,False
27514,27058,current,False
27515,28281,current,False
27516,32859,current,False
27517,65944,new,True
27518,80082,new,True
27519,27196,current,False
27520,79296,new,False
27521,87357,new,False
27522,82128,new,False
27523,11653,current,False
27524,64066,new,True
27525,94580,new,True
27526,46927,current,True
27527,45935,current,False
27528,13651,current,True
27529,62423,new,False
27530,21190,current,False
27531,19670,current,False
27532,13396,current,False
27533,51944,new,False
27534,81420,new,True
27535,32890,current,False
27536,89962,new,False
27537,12818,current,False
27538,99885,new,False
27539,25827,current,False
27540,27803,current,True
27541,72326,new,False
27542,60397,new,False
27543,54467,new,False
27544,60425,new,True
27545,25791,current,True
27546,68876,new,False
27547,41089,current,False
27548,70855,new,True
27549,63341,new,False
27550,21674,current,False
27551,45156,current,False
27552,17332,current,False
27553,87775,new,False
27554,76582,new,True
27555,38036,current,False
27556,15857,current,False
27557,23812,current,True
27558,63926,new,True
27559,43089,current,False
27560,77520,new,False
27561,19676,current,True
27562,13249,current,False
27563,79530,new,False
27564,68950,new,True
27565,35384,current,False
27566,28423,current,False
27567,42376,current,True
27568,84955,new,False
27569,72111,new,False
27570,23343,current,True
27571,72330,new,True
27572,59597,new,False
27573,88780,new,False
27574,69279,new,False
27575,26180,current,False
27576,29050,current,False
27577,65261,new,True
27578,44156,current,False
27579,62713,new,True
27580,25646,current,False
27581,60374,new,False
27582,57713,new,False
27583,13333,current,True
27584,87128,new,False
27585,17967,current,False
27586,44120,current,False
27587,29431,current,True
27588,87178,new,False
27589,25508,current,True
27590,85223,new,False
27591,98010,new,False
27592,44549,current,True
27593,55952,new,True
27594,42504,current,True
27595,40443,current,False
27596,76501,new,True
27597,90741,new,True
27598,19580,current,False
27599,65779,new,False
27600,78612,new,True
27601,94251,new,True
27602,87879,new,False
27603,16408,current,False
27604,42035,current,False
27605,20683,current,False
27606,41113,current,False
27607,60440,new,False
27608,62215,new,True
27609,98301,new,False
27610,97458,new,False
27611,64759,new,True
27612,82551,new,False
27613,89512,new,False
27614,67201,new,False
27615,32099,current,True
27616,71325,new,True
27617,14719,current,False
27618,12884,current,False
27619,58116,new,False
27620,87726,new,False
27621,14865,current,False
27622,77731,new,True
27623,55932,new,False
27624,99723,new,True
27625,86579,new,True
27626,48125,current,False
27627,75670,new,False
27628,79579,new,True
27629,38474,current,False
27630,57348,new,True
27631,95946,new,False
27632,51392,new,False
27633,66848,new,False
27634,31520,current,True
27635,31942,current,False
27636,29895,current,False
27637,39437,current,False
27638,13165,current,False
27639,86479,new,False
27640,45391,current,True
27641,46498,current,True
27642,87810,new,False
27643,50842,new,False
27644,51316,new,False
27645,12125,current,False
27646,16733,current,False
27647,59265,new,False
27648,50620,new,False
27649,50354,new,True
27650,42470,current,False
27651,11023,current,True
27652,72673,new,False
27653,30551,current,True
27654,25569,current,False
27655,89665,new,False
27656,95267,new,False
27657,46050,current,False
27658,70694,new,True
27659,33036,current,True
27660,55291,new,False
27661,15235,current,True
27662,67161,new,False
27663,83144,new,True
27664,88984,new,True
27665,63143,new,True
27666,40902,current,True
27667,87563,new,True
27668,61357,new,False
27669,63151,new,False
27670,98498,new,False
27671,43684,current,False
27672,17979,current,False
27673,72517,new,True
27674,14948,current,False
27675,32546,current,False
27676,44425,current,False
27677,92638,new,True
27678,36389,current,False
27679,73387,new,True
27680,33640,current,False
27681,31744,current,True
27682,22630,current,True
27683,19709,current,False
27684,58391,new,False
27685,37903,current,True
27686,71596,new,False
27687,49511,current,True
27688,73963,new,True
27689,53088,new,False
27690,48151,current,False
27691,21329,current,True
27692,37887,current,False
27693,32719,current,False
27694,77163,new,False
27695,29735,current,False
27696,45439,current,True
27697,63975,new,False
27698,26105,current,False
27699,22428,current,True
27700,68743,new,False
27701,57073,new,False
27702,22453,current,True
27703,45471,current,False
27704,92810,new,False
27705,31322,current,False
27706,64969,new,False
27707,99553,new,True
27708,53225,new,False
27709,59142,new,False
27710,76790,new,False
27711,19327,current,True
27712,40153,current,False
27713,21374,current,False
27714,35908,current,False
27715,52823,new,True
27716,35274,current,True
27717,99443,new,False
27718,91189,new,True
27719,83263,new,False
27720,80629,new,False
27721,17451,current,True
27722,46200,current,True
27723,69797,new,True
27724,97748,new,False
27725,30482,current,False
27726,29816,current,False
27727,42359,current,True
27728,34112,current,False
27729,70468,new,False
27730,88563,new,True
27731,43139,current,False
27732,74048,new,False
27733,12567,current,False
27734,36012,current,False
27735,36006,current,False
27736,81852,new,True
27737,15646,current,False
27738,77075,new,True
27739,31033,current,False
27740,11561,current,False
27741,54139,new,False
27742,48805,current,False
27743,45250,current,False
27744,41981,current,True
27745,48987,current,True
27746,92163,new,False
27747,86158,new,True
27748,55666,new,True
27749,49109,current,False
27750,88356,new,False
27751,43318,current,False
27752,38757,current,True
27753,41589,current,False
27754,10679,current,False
27755,33799,current,False
27756,24385,current,False
27757,66317,new,True
27758,93786,new,True
27759,99787,new,False
27760,66467,new,True
27761,54239,new,False
27762,87814,new,False
27763,47428,current,True
27764,88703,new,False
27765,54327,new,False
27766,69053,new,False
27767,65592,new,False
27768,70690,new,False
27769,47789,current,False
27770,70765,new,False
27771,49659,current,True
27772,89796,new,True
27773,56586,new,True
27774,59305,new,False
27775,39887,current,True
27776,58379,new,False
27777,81849,new,False
27778,95285,new,True
27779,23977,current,True
27780,81723,new,True
27781,16024,current,False
27782,57046,new,True
27783,28693,current,False
27784,95296,new,False
27785,48791,current,False
27786,75482,new,False
27787,18992,current,False
27788,10644,current,False
27789,17009,current,False
27790,93729,new,False
27791,47572,current,False
27792,42130,current,True
27793,73021,new,False
27794,90062,new,True
27795,29930,current,False
27796,21681,current,True
27797,79371,new,False
27798,31913,current,True
27799,29335,current,True
27800,85722,new,True
27801,56718,new,False
27802,90931,new,False
27803,28597,current,True
27804,12226,current,True
27805,20976,current,False
27806,36733,current,False
27807,71170,new,False
27808,16323,current,False
27809,11450,current,True
27810,83595,new,False
27811,59852,new,False
27812,51224,new,True
27813,75222,new,True
27814,34503,current,False
27815,73071,new,True
27816,28748,current,False
27817,71155,new,False
27818,68097,new,False
27819,55883,new,True
27820,20709,current,False
27821,32635,current,False
27822,15589,current,False
27823,30904,current,True
27824,25641,current,False
27825,23522,current,False
27826,44725,current,False
27827,46234,current,True
27828,59013,new,False
27829,20267,current,False
27830,73214,new,True
27831,72961,new,True
27832,26940,current,False
27833,89393,new,True
27834,94848,new,False
27835,18464,current,False
27836,63849,new,True
27837,43027,current,True
27838,42485,current,False
27839,16629,current,False
27840,57113,new,True
27841,53138,new,False
27842,54093,new,False
27843,11181,current,True
27844,89983,new,True
27845,61703,new,True
27846,79106,new,False
27847,36919,current,True
27848,22127,current,True
27849,47756,current,True
27850,55147,new,True
27851,79838,new,False
27852,26616,current,True
27853,41323,current,False
27854,13329,current,False
27855,72380,new,True
27856,41341,current,False
27857,65750,new,True
27858,61946,new,False
27859,71082,new,True
27860,23071,current,False
27861,66192,new,True
27862,15360,current,False
27863,42220,current,False
27864,99167,new,False
27865,41292,current,False
27866,89428,new,True
27867,10011,current,False
27868,35868,current,False
27869,73295,new,False
27870,27726,current,False
27871,81957,new,False
27872,11406,current,True
27873,50469,new,False
27874,25179,current,False
27875,35865,current,False
27876,12575,current,False
27877,21777,current,False
27878,14655,current,False
27879,34448,current,True
27880,15205,current,False
27881,18323,current,True
27882,14187,current,False
27883,69786,new,True
27884,46220,current,False
27885,95949,new,True
27886,44757,current,False
27887,42983,current,False
27888,25609,current,True
27889,20026,current,True
27890,71817,new,False
27891,82655,new,False
27892,86940,new,True
27893,49159,current,False
27894,75135,new,True
27895,12874,current,False
27896,11464,current,True
27897,42800,current,True
27898,92600,new,True
27899,87545,new,True
27900,12901,current,False
27901,23951,current,False
27902,89725,new,False
27903,97634,new,False
27904,63675,new,False
27905,29450,current,True
27906,18132,current,True
27907,75182,new,True
27908,79466,new,False
27909,38573,current,False
27910,97325,new,False
27911,87727,new,True
27912,51910,new,True
27913,49976,current,False
27914,84215,new,False
27915,79761,new,False
27916,41042,current,False
27917,77515,new,True
27918,39032,current,True
27919,25436,current,False
27920,88848,new,True
27921,78589,new,False
27922,70119,new,False
27923,66973,new,True
27924,76135,new,False
27925,27163,current,False
27926,78753,new,False
27927,78562,new,True
27928,39806,current,False
27929,65468,new,False
27930,29100,current,False
27931,31003,current,False
27932,75895,new,True
27933,33388,current,False
27934,11325,current,False
27935,19040,current,False
27936,60795,new,False
27937,14034,current,False
27938,38192,current,False
27939,19218,current,True
27940,92052,new,False
27941,81545,new,True
27942,58808,new,True
27943,27622,current,False
27944,33057,current,False
27945,11984,current,False
27946,80080,new,True
27947,53853,new,False
27948,94848,new,True
27949,73413,new,True
27950,63617,new,True
27951,17894,current,False
27952,36145,current,False
27953,51420,new,True
27954,52778,new,False
27955,16473,current,False
27956,16364,current,False
27957,50119,new,True
27958,98507,new,False
27959,32873,current,False
27960,49905,current,True
27961,41134,current,False
27962,58650,new,False
27963,51168,new,True
27964,24506,current,False
27965,20346,current,False
27966,67333,new,False
27967,79987,new,False
27968,21306,current,True
27969,51987,new,False
27970,84575,new,False
27971,47785,current,False
27972,54531,new,False
27973,21410,current,False
27974,14330,current,False
27975,23451,current,True
27976,10995,current,True
27977,71682,new,True
27978,32653,current,True
27979,41370,current,False
27980,43089,current,False
27981,55258,new,False
27982,69037,new,True
27983,14649,current,False
27984,68341,new,False
27985,17303,current,False
27986,16639,current,False
27987,92270,new,True
27988,85655,new,True
27989,49651,current,False
27990,96118,new,True
27991,85679,new,False
27992,28990,current,True
27993,84279,new,False
27994,73789,new,False
27995,42462,current,False
27996,26491,current,False
27997,30541,current,False
27998,72506,new,True
27999,33106,current,False
28000,61529,new,False
28001,74993,new,True
28002,63902,new,True
28003,90656,new,True
28004,32336,current,False
28005,69308,new,True
28006,47401,current,False
28007,25802,current,False
28008,11421,current,False
28009,52466,new,False
28010,88647,new,True
28011,65902,new,True
28012,63277,new,True
28013,85684,new,True
28014,88826,new,False
28015,57950,new,False
28016,99074,new,False
28017,29447,current,False
28018,25420,current,False
28019,75938,new,True
28020,47201,current,True
28021,23920,current,False
28022,38076,current,True
28023,93203,new,False
28024,24633,current,False
28025,63049,new,False
28026,79582,new,True
28027,60462,new,False
28028,20748,current,False
28029,12640,current,False
28030,84707,new,True
28031,58550,new,False
28032,34577,current,False
28033,57873,new,False
28034,81297,new,True
28035,28938,current,False
28036,16099,current,True
28037,97175,new,True
28038,16965,current,False
28039,29832,current,False
28040,36474,current,True
28041,30370,current,False
28042,24167,current,False
28043,38758,current,True
28044,71313,new,False
28045,14967,current,False
28046,25887,current,True
28047,17496,current,True
28048,78371,new,False
28049,35165,current,False
28050,79446,new,False
28051,22657,current,False
28052,16182,current,False
28053,34964,current,False
28054,41614,current,False
28055,13419,current,True
28056,99916,new,False
28057,99967,new,True
28058,27618,current,False
28059,41075,current,False
28060,50721,new,False
28061,49206,current,True
28062,12772,current,True
28063,61117,new,True
28064,12282,current,False
28065,49982,current,False
28066,27741,current,False
28067,91510,new,True
28068,51079,new,True
28069,10677,current,False
28070,15201,current,False
28071,47461,current,False
28072,65361,new,False
28073,19287,current,True
28074,78055,new,True
28075,47574,current,False
28076,42857,current,False
28077,51120,new,True
28078,12033,current,False
28079,35277,current,False
28080,26890,current,False
28081,32727,current,False
28082,22375,current,False
28083,87038,new,False
28084,81736,new,False
28085,17653,current,False
28086,13581,current,False
28087,66741,new,False
28088,17564,current,False
28089,35923,current,True
28090,19530,current,False
28091,76290,new,False
28092,36939,current,False
28093,54870,new,False
28094,57311,new,True
28095,91441,new,False
28096,60563,new,False
28097,38890,current,False
28098,72773,new,True
28099,68479,new,False
28100,20891,current,False
28101,33301,current,True
28102,59495,new,False
28103,78688,new,False
28104,97274,new,True
28105,23475,current,False
28106,96719,new,False
28107,49782,current,False
28108,30407,current,False
28109,51882,new,True
28110,14739,current,False
28111,53257,new,True
28112,96177,new,True
28113,81350,new,True
28114,74612,new,False
28115,15833,current,False
28116,10227,current,False
28117,38145,current,False
28118,50639,new,True
28119,76250,new,False
28120,71679,new,False
28121,92997,new,False
28122,45391,current,False
28123,21827,current,True
28124,51461,new,False
28125,61439,new,True
28126,94656,new,False
28127,79698,new,True
28128,61731,new,False
28129,37329,current,False
28130,10001,current,False
28131,51598,new,True
28132,93595,new,False
28133,81648,new,False
28134,35240,current,False
28135,78604,new,False
28136,11159,current,False
28137,51886,new,False
28138,44411,current,False
28139,11851,current,False
28140,96636,new,True
28141,39263,current,False
28142,64542,new,True
28143,47839,current,False
28144,40399,current,False
28145,78484,new,False
28146,77822,new,False
28147,49059,current,False
28148,40073,current,True
28149,40978,current,False
28150,18013,current,True
28151,72733,new,True
28152,57691,new,False
28153,14839,current,True
28154,16968,current,False
28155,39695,current,True
28156,38788,current,False
28157,69273,new,True
28158,41968,current,False
28159,66268,new,False
28160,94650,new,False
28161,89304,new,False
28162,32075,current,False
28163,91346,new,False
28164,50420,new,False
28165,12439,current,False
28166,32044,current,False
28167,46557,current,False
28168,57288,new,False
28169,94369,new,True
28170,35685,current,False
28171,33254,current,False
28172,83361,new,False
28173,44617,current,False
28174,18295,current,True
28175,80766,new,True
28176,44581,current,False
28177,99860,new,True
28178,95796,new,True
28179,29787,current,False
28180,12939,current,True
28181,52339,new,True
28182,78216,new,True
28183,15351,current,True
28184,94208,new,True
28185,22769,current,False
28186,37173,current,False
28187,42409,current,False
28188,12071,current,False
28189,20672,current,False
28190,70735,new,True
28191,71257,new,False
28192,44348,current,False
28193,38225,current,False
28194,16006,current,False
28195,19114,current,False
28196,82744,new,True
28197,49625,current,False
28198,10112,current,False
28199,24280,current,False
28200,16117,current,True
28201,29542,current,False
28202,71611,new,True
28203,74080,new,True
28204,75521,new,True
28205,35580,current,False
28206,23413,current,True
28207,18515,current,False
28208,31268,current,False
28209,89514,new,False
28210,54445,new,False
28211,71550,new,False
28212,99487,new,False
28213,95940,new,True
28214,14618,current,True
28215,37476,current,False
28216,91129,new,True
28217,25024,current,True
28218,32827,current,False
28219,26879,current,False
28220,23426,current,True
28221,40390,current,False
28222,43969,current,False
28223,14174,current,False
28224,45224,current,False
28225,40469,current,False
28226,97546,new,True
28227,99732,new,True
28228,98750,new,False
28229,93009,new,False
28230,28154,current,True
28231,68247,new,False
28232,51446,new,False
28233,19377,current,False
28234,32583,current,False
28235,89548,new,False
28236,31063,current,False
28237,64088,new,True
28238,83570,new,True
28239,27004,current,True
28240,44342,current,False
28241,22301,current,False
28242,89231,new,False
28243,99609,new,True
28244,31270,current,False
28245,31762,current,True
28246,28837,current,False
28247,88788,new,False
28248,14478,current,True
28249,84559,new,False
28250,28612,current,False
28251,39385,current,False
28252,33598,current,True
28253,20526,current,True
28254,99331,new,True
28255,35389,current,False
28256,96238,new,False
28257,82640,new,True
28258,45040,current,False
28259,72254,new,True
28260,97160,new,False
28261,82968,new,True
28262,23141,current,True
28263,32224,current,False
28264,51077,new,False
28265,85207,new,True
28266,49245,current,False
28267,14074,current,True
28268,19193,current,False
28269,19651,current,False
28270,81037,new,False
28271,41106,current,False
28272,43150,current,False
28273,10972,current,False
28274,95468,new,True
28275,14509,current,False
28276,93597,new,False
28277,56552,new,False
28278,93458,new,False
28279,84894,new,True
28280,97207,new,True
28281,17928,current,False
28282,47419,current,False
28283,48487,current,False
28284,60407,new,True
28285,34746,current,True
28286,25620,current,True
28287,41051,current,False
28288,70083,new,False
28289,24989,current,False
28290,67443,new,False
28291,83666,new,False
28292,26591,current,False
28293,19314,current,False
28294,99965,new,False
28295,33284,current,False
28296,58593,new,True
28297,31219,current,False
28298,12926,current,False
28299,67474,new,False
28300,91978,new,True
28301,62343,new,False
28302,76132,new,False
28303,14909,current,True
28304,88639,new,False
28305,83521,new,True
28306,37200,current,False
28307,19360,current,False
28308,57795,new,True
28309,78890,new,True
28310,98372,new,False
28311,54547,new,True
28312,77637,new,False
28313,39992,current,False
28314,87672,new,True
28315,62440,new,False
28316,57812,new,False
28317,59346,new,False
28318,33961,current,False
28319,44315,current,True
28320,39174,current,False
28321,75321,new,False
28322,98329,new,False
28323,30648,current,False
28324,91659,new,False
28325,80729,new,True
28326,42160,current,False
28327,22445,current,False
28328,87769,new,False
28329,60898,new,False
28330,53631,new,False
28331,83276,new,False
28332,25563,current,True
28333,60406,new,True
28334,41292,current,False
28335,22101,current,False
28336,70580,new,False
28337,55914,new,False
28338,47233,current,False
28339,23296,current,False
28340,94964,new,True
28341,44051,current,False
28342,30950,current,False
28343,62804,new,False
28344,55443,new,False
28345,42579,current,True
28346,45563,current,True
28347,78747,new,True
28348,72582,new,False
28349,66073,new,True
28350,33790,current,False
28351,41208,current,True
28352,49542,current,False
28353,68623,new,False
28354,15075,current,False
28355,62915,new,False
28356,45994,current,False
28357,57281,new,True
28358,10874,current,False
28359,36582,current,False
28360,99605,new,True
28361,88708,new,False
28362,90585,new,False
28363,72330,new,True
28364,73471,new,True
28365,28093,current,True
28366,47760,current,False
28367,12912,current,False
28368,16424,current,False
28369,87932,new,False
28370,87228,new,False
28371,30393,current,False
28372,85065,new,True
28373,10197,current,False
28374,55704,new,False
28375,19959,current,False
28376,10430,current,True
28377,99760,new,False
28378,72695,new,False
28379,39103,current,False
28380,16658,current,False
28381,18400,current,True
28382,92324,new,True
28383,50268,new,True
28384,31288,current,True
28385,72625,new,False
28386,18992,current,False
28387,49001,current,False
28388,31170,current,False
28389,64059,new,True
28390,29658,current,False
28391,68799,new,True
28392,71729,new,False
28393,29969,current,True
28394,31587,current,False
28395,73807,new,False
28396,71096,new,True
28397,78424,new,False
28398,28820,current,True
28399,74226,new,False
28400,51051,new,False
28401,97088,new,False
28402,22821,current,False
28403,66818,new,True
28404,43610,current,True
28405,27119,current,True
28406,28387,current,False
28407,18235,current,False
28408,40332,current,False
28409,82073,new,False
28410,49892,current,False
28411,92617,new,False
28412,18144,current,True
28413,35720,current,True
28414,66922,new,False
28415,11045,current,False
28416,43073,current,False
28417,98391,new,False
28418,44182,current,False
28419,87072,new,True
28420,32674,current,False
28421,38822,current,True
28422,95909,new,False
28423,33971,current,False
28424,71282,new,True
28425,22572,current,False
28426,95472,new,True
28427,22352,current,False
28428,33015,current,True
28429,78210,new,False
28430,79990,new,True
28431,32642,current,False
28432,53592,new,False
28433,66392,new,False
28434,89367,new,False
28435,64413,new,True
28436,88026,new,True
28437,84864,new,True
28438,17066,current,True
28439,75056,new,False
28440,48865,current,False
28441,65259,new,False
28442,43120,current,False
28443,35539,current,True
28444,52040,new,True
28445,18159,current,True
28446,34756,current,True
28447,46724,current,False
28448,95530,new,False
28449,27853,current,False
28450,70953,new,True
28451,19801,current,True
28452,21049,current,False
28453,55122,new,False
28454,39471,current,False
28455,53221,new,False
28456,63256,new,True
28457,18362,current,False
28458,29877,current,True
28459,76930,new,False
28460,63631,new,True
28461,40397,current,False
28462,82249,new,True
28463,42813,current,False
28464,49950,current,False
28465,46910,current,False
28466,78923,new,True
28467,51052,new,True
28468,99153,new,False
28469,91710,new,True
28470,37987,current,False
28471,90179,new,True
28472,31038,current,False
28473,44666,current,True
28474,15673,current,False
28475,40840,current,True
28476,92094,new,True
28477,44586,current,False
28478,71745,new,True
28479,96017,new,False
28480,15620,current,True
28481,30897,current,False
28482,81129,new,False
28483,41872,current,True
28484,11974,current,True
28485,27069,current,True
28486,16201,current,False
28487,46877,current,False
28488,71477,new,True
28489,63135,new,False
28490,99834,new,True
28491,81315,new,True
28492,90864,new,False
28493,44935,current,False
28494,28329,current,False
28495,42424,current,False
28496,95350,new,True
28497,59901,new,False
28498,17996,current,False
28499,73222,new,False
28500,12925,current,False
28501,26549,current,False
28502,12357,current,False
28503,48980,current,False
28504,13994,current,False
28505,42411,current,True
28506,36672,current,False
28507,55676,new,True
28508,26679,current,False
28509,32056,current,True
28510,40071,current,True
28511,95040,new,True
28512,39613,current,False
28513,25462,current,False
28514,17610,current,False
28515,52482,new,False
28516,40158,current,False
28517,18414,current,True
28518,28045,current,False
28519,69185,new,False
28520,58196,new,False
28521,38254,current,True
28522,71896,new,False
28523,12624,current,False
28524,71008,new,False
28525,92022,new,True
28526,48521,current,False
28527,94754,new,False
28528,45845,current,False
28529,31027,current,False
28530,25345,current,True
28531,82856,new,False
28532,93985,new,True
28533,99753,new,True
28534,63374,new,False
28535,55639,new,False
28536,36004,current,True
28537,83619,new,True
28538,57604,new,True
28539,48224,current,True
28540,65565,new,False
28541,43177,current,False
28542,65329,new,False
28543,94107,new,False
28544,61845,new,False
28545,51867,new,True
28546,59574,new,True
28547,78626,new,True
28548,46379,current,True
28549,38004,current,False
28550,26751,current,False
28551,80199,new,True
28552,69527,new,False
28553,87264,new,False
28554,79931,new,True
28555,31875,current,True
28556,70337,new,True
28557,86088,new,True
28558,83767,new,True
28559,20874,current,False
28560,21071,current,True
28561,88162,new,False
28562,80202,new,False
28563,19991,current,True
28564,53816,new,True
28565,33294,current,False
28566,11074,current,False
28567,87484,new,True
28568,78967,new,False
28569,68167,new,False
28570,63772,new,True
28571,14906,current,False
28572,33019,current,False
28573,97598,new,False
28574,95254,new,False
28575,92187,new,True
28576,94494,new,True
28577,38668,current,True
28578,27157,current,False
28579,96138,new,False
28580,99212,new,False
28581,92333,new,True
28582,40756,current,False
28583,25185,current,False
28584,76312,new,True
28585,85352,new,False
28586,39882,current,False
28587,93826,new,True
28588,39114,current,True
28589,34921,current,True
28590,41444,current,False
28591,37772,current,False
28592,64370,new,False
28593,35261,current,False
28594,10406,current,False
28595,72913,new,True
28596,67375,new,False
28597,64931,new,False
28598,89336,new,False
28599,56739,new,True
28600,56463,new,True
28601,98244,new,True
28602,58816,new,False
28603,58017,new,False
28604,54333,new,True
28605,20618,current,True
28606,10561,current,False
28607,92706,new,True
28608,96913,new,False
28609,76533,new,False
28610,97406,new,True
28611,96154,new,True
28612,52496,new,False
28613,16792,current,False
28614,10041,current,False
28615,18104,current,False
28616,80727,new,False
28617,43062,current,True
28618,25144,current,False
28619,30973,current,True
28620,56696,new,False
28621,20856,current,True
28622,99837,new,False
28623,19488,current,True
28624,14306,current,False
28625,36142,current,False
28626,49764,current,True
28627,50940,new,False
28628,59865,new,True
28629,32847,current,False
28630,82548,new,False
28631,21322,current,False
28632,47583,current,False
28633,47851,current,False
28634,43401,current,False
28635,75895,new,False
28636,23398,current,False
28637,22294,current,False
28638,10965,current,False
28639,52430,new,False
28640,58225,new,False
28641,21725,current,False
28642,59276,new,False
28643,77955,new,False
28644,21535,current,False
28645,93641,new,False
28646,27356,current,False
28647,72378,new,True
28648,44293,current,False
28649,44793,current,False
28650,36932,current,False
28651,35329,current,False
28652,90641,new,True
28653,37206,current,False
28654,42568,current,False
28655,96448,new,False
28656,57272,new,True
28657,64893,new,False
28658,86945,new,False
28659,80499,new,False
28660,85641,new,False
28661,33119,current,True
28662,28992,current,True
28663,39520,current,False
28664,48491,current,False
28665,96725,new,False
28666,84905,new,True
28667,44901,current,False
28668,82708,new,True
28669,72341,new,False
28670,32061,current,True
28671,47069,current,False
28672,86961,new,False
28673,82801,new,False
28674,93596,new,True
28675,39525,current,False
28676,45391,current,False
28677,62443,new,True
28678,84012,new,True
28679,16197,current,False
28680,25280,current,True
28681,87949,new,False
28682,91491,new,False
28683,60677,new,True
28684,70859,new,True
28685,23774,current,False
28686,21393,current,False
28687,83184,new,False
28688,37811,current,False
28689,23179,current,False
28690,45097,current,False
28691,27918,current,True
28692,78905,new,False
28693,62608,new,True
28694,15153,current,False
28695,16320,current,False
28696,91461,new,True
28697,21502,current,True
28698,18360,current,True
28699,18221,current,False
28700,37625,current,True
28701,25373,current,False
28702,75089,new,True
28703,64244,new,False
28704,92422,new,True
28705,10642,current,False
28706,41505,current,False
28707,74131,new,False
28708,27545,current,True
28709,19507,current,False
28710,61524,new,True
28711,14722,current,False
28712,28091,current,False
28713,45079,current,False
28714,59133,new,False
28715,15915,current,False
28716,43765,current,False
28717,20487,current,False
28718,50139,new,True
28719,37231,current,True
28720,75020,new,False
28721,34182,current,False
28722,20074,current,False
28723,40946,current,True
28724,17980,current,False
28725,38461,current,False
28726,93766,new,False
28727,43272,current,True
28728,91858,new,False
28729,30486,current,True
28730,87107,new,True
28731,82186,new,False
28732,54840,new,False
28733,35531,current,True
28734,18437,current,True
28735,17608,current,True
28736,38544,current,True
28737,83975,new,False
28738,90322,new,False
28739,96715,new,False
28740,65798,new,True
28741,74052,new,False
28742,26544,current,True
28743,47113,current,False
28744,12332,current,False
28745,12747,current,True
28746,38870,current,True
28747,75506,new,False
28748,56402,new,True
28749,46797,current,False
28750,66295,new,False
28751,84422,new,False
28752,79385,new,False
28753,24076,current,False
28754,40087,current,False
28755,11840,current,True
28756,98757,new,False
28757,39427,current,False
28758,86242,new,True
28759,84197,new,False
28760,74923,new,True
28761,10481,current,False
28762,85181,new,False
28763,57561,new,True
28764,63607,new,True
28765,21863,current,False
28766,21821,current,False
28767,72118,new,True
28768,40894,current,False
28769,41640,current,False
28770,71461,new,True
28771,99533,new,True
28772,21770,current,False
28773,41043,current,False
28774,61971,new,False
28775,71638,new,False
28776,79327,new,False
28777,73663,new,True
28778,63257,new,True
28779,29633,current,False
28780,96662,new,True
28781,11126,current,False
28782,28909,current,False
28783,31000,current,False
28784,19758,current,False
28785,20029,current,True
28786,54827,new,True
28787,52280,new,True
28788,94359,new,True
28789,48006,current,True
28790,38882,current,False
28791,79275,new,True
28792,18186,current,False
28793,21075,current,False
28794,82777,new,False
28795,40838,current,True
28796,25160,current,False
28797,57883,new,False
28798,77916,new,False
28799,26837,current,False
28800,63373,new,True
28801,52289,new,True
28802,18875,current,True
28803,40060,current,False
28804,53326,new,False
28805,78573,new,True
28806,99980,new,True
28807,30893,current,True
28808,81264,new,True
28809,19998,current,False
28810,37758,current,False
28811,83893,new,False
28812,16636,current,False
28813,70870,new,True
28814,27371,current,False
28815,25138,current,False
28816,89358,new,False
28817,53058,new,False
28818,45652,current,True
28819,10733,current,False
28820,21365,current,False
28821,26597,current,False
28822,92677,new,True
28823,71921,new,True
28824,81744,new,True
28825,73773,new,True
28826,55609,new,False
28827,90270,new,False
28828,70403,new,True
28829,22667,current,False
28830,26624,current,False
28831,19643,current,False
28832,51967,new,False
28833,97870,new,False
28834,31509,current,True
28835,36648,current,False
28836,98044,new,False
28837,46997,current,False
28838,47226,current,False
28839,81539,new,True
28840,74115,new,True
28841,50311,new,True
28842,38585,current,False
28843,81153,new,False
28844,90434,new,True
28845,61101,new,False
28846,22725,current,False
28847,38095,current,False
28848,51470,new,True
28849,10224,current,True
28850,79912,new,True
28851,21336,current,True
28852,16109,current,True
28853,75395,new,False
28854,66464,new,False
28855,24930,current,False
28856,33965,current,False
28857,40863,current,True
28858,47656,current,True
28859,40880,current,False
28860,10667,current,False
28861,29734,current,False
28862,41966,current,False
28863,85157,new,False
28864,37068,current,True
28865,63526,new,True
28866,69818,new,True
28867,93134,new,False
28868,15888,current,False
28869,35360,current,False
28870,80420,new,False
28871,49355,current,False
28872,28631,current,False
28873,85094,new,True
28874,76556,new,False
28875,30767,current,False
28876,72762,new,True
28877,57851,new,False
28878,89266,new,False
28879,79021,new,True
28880,66766,new,False
28881,83656,new,False
28882,20614,current,False
28883,18291,current,True
28884,43130,current,False
28885,21394,current,True
28886,73315,new,False
28887,86707,new,False
28888,98050,new,True
28889,72600,new,False
28890,38144,current,False
28891,12520,current,False
28892,64006,new,False
28893,58635,new,True
28894,14435,current,False
28895,20780,current,True
28896,96397,new,False
28897,83753,new,True
28898,76182,new,True
28899,47023,current,False
28900,38481,current,False
28901,49179,current,False
28902,59683,new,False
28903,69944,new,False
28904,38487,current,True
28905,69277,new,False
28906,69477,new,False
28907,39867,current,True
28908,24725,current,True
28909,48806,current,False
28910,53791,new,True
28911,10150,current,False
28912,26661,current,True
28913,95616,new,False
28914,19248,current,False
28915,35899,current,False
28916,13511,current,False
28917,49204,current,False
28918,13699,current,False
28919,38305,current,False
28920,11300,current,False
28921,10210,current,False
28922,39046,current,False
28923,30161,current,False
28924,53412,new,True
28925,53138,new,True
28926,43023,current,True
28927,62802,new,False
28928,69234,new,True
28929,88762,new,True
28930,77787,new,True
28931,16244,current,False
28932,87163,new,True
28933,10428,current,True
28934,44266,current,True
28935,95164,new,False
28936,52431,new,True
28937,89802,new,True
28938,61428,new,False
28939,50501,new,True
28940,26813,current,False
28941,83426,new,False
28942,36795,current,False
28943,53351,new,True
28944,86083,new,False
28945,86731,new,True
28946,17046,current,False
28947,19666,current,False
28948,21352,current,False
28949,69551,new,False
28950,90223,new,False
28951,43263,current,False
28952,15138,current,False
28953,70302,new,True
28954,30620,current,False
28955,34280,current,True
28956,76548,new,True
28957,12665,current,False
28958,61266,new,False
28959,12533,current,False
28960,41563,current,False
28961,51899,new,True
28962,22328,current,False
28963,13288,current,False
28964,49413,current,False
28965,71172,new,True
28966,77649,new,True
28967,96422,new,True
28968,45469,current,False
28969,72795,new,False
28970,65596,new,False
28971,71198,new,False
28972,35004,current,False
28973,42577,current,False
28974,75083,new,True
28975,66403,new,True
28976,53828,new,True
28977,54895,new,False
28978,83689,new,True
28979,61037,new,False
28980,42475,current,True
28981,35906,current,False
28982,55651,new,True
28983,37335,current,False
28984,77007,new,False
28985,60074,new,False
28986,24176,current,True
28987,11717,current,False
28988,59186,new,True
28989,29865,current,False
28990,33892,current,False
28991,44255,current,False
28992,22336,current,False
28993,25592,current,False
28994,78423,new,True
28995,19787,current,True
28996,25824,current,False
28997,42011,current,False
28998,38118,current,False
28999,10900,current,False
29000,82155,new,False
29001,46805,current,False
29002,36248,current,False
29003,18994,current,False
29004,81136,new,True
29005,81044,new,False
29006,35981,current,False
29007,34809,current,True
29008,99150,new,False
29009,74989,new,False
29010,97545,new,False
29011,97040,new,True
29012,69716,new,False
29013,36324,current,False
29014,51982,new,True
29015,30895,current,True
29016,32390,current,False
29017,63613,new,False
29018,46032,current,False
29019,53159,new,False
29020,11945,current,True
29021,98826,new,True
29022,10347,current,True
29023,12563,current,False
29024,24738,current,True
29025,86257,new,False
29026,75860,new,False
29027,80693,new,True
29028,90662,new,True
29029,68573,new,True
29030,11342,current,False
29031,22595,current,True
29032,81473,new,False
29033,41346,current,False
29034,97690,new,False
29035,29540,current,False
29036,30671,current,False
29037,95758,new,False
29038,67703,new,False
29039,81273,new,True
29040,80088,new,False
29041,81122,new,False
29042,92959,new,False
29043,88016,new,True
29044,44444,current,False
29045,28929,current,False
29046,86402,new,False
29047,33831,current,False
29048,89254,new,True
29049,55285,new,False
29050,32981,current,False
29051,27781,current,False
29052,65828,new,True
29053,25601,current,False
29054,26732,current,True
29055,55921,new,False
29056,28203,current,False
29057,72397,new,False
29058,27784,current,False
29059,16462,current,True
29060,91298,new,True
29061,19135,current,False
29062,38680,current,True
29063,60729,new,False
29064,98761,new,True
29065,23516,current,False
29066,45542,current,False
29067,87133,new,True
29068,29020,current,False
29069,55991,new,False
29070,69861,new,False
29071,80669,new,False
29072,81982,new,False
29073,30524,current,False
29074,60261,new,True
29075,20797,current,False
29076,24541,current,False
29077,38024,current,False
29078,89227,new,False
29079,78418,new,False
29080,45876,current,False
29081,97396,new,True
29082,21117,current,False
29083,57236,new,True
29084,34008,current,False
29085,94102,new,False
29086,14611,current,True
29087,31520,current,True
29088,41212,current,False
29089,29685,current,False
29090,92026,new,False
29091,81336,new,False
29092,41708,current,False
29093,96747,new,True
29094,53737,new,True
29095,43950,current,False
29096,76575,new,False
29097,27758,current,False
29098,29082,current,False
29099,22042,current,False
29100,38309,current,False
29101,43945,current,False
29102,22766,current,True
29103,86260,new,True
29104,88595,new,False
29105,73767,new,False
29106,22590,current,False
29107,68549,new,False
29108,38322,current,False
29109,25234,current,True
29110,90414,new,True
29111,52858,new,False
29112,59515,new,False
29113,61245,new,False
29114,13580,current,False
29115,78391,new,False
29116,20950,current,False
29117,68592,new,False
29118,91430,new,True
29119,72126,new,False
29120,77469,new,True
29121,93757,new,True
29122,31544,current,False
29123,51219,new,True
29124,82395,new,True
29125,47889,current,False
29126,32764,current,False
29127,74452,new,False
29128,71213,new,False
29129,96175,new,False
29130,27472,current,True
29131,34762,current,True
29132,12813,current,True
29133,66281,new,True
29134,50021,new,False
29135,13634,current,False
29136,43832,current,False
29137,30714,current,True
29138,86193,new,False
29139,85057,new,True
29140,59390,new,False
29141,75607,new,True
29142,14224,current,False
29143,98148,new,False
29144,13451,current,False
29145,26183,current,True
29146,78567,new,False
29147,88311,new,False
29148,88089,new,True
29149,20831,current,True
29150,41810,current,False
29151,75189,new,True
29152,22108,current,True
29153,17029,current,False
29154,73096,new,False
29155,18523,current,False
29156,81719,new,False
29157,28958,current,True
29158,70707,new,True
29159,21463,current,False
29160,51324,new,True
29161,66480,new,True
29162,22963,current,True
29163,47753,current,False
29164,80169,new,False
29165,62761,new,False
29166,89688,new,False
29167,80586,new,False
29168,57093,new,False
29169,54120,new,False
29170,24398,current,False
29171,56416,new,True
29172,52508,new,False
29173,91538,new,False
29174,63609,new,False
29175,11639,current,False
29176,69850,new,True
29177,39777,current,False
29178,51020,new,False
29179,16775,current,True
29180,54865,new,False
29181,12654,current,False
29182,73662,new,False
29183,21675,current,False
29184,40277,current,False
29185,25739,current,False
29186,72443,new,True
29187,50401,new,True
29188,44013,current,False
29189,27883,current,False
29190,64447,new,False
29191,43921,current,False
29192,85916,new,False
29193,29370,current,False
29194,18483,current,False
29195,13699,current,False
29196,89649,new,False
29197,87159,new,True
29198,33342,current,False
29199,83545,new,True
29200,57596,new,False
29201,86762,new,False
29202,58689,new,False
29203,33462,current,False
29204,42077,current,False
29205,59289,new,True
29206,87565,new,False
29207,36644,current,False
29208,95702,new,False
29209,36405,current,False
29210,65845,new,True
29211,23853,current,True
29212,18339,current,False
29213,23068,current,True
29214,76473,new,False
29215,15324,current,False
29216,17923,current,False
29217,31294,current,False
29218,65999,new,False
29219,49882,current,True
29220,11166,current,False
29221,96452,new,True
29222,74859,new,False
29223,38976,current,False
29224,24430,current,False
29225,78429,new,False
29226,47967,current,True
29227,17637,current,False
29228,45081,current,False
29229,59119,new,True
29230,31004,current,False
29231,37855,current,False
29232,31532,current,False
29233,29679,current,False
29234,46148,current,True
29235,36886,current,True
29236,59157,new,False
29237,67986,new,True
29238,15108,current,False
29239,75358,new,False
29240,20188,current,False
29241,80977,new,True
29242,61496,new,True
29243,57077,new,False
29244,64631,new,False
29245,63589,new,True
29246,44248,current,True
29247,78256,new,False
29248,45775,current,False
29249,52110,new,False
29250,18815,current,True
29251,30733,current,False
29252,33311,current,False
29253,43928,current,False
29254,17390,current,False
29255,68796,new,False
29256,22990,current,True
29257,88251,new,False
29258,28156,current,True
29259,28388,current,True
29260,19184,current,False
29261,50639,new,True
29262,10883,current,False
29263,12271,current,False
29264,50648,new,False
29265,27659,current,False
29266,73344,new,False
29267,46060,current,True
29268,44106,current,False
29269,92556,new,False
29270,34454,current,True
29271,59123,new,False
29272,16438,current,False
29273,40110,current,False
29274,73367,new,True
29275,63073,new,False
29276,66303,new,False
29277,64842,new,True
29278,31227,current,True
29279,83103,new,True
29280,24190,current,False
29281,13315,current,False
29282,99934,new,False
29283,96776,new,False
29284,21282,current,False
29285,85585,new,True
29286,47166,current,True
29287,28765,current,False
29288,16829,current,True
29289,74125,new,False
29290,24302,current,False
29291,32926,current,False
29292,62562,new,False
29293,86663,new,True
29294,54603,new,True
29295,87583,new,False
29296,37165,current,False
29297,21361,current,False
29298,18816,current,False
29299,68854,new,False
29300,54313,new,True
29301,12810,current,False
29302,50957,new,True
29303,90537,new,False
29304,69855,new,True
29305,22318,current,False
29306,27533,current,False
29307,16954,current,False
29308,34577,current,False
29309,38019,current,True
29310,11123,current,False
29311,91107,new,False
29312,39381,current,True
29313,82098,new,False
29314,94601,new,True
29315,12323,current,True
29316,53612,new,False
29317,64263,new,False
29318,91686,new,True
29319,28753,current,False
29320,91556,new,True
29321,10124,current,False
29322,95804,new,False
29323,22772,current,False
29324,16317,current,False
29325,77959,new,True
29326,27508,current,False
29327,66445,new,True
29328,24337,current,False
29329,88148,new,False
29330,55961,new,False
29331,56644,new,False
29332,94303,new,False
29333,49502,current,False
29334,94956,new,False
29335,57913,new,True
29336,75230,new,True
29337,45446,current,True
29338,74029,new,False
29339,75555,new,False
29340,87750,new,False
29341,29617,current,False
29342,42311,current,False
29343,27120,current,False
29344,76438,new,False
29345,53320,new,True
29346,54500,new,False
29347,10662,current,False
29348,90242,new,False
29349,43550,current,False
29350,60818,new,False
29351,45850,current,True
29352,93938,new,True
29353,87297,new,False
29354,22909,current,False
29355,98885,new,False
29356,31894,current,False
29357,14360,current,False
29358,27373,current,False
29359,47867,current,False
29360,62860,new,False
29361,24713,current,False
29362,15867,current,False
29363,59640,new,False
29364,77453,new,True
29365,52644,new,False
29366,26881,current,False
29367,82465,new,False
29368,30852,current,False
29369,71180,new,False
29370,33833,current,False
29371,72246,new,False
29372,64408,new,False
29373,55941,new,True
29374,37259,current,False
29375,12226,current,True
29376,29349,current,False
29377,91239,new,False
29378,69373,new,False
29379,57278,new,True
29380,58393,new,False
29381,64068,new,True
29382,64495,new,False
29383,92397,new,False
29384,87316,new,True
29385,76841,new,False
29386,38325,current,False
29387,35390,current,False
29388,69847,new,False
29389,34674,current,False
29390,46037,current,False
29391,77708,new,True
29392,53099,new,False
29393,95390,new,False
29394,96882,new,True
29395,33997,current,True
29396,80458,new,True
29397,36935,current,False
29398,20568,current,False
29399,10920,current,False
29400,91249,new,False
29401,13415,current,False
29402,40823,current,False
29403,85881,new,False
29404,43824,current,False
29405,99069,new,True
29406,86300,new,False
29407,37046,current,False
29408,13740,current,False
29409,24197,current,True
29410,98921,new,True
29411,88782,new,False
29412,20905,current,True
29413,29058,current,False
29414,31057,current,False
29415,91964,new,False
29416,89342,new,False
29417,11398,current,False
29418,15353,current,False
29419,95055,new,True
29420,65481,new,False
29421,90659,new,False
29422,91623,new,False
29423,95349,new,True
29424,48932,current,False
29425,64347,new,False
29426,29514,current,False
29427,61904,new,False
29428,55239,new,False
29429,36735,current,False
29430,74279,new,False
29431,98529,new,False
29432,27057,current,True
29433,41521,current,False
29434,48554,current,False
29435,12943,current,False
29436,10864,current,True
29437,12311,current,False
29438,18064,current,False
29439,79012,new,True
29440,35817,current,False
29441,21836,current,True
29442,64165,new,False
29443,84871,new,False
29444,88989,new,False
29445,84777,new,True
29446,79016,new,False
29447,53722,new,False
29448,88207,new,True
29449,73946,new,True
29450,35306,current,False
29451,76821,new,False
29452,54943,new,False
29453,93067,new,False
29454,30639,current,False
29455,29875,current,False
29456,42873,current,False
29457,61792,new,False
29458,63084,new,False
29459,28910,current,False
29460,62850,new,True
29461,85570,new,True
29462,12518,current,False
29463,91044,new,False
29464,60848,new,False
29465,71369,new,False
29466,30186,current,False
29467,14709,current,False
29468,16050,current,False
29469,20167,current,True
29470,72462,new,False
29471,74192,new,True
29472,87425,new,False
29473,25663,current,False
29474,46791,current,False
29475,37295,current,True
29476,26695,current,False
29477,98717,new,True
29478,27208,current,False
29479,60357,new,False
29480,49024,current,False
29481,65297,new,False
29482,75871,new,True
29483,21745,current,False
29484,57632,new,False
29485,58120,new,True
29486,66063,new,True
29487,48857,current,False
29488,85737,new,False
29489,35972,current,False
29490,19800,current,True
29491,98474,new,False
29492,51257,new,False
29493,41939,current,True
29494,56572,new,True
29495,87716,new,False
29496,80907,new,False
29497,48269,current,True
29498,49551,current,False
29499,89084,new,False
29500,11345,current,False
29501,33860,current,False
29502,58459,new,False
29503,34719,current,False
29504,67437,new,True
29505,26043,current,False
29506,58519,new,True
29507,90624,new,False
29508,25453,current,True
29509,95568,new,False
29510,51149,new,False
29511,75322,new,False
29512,86355,new,True
29513,43042,current,False
29514,88886,new,False
29515,97359,new,True
29516,45964,current,False
29517,32831,current,True
29518,15091,current,False
29519,67911,new,False
29520,89068,new,True
29521,59433,new,False
29522,28127,current,True
29523,33629,current,True
29524,33309,current,False
29525,89574,new,True
29526,30626,current,False
29527,19135,current,False
29528,11007,current,False
29529,52673,new,False
29530,39350,current,False
29531,26314,current,False
29532,86741,new,False
29533,48271,current,False
29534,23890,current,False
29535,28668,current,True
29536,58704,new,False
29537,49581,current,True
29538,22044,current,False
29539,97466,new,True
29540,38406,current,True
29541,19765,current,True
29542,86988,new,True
29543,11572,current,False
29544,87178,new,False
29545,89989,new,True
29546,84061,new,False
29547,71227,new,False
29548,37979,current,False
29549,94016,new,False
29550,66188,new,True
29551,15770,current,True
29552,93869,new,False
29553,29884,current,False
29554,55393,new,False
29555,30619,current,False
29556,16643,current,True
29557,39494,current,False
29558,73154,new,False
29559,98542,new,False
29560,15610,current,False
29561,86164,new,True
29562,70739,new,False
29563,53777,new,True
29564,42374,current,False
29565,54769,new,False
29566,70706,new,False
29567,37525,current,False
29568,60266,new,False
29569,60357,new,False
29570,65921,new,False
29571,69037,new,False
29572,91041,new,False
29573,92130,new,True
29574,97456,new,False
29575,72621,new,False
29576,73551,new,False
29577,37741,current,False
29578,98395,new,False
29579,19694,current,False
29580,34116,current,False
29581,53164,new,True
29582,91998,new,False
29583,71723,new,True
29584,80638,new,False
29585,32007,current,False
29586,40668,current,False
29587,63853,new,True
29588,18712,current,False
29589,72628,new,False
29590,51906,new,False
29591,45430,current,False
29592,39620,current,True
29593,54113,new,False
29594,33410,current,True
29595,68236,new,False
29596,49234,current,False
29597,62157,new,False
29598,24598,current,True
29599,67895,new,True
29600,11729,current,False
29601,23830,current,False
29602,11250,current,False
29603,92125,new,True
29604,16969,current,False
29605,86741,new,False
29606,42140,current,False
29607,87448,new,False
29608,21437,current,False
29609,41342,current,True
29610,90266,new,False
29611,58231,new,False
29612,69008,new,False
29613,61161,new,False
29614,65731,new,True
29615,91403,new,False
29616,24391,current,True
29617,73726,new,True
29618,52952,new,False
29619,47843,current,True
29620,97849,new,True
29621,77626,new,True
29622,11651,current,False
29623,96802,new,True
29624,99834,new,False
29625,92503,new,False
29626,73280,new,True
29627,47821,current,False
29628,28539,current,True
29629,67739,new,True
29630,61581,new,False
29631,38321,current,False
29632,88257,new,True
29633,82455,new,True
29634,56340,new,False
29635,97605,new,False
29636,15301,current,False
29637,36271,current,False
29638,40487,current,True
29639,94607,new,False
29640,69339,new,True
29641,71071,new,True
29642,22399,current,False
29643,28977,current,True
29644,85945,new,True
29645,30058,current,False
29646,96557,new,True
29647,33977,current,False
29648,84953,new,True
29649,90469,new,True
29650,38374,current,True
29651,91658,new,True
29652,93209,new,False
29653,83121,new,True
29654,64034,new,True
29655,92407,new,True
29656,77192,new,True
29657,21941,current,False
29658,25461,current,False
29659,48465,current,False
29660,34915,current,False
29661,28700,current,False
29662,83445,new,True
29663,75769,new,True
29664,38765,current,False
29665,47196,current,False
29666,90715,new,False
29667,95239,new,True
29668,36894,current,False
29669,62862,new,True
29670,34980,current,False
29671,20325,current,False
29672,55778,new,False
29673,71253,new,False
29674,95669,new,True
29675,74980,new,False
29676,46086,current,False
29677,72622,new,True
29678,30913,current,False
29679,19108,current,False
29680,80641,new,False
29681,32934,current,True
29682,84839,new,True
29683,25961,current,False
29684,43447,current,False
29685,19650,current,False
29686,11023,current,False
29687,33573,current,False
29688,31977,current,True
29689,19283,current,False
29690,95469,new,True
29691,33205,current,False
29692,46357,current,True
29693,68276,new,False
29694,61840,new,True
29695,33303,current,False
29696,35871,current,False
29697,34733,current,False
29698,52029,new,True
29699,33639,current,True
29700,92247,new,False
29701,65066,new,False
29702,87575,new,True
29703,75597,new,False
29704,13302,current,True
29705,22888,current,False
29706,41101,current,False
29707,90372,new,True
29708,19527,current,False
29709,71162,new,True
29710,59894,new,False
29711,74792,new,False
29712,56625,new,False
29713,46369,current,True
29714,44126,current,True
29715,37924,current,False
29716,58593,new,False
29717,25950,current,False
29718,91140,new,True
29719,53248,new,False
29720,94394,new,False
29721,11439,current,False
29722,26789,current,False
29723,16191,current,False
29724,77152,new,False
29725,63584,new,False
29726,56960,new,True
29727,46214,current,False
29728,82227,new,False
29729,72683,new,True
29730,99340,new,False
29731,94157,new,False
29732,48918,current,True
29733,29167,current,False
29734,41154,current,False
29735,74169,new,False
29736,31588,current,False
29737,83095,new,True
29738,81272,new,True
29739,73703,new,True
29740,20067,current,True
29741,12763,current,True
29742,10037,current,True
29743,43482,current,False
29744,74822,new,False
29745,27529,current,False
29746,22282,current,False
29747,26210,current,True
29748,47943,current,False
29749,69265,new,True
29750,62491,new,True
29751,23688,current,False
29752,98804,new,False
29753,65767,new,True
29754,46825,current,False
29755,11517,current,False
29756,22609,current,True
29757,97815,new,True
29758,21576,current,False
29759,72076,new,True
29760,49515,current,True
29761,96218,new,False
29762,27481,current,True
29763,15418,current,False
29764,65644,new,False
29765,19329,current,True
29766,50627,new,False
29767,67498,new,False
29768,20667,current,False
29769,60528,new,False
29770,41823,current,False
29771,64868,new,False
29772,19186,current,True
29773,38386,current,True
29774,48180,current,True
29775,86353,new,False
29776,96493,new,False
29777,69609,new,False
29778,69420,new,True
29779,36127,current,True
29780,22599,current,False
29781,19975,current,False
29782,18846,current,True
29783,97171,new,True
29784,25099,current,False
29785,98490,new,False
29786,84705,new,False
29787,92542,new,True
29788,79676,new,True
29789,80769,new,False
29790,78603,new,False
29791,28609,current,False
29792,59213,new,True
29793,19255,current,False
29794,50751,new,True
29795,17951,current,True
29796,42339,current,True
29797,16542,current,False
29798,77576,new,True
29799,68406,new,False
29800,83805,new,True
29801,26669,current,False
29802,22391,current,False
29803,58774,new,True
29804,23486,current,False
29805,64818,new,False
29806,26980,current,False
29807,34211,current,True
29808,54157,new,True
29809,21831,current,False
29810,18439,current,True
29811,47155,current,False
29812,26698,current,False
29813,30219,current,False
29814,20181,current,False
29815,41456,current,True
29816,12487,current,False
29817,16369,current,True
29818,60097,new,True
29819,44844,current,True
29820,58309,new,False
29821,49415,current,False
29822,75549,new,True
29823,81089,new,False
29824,34933,current,False
29825,59887,new,False
29826,34965,current,True
29827,70788,new,False
29828,50238,new,False
29829,17679,current,False
29830,53662,new,False
29831,75860,new,True
29832,65166,new,False
29833,45423,current,True
29834,55770,new,True
29835,81549,new,True
29836,19701,current,False
29837,21655,current,True
29838,56154,new,False
29839,22363,current,False
29840,93082,new,False
29841,21255,current,False
29842,98118,new,False
29843,40498,current,False
29844,28021,current,False
29845,82942,new,True
29846,36207,current,False
29847,43937,current,True
29848,75897,new,True
29849,99010,new,True
29850,68523,new,False
29851,84858,new,False
29852,22019,current,False
29853,22544,current,False
29854,10663,current,False
29855,50729,new,False
29856,95399,new,True
29857,21349,current,False
29858,46822,current,True
29859,69706,new,False
29860,90969,new,False
29861,14934,current,False
29862,93975,new,False
29863,16575,current,True
29864,25488,current,True
29865,67900,new,False
29866,74074,new,False
29867,52676,new,False
29868,64534,new,False
29869,89937,new,False
29870,45120,current,False
29871,60792,new,True
29872,46761,current,False
29873,42819,current,False
29874,42299,current,False
29875,45508,current,True
29876,26597,current,False
29877,67996,new,False
29878,81109,new,True
29879,24052,current,True
29880,88850,new,False
29881,95831,new,True
29882,70943,new,True
29883,27427,current,False
29884,42113,current,False
29885,10367,current,True
29886,35567,current,False
29887,33608,current,False
29888,61283,new,False
29889,44398,current,False
29890,82277,new,False
29891,73416,new,True
29892,40976,current,False
29893,13232,current,True
29894,51530,new,False
29895,11548,current,False
29896,53062,new,False
29897,24949,current,False
29898,32645,current,False
29899,60799,new,False
29900,28548,current,False
29901,55474,new,True
29902,45865,current,False
29903,64078,new,False
29904,44848,current,True
29905,46514,current,False
29906,77686,new,True
29907,11486,current,False
29908,27996,current,False
29909,48068,current,False
29910,68172,new,False
29911,86282,new,False
29912,62474,new,False
29913,99942,new,False
29914,64490,new,True
29915,53716,new,False
29916,24570,current,False
29917,72109,new,False
29918,82126,new,False
29919,43945,current,False
29920,51626,new,False
29921,59878,new,True
29922,20764,current,False
29923,18584,current,False
29924,96879,new,False
29925,27167,current,False
29926,48797,current,True
29927,30473,current,False
29928,74744,new,False
29929,53760,new,True
29930,85946,new,True
29931,56939,new,True
29932,29622,current,False
29933,17479,current,False
29934,18305,current,True
29935,19791,current,False
29936,91345,new,False
29937,24560,current,False
29938,58266,new,True
29939,93580,new,True
29940,14597,current,True
29941,80008,new,True
29942,41396,current,False
29943,58573,new,True
29944,54377,new,False
29945,65450,new,False
29946,67951,new,True
29947,48719,current,False
29948,20229,current,False
29949,43944,current,True
29950,78620,new,False
29951,60517,new,False
29952,92956,new,False
29953,75758,new,True
29954,25170,current,False
29955,35071,current,True
29956,26736,current,True
29957,29756,current,False
29958,17057,current,True
29959,75785,new,True
29960,76657,new,False
29961,40581,current,False
29962,48174,current,True
29963,48209,current,False
29964,89277,new,True
29965,32830,current,True
29966,21976,current,True
29967,20678,current,False
29968,23090,current,False
29969,71361,new,True
29970,16047,current,False
29971,52207,new,True
29972,92884,new,False
29973,19272,current,False
29974,46669,current,False
29975,84955,new,False
29976,69266,new,True
29977,57776,new,True
29978,22506,current,False
29979,96125,new,False
29980,32573,current,True
29981,14556,current,True
29982,39557,current,False
29983,95874,new,False
29984,12291,current,True
29985,46866,current,True
29986,21819,current,False
29987,41397,current,True
29988,25809,current,False
29989,13397,current,False
29990,28058,current,False
29991,66581,new,True
29992,25587,current,True
29993,19765,current,True
29994,89983,new,True
29995,97106,new,False
29996,18793,current,False
29997,19453,current,False
29998,78172,new,False
29999,38094,current,False
30000,46533,current,True
30001,99634,new,True
30002,44894,current,False
30003,54154,new,True
30004,46594,current,False
30005,64813,new,True
30006,38081,current,False
30007,96634,new,False
30008,55481,new,False
30009,89190,new,False
30010,46399,current,False
30011,18188,current,False
30012,28283,current,False
30013,29749,current,True
30014,35591,current,False
30015,82959,new,False
30016,18975,current,False
30017,73652,new,False
30018,31799,current,False
30019,70629,new,False
30020,22468,current,False
30021,64532,new,True
30022,26089,current,False
30023,50068,new,False
30024,78128,new,False
30025,42448,current,True
30026,58724,new,True
30027,77079,new,True
30028,12135,current,True
30029,54881,new,False
30030,78638,new,False
30031,71074,new,False
30032,22454,current,False
30033,83418,new,True
30034,11203,current,False
30035,43959,current,True
30036,26788,current,False
30037,50191,new,True
30038,80471,new,True
30039,20784,current,True
30040,35210,current,True
30041,77392,new,False
30042,14442,current,False
30043,60189,new,False
30044,33402,current,True
30045,37394,current,False
30046,59251,new,False
30047,77856,new,False
30048,47388,current,True
30049,28286,current,False
30050,11546,current,False
30051,91535,new,False
30052,21498,current,False
30053,50964,new,True
30054,16905,current,True
30055,66634,new,False
30056,41693,current,False
30057,31682,current,False
30058,12461,current,False
30059,34785,current,False
30060,86775,new,True
30061,18967,current,False
30062,27591,current,False
30063,74912,new,True
30064,37098,current,False
30065,10590,current,False
30066,42120,current,True
30067,55521,new,False
30068,22624,current,False
30069,79342,new,True
30070,97561,new,True
30071,31586,current,False
30072,40607,current,False
30073,39623,current,True
30074,64589,new,False
30075,28658,current,False
30076,80229,new,False
30077,55503,new,False
30078,28821,current,False
30079,75467,new,False
30080,66833,new,False
30081,66368,new,True
30082,95843,new,True
30083,33397,current,True
30084,19233,current,False
30085,88273,new,False
30086,31962,current,True
30087,26781,current,False
30088,80416,new,False
30089,73341,new,False
30090,83540,new,False
30091,74472,new,False
30092,31198,current,False
30093,73328,new,True
30094,89317,new,True
30095,30362,current,False
30096,80377,new,False
30097,25880,current,True
30098,19343,current,True
30099,45617,current,False
30100,47958,current,False
30101,38643,current,False
30102,24505,current,True
30103,40031,current,False
30104,85566,new,False
30105,75043,new,False
30106,93550,new,True
30107,55594,new,True
30108,84918,new,False
30109,69631,new,True
30110,77632,new,False
30111,34962,current,False
30112,50582,new,True
30113,23656,current,False
30114,34028,current,False
30115,35415,current,False
30116,49453,current,False
30117,30373,current,True
30118,11908,current,False
30119,60271,new,True
30120,45105,current,False
30121,63953,new,False
30122,21516,current,True
30123,88339,new,True
30124,96724,new,False
30125,63704,new,False
30126,18920,current,False
30127,69831,new,False
30128,79712,new,True
30129,43882,current,False
30130,39361,current,False
30131,17393,current,True
30132,58573,new,False
30133,89947,new,False
30134,12909,current,False
30135,24322,current,True
30136,93183,new,True
30137,48267,current,True
30138,21735,current,True
30139,60330,new,False
30140,42481,current,True
30141,10144,current,False
30142,42647,current,False
30143,81693,new,True
30144,67079,new,False
30145,63032,new,False
30146,42709,current,True
30147,84842,new,True
30148,60425,new,True
30149,19832,current,True
30150,48276,current,True
30151,26969,current,True
30152,37917,current,False
30153,67376,new,False
30154,49849,current,True
30155,72376,new,True
30156,41346,current,False
30157,97639,new,True
30158,72496,new,False
30159,34889,current,True
30160,71352,new,True
30161,73542,new,False
30162,25809,current,False
30163,43596,current,False
30164,10553,current,True
30165,64867,new,True
30166,80335,new,True
30167,91092,new,False
30168,90141,new,False
30169,72717,new,False
30170,95314,new,False
30171,92730,new,True
30172,68423,new,False
30173,20338,current,True
30174,60905,new,True
30175,16715,current,True
30176,33600,current,False
30177,96591,new,False
30178,35056,current,True
30179,48110,current,True
30180,95613,new,False
30181,31203,current,True
30182,45028,current,True
30183,10563,current,True
30184,53371,new,False
30185,19248,current,False
30186,40271,current,True
30187,27836,current,False
30188,88956,new,False
30189,26608,current,True
30190,74994,new,False
30191,55226,new,True
30192,68299,new,False
30193,86336,new,False
30194,82579,new,False
30195,22696,current,False
30196,38287,current,False
30197,15671,current,False
30198,43471,current,False
30199,81046,new,True
30200,78077,new,True
30201,99616,new,False
30202,73947,new,False
30203,63236,new,False
30204,29494,current,True
30205,79986,new,True
30206,73076,new,False
30207,18212,current,False
30208,55585,new,True
30209,72463,new,False
30210,24198,current,False
30211,96858,new,False
30212,86251,new,False
30213,43680,current,False
30214,33276,current,True
30215,55430,new,False
30216,23604,current,False
30217,13406,current,True
30218,42930,current,True
30219,15806,current,True
30220,87705,new,False
30221,28027,current,False
30222,77735,new,True
30223,12381,current,False
30224,59543,new,False
30225,10588,current,False
30226,86319,new,False
30227,30516,current,False
30228,65638,new,False
30229,40972,current,False
30230,25062,current,True
30231,30359,current,False
30232,62123,new,False
30233,75247,new,False
30234,75281,new,True
30235,85929,new,False
30236,35823,current,True
30237,13299,current,True
30238,14367,current,False
30239,54461,new,False
30240,78947,new,True
30241,24028,current,True
30242,81643,new,True
30243,52926,new,False
30244,77905,new,False
30245,61377,new,True
30246,63355,new,False
30247,77541,new,True
30248,96447,new,False
30249,94632,new,True
30250,52238,new,False
30251,25313,current,True
30252,15513,current,True
30253,95469,new,True
30254,13954,current,False
30255,25245,current,False
30256,99273,new,False
30257,33814,current,False
30258,11296,current,True
30259,11187,current,False
30260,79382,new,True
30261,87551,new,False
30262,25619,current,False
30263,76913,new,False
30264,97887,new,True
30265,10518,current,True
30266,93159,new,False
30267,97802,new,False
30268,34007,current,False
30269,12833,current,True
30270,44086,current,True
30271,92003,new,True
30272,24134,current,False
30273,15117,current,True
30274,63460,new,False
30275,13661,current,False
30276,47602,current,False
30277,72403,new,True
30278,44908,current,True
30279,43823,current,False
30280,85437,new,False
30281,19809,current,False
30282,14809,current,True
30283,13776,current,False
30284,28308,current,False
30285,73396,new,False
30286,11397,current,False
30287,95774,new,True
30288,85526,new,True
30289,80880,new,False
30290,17915,current,True
30291,70902,new,False
30292,68208,new,False
30293,34293,current,False
30294,28446,current,True
30295,56424,new,True
30296,77629,new,False
30297,31097,current,False
30298,10522,current,False
30299,66387,new,True
30300,39455,current,True
30301,77723,new,False
30302,55801,new,False
30303,49661,current,True
30304,54695,new,False
30305,49662,current,False
30306,20590,current,False
30307,56256,new,True
30308,64927,new,True
30309,56714,new,False
30310,66434,new,True
30311,34551,current,False
30312,25107,current,False
30313,44241,current,False
30314,40960,current,True
30315,89210,new,True
30316,14862,current,False
30317,88970,new,False
30318,58298,new,True
30319,16767,current,False
30320,31298,current,False
30321,44743,current,False
30322,91275,new,False
30323,43466,current,False
30324,40783,current,False
30325,64694,new,True
30326,28709,current,True
30327,92054,new,True
30328,57995,new,False
30329,75832,new,False
30330,63428,new,False
30331,13142,current,True
30332,57545,new,False
30333,44375,current,False
30334,98331,new,False
30335,72357,new,True
30336,65053,new,True
30337,28481,current,True
30338,55257,new,True
30339,45956,current,False
30340,57008,new,True
30341,70798,new,False
30342,46963,current,False
30343,30456,current,False
30344,32510,current,False
30345,14623,current,False
30346,98276,new,False
30347,40478,current,True
30348,29086,current,False
30349,53518,new,False
30350,70148,new,False
30351,66181,new,True
30352,23913,current,False
30353,77610,new,False
30354,42041,current,False
30355,58066,new,True
30356,30209,current,False
30357,97199,new,False
30358,72398,new,True
30359,98500,new,False
30360,47530,current,False
30361,51026,new,True
30362,62020,new,False
30363,14865,current,False
30364,70863,new,False
30365,10455,current,False
30366,13569,current,False
30367,63043,new,True
30368,90872,new,True
30369,54643,new,False
30370,48765,current,False
30371,64422,new,False
30372,68796,new,True
30373,78961,new,False
30374,53191,new,True
30375,92715,new,False
30376,45096,current,True
30377,30652,current,False
30378,33843,current,True
30379,22192,current,False
30380,15311,current,True
30381,94538,new,False
30382,11197,current,False
30383,99219,new,False
30384,65370,new,True
30385,53475,new,True
30386,79929,new,True
30387,34757,current,True
30388,98008,new,True
30389,60707,new,True
30390,96131,new,False
30391,59705,new,True
30392,88809,new,False
30393,81416,new,False
30394,96785,new,False
30395,41445,current,True
30396,65608,new,True
30397,35602,current,True
30398,39898,current,True
30399,51078,new,True
30400,23524,current,False
30401,16039,current,False
30402,21200,current,False
30403,68003,new,True
30404,38524,current,True
30405,88825,new,False
30406,23888,current,False
30407,13754,current,False
30408,71774,new,True
30409,68465,new,False
30410,84623,new,True
30411,87690,new,False
30412,73966,new,True
30413,69149,new,True
30414,91305,new,False
30415,60406,new,False
30416,16485,current,False
30417,99952,new,False
30418,65905,new,True
30419,97193,new,True
30420,48315,current,False
30421,60565,new,True
30422,94855,new,True
30423,21454,current,False
30424,85206,new,False
30425,12602,current,True
30426,54214,new,False
30427,14676,current,True
30428,35066,current,False
30429,67939,new,False
30430,42028,current,False
30431,68663,new,False
30432,47999,current,False
30433,91513,new,False
30434,28865,current,True
30435,66717,new,False
30436,18939,current,False
30437,15639,current,False
30438,78660,new,True
30439,92639,new,False
30440,11548,current,False
30441,36659,current,False
30442,55123,new,False
30443,80092,new,False
30444,31050,current,False
30445,33669,current,False
30446,59718,new,False
30447,88686,new,True
30448,85918,new,False
30449,74808,new,False
30450,75488,new,True
30451,68588,new,True
30452,80943,new,False
30453,40511,current,True
30454,28869,current,False
30455,12993,current,False
30456,94822,new,False
30457,92059,new,False
30458,80849,new,True
30459,86096,new,False
30460,98351,new,False
30461,11373,current,False
30462,68769,new,True
30463,68417,new,True
30464,51287,new,True
30465,60994,new,True
30466,33567,current,False
30467,17187,current,False
30468,32267,current,True
30469,45329,current,True
30470,47159,current,False
30471,24498,current,False
30472,59701,new,False
30473,39537,current,False
30474,74148,new,True
30475,94075,new,False
30476,85298,new,True
30477,39883,current,False
30478,85797,new,False
30479,70244,new,True
30480,40170,current,False
30481,57155,new,False
30482,72030,new,True
30483,96493,new,False
30484,96132,new,True
30485,77786,new,False
30486,57970,new,False
30487,28215,current,True
30488,18018,current,False
30489,30176,current,False
30490,72483,new,True
30491,65895,new,False
30492,69462,new,True
30493,21842,current,True
30494,40982,current,False
30495,14486,current,False
30496,19634,current,False
30497,89300,new,False
30498,84556,new,False
30499,42718,current,False
30500,76025,new,False
30501,53461,new,False
30502,70751,new,False
30503,72231,new,True
30504,48965,current,False
30505,97352,new,True
30506,26553,current,True
30507,16741,current,True
30508,42749,current,False
30509,63701,new,False
30510,41077,current,False
30511,48331,current,False
30512,20636,current,False
30513,16373,current,False
30514,63169,new,True
30515,15317,current,False
30516,59245,new,False
30517,42741,current,False
30518,37735,current,False
30519,72911,new,True
30520,51287,new,True
30521,93431,new,False
30522,27148,current,False
30523,57182,new,True
30524,27357,current,False
30525,80730,new,False
30526,68594,new,False
30527,88402,new,True
30528,80965,new,False
30529,65956,new,False
30530,39858,current,False
30531,46147,current,False
30532,53668,new,True
30533,69305,new,False
30534,52178,new,False
30535,48308,current,False
30536,46298,current,True
30537,90918,new,False
30538,80372,new,False
30539,89691,new,False
30540,62481,new,False
30541,79360,new,True
30542,35540,current,False
30543,57327,new,True
30544,43002,current,True
30545,45855,current,True
30546,31657,current,False
30547,65182,new,False
30548,80633,new,False
30549,62919,new,False
30550,80783,new,False
30551,53464,new,False
30552,99952,new,False
30553,30759,current,False
30554,77187,new,True
30555,38610,current,True
30556,33281,current,False
30557,17296,current,False
30558,87213,new,True
30559,85640,new,False
30560,76289,new,False
30561,61058,new,False
30562,88151,new,False
30563,20199,current,False
30564,79768,new,True
30565,90544,new,False
30566,51982,new,False
30567,10241,current,True
30568,39988,current,False
30569,12136,current,True
30570,28701,current,False
30571,82840,new,True
30572,73688,new,True
30573,20987,current,False
30574,39895,current,True
30575,64855,new,True
30576,15317,current,True
30577,10973,current,True
30578,26764,current,False
30579,24360,current,False
30580,93377,new,True
30581,94031,new,True
30582,51291,new,True
30583,81617,new,False
30584,38595,current,False
30585,96191,new,False
30586,43536,current,False
30587,21217,current,False
30588,12952,current,False
30589,54137,new,True
30590,70401,new,True
30591,29557,current,False
30592,88477,new,False
30593,45533,current,False
30594,36450,current,True
30595,31758,current,False
30596,23563,current,True
30597,30661,current,False
30598,22220,current,False
30599,48407,current,True
30600,98924,new,True
30601,24272,current,False
30602,71761,new,False
30603,33572,current,True
30604,90320,new,False
30605,56126,new,False
30606,23279,current,False
30607,36990,current,False
30608,41211,current,False
30609,71195,new,False
30610,44381,current,True
30611,35930,current,False
30612,12836,current,False
30613,33125,current,False
30614,96221,new,False
30615,85212,new,True
30616,40612,current,False
30617,78042,new,False
30618,40952,current,False
30619,27656,current,False
30620,69289,new,False
30621,66250,new,False
30622,46070,current,False
30623,75341,new,True
30624,59949,new,False
30625,62466,new,True
30626,39746,current,True
30627,18568,current,True
30628,71818,new,False
30629,88694,new,False
30630,65461,new,False
30631,65930,new,False
30632,72471,new,False
30633,89724,new,False
30634,58278,new,True
30635,54500,new,False
30636,88033,new,True
30637,55796,new,True
30638,24511,current,False
30639,76831,new,False
30640,40621,current,False
30641,74487,new,False
30642,51278,new,False
30643,49657,current,False
30644,94138,new,True
30645,30283,current,False
30646,96413,new,False
30647,52101,new,True
30648,73450,new,True
30649,17730,current,False
30650,34660,current,False
30651,68588,new,False
30652,76392,new,True
30653,70223,new,True
30654,25870,current,False
30655,16102,current,False
30656,60970,new,True
30657,24744,current,True
30658,85570,new,True
30659,17286,current,False
30660,31564,current,False
30661,26974,current,False
30662,98053,new,False
30663,61310,new,False
30664,11743,current,False
30665,45854,current,True
30666,39431,current,False
30667,13407,current,False
30668,29001,current,False
30669,98063,new,True
30670,42602,current,False
30671,77339,new,True
30672,51912,new,True
30673,39039,current,False
30674,64979,new,True
30675,50922,new,False
30676,72877,new,False
30677,61671,new,True
30678,90151,new,True
30679,44790,current,True
30680,11484,current,False
30681,14892,current,False
30682,75613,new,False
30683,66275,new,True
30684,53323,new,False
30685,28814,current,False
30686,58093,new,False
30687,66715,new,True
30688,96879,new,True
30689,31834,current,True
30690,45666,current,False
30691,42932,current,False
30692,67067,new,False
30693,10703,current,False
30694,43814,current,True
30695,68721,new,True
30696,20608,current,False
30697,41564,current,False
30698,20966,current,False
30699,52520,new,True
30700,14869,current,False
30701,56415,new,True
30702,80746,new,True
30703,36346,current,False
30704,23369,current,False
30705,42741,current,True
30706,13556,current,False
30707,52717,new,True
30708,97913,new,True
30709,94902,new,True
30710,56682,new,True
30711,69321,new,True
30712,24747,current,False
30713,14708,current,True
30714,94990,new,False
30715,73587,new,True
30716,25230,current,False
30717,90645,new,False
30718,49114,current,False
30719,46250,current,False
30720,88789,new,False
30721,42722,current,False
30722,32395,current,False
30723,99820,new,False
30724,95275,new,True
30725,22370,current,False
30726,97816,new,True
30727,66190,new,False
30728,94170,new,False
30729,87611,new,False
30730,41704,current,False
30731,66321,new,False
30732,29927,current,False
30733,40038,current,True
30734,44809,current,False
30735,16960,current,False
30736,61435,new,False
30737,71755,new,False
30738,17518,current,False
30739,30238,current,False
30740,21408,current,True
30741,76651,new,True
30742,40941,current,True
30743,82178,new,False
30744,99017,new,False
30745,82146,new,True
30746,58089,new,False
30747,55434,new,False
30748,20157,current,False
30749,25702,current,False
30750,79229,new,False
30751,48123,current,True
30752,68113,new,False
30753,88338,new,True
30754,10293,current,False
30755,31778,current,False
30756,41624,current,False
30757,54217,new,False
30758,64658,new,True
30759,73008,new,True
30760,55418,new,True
30761,28171,current,False
30762,81522,new,False
30763,34285,current,False
30764,81680,new,False
30765,98217,new,True
30766,23608,current,True
30767,76581,new,False
30768,63804,new,False
30769,29573,current,False
30770,79146,new,False
30771,36706,current,True
30772,80382,new,False
30773,19828,current,True
30774,70039,new,True
30775,47509,current,True
30776,89750,new,True
30777,35105,current,False
30778,45702,current,True
30779,16672,current,True
30780,64154,new,False
30781,23602,current,True
30782,31353,current,False
30783,58512,new,True
30784,25151,current,True
30785,59090,new,False
30786,35248,current,True
30787,23477,current,False
30788,50990,new,True
30789,59932,new,False
30790,45935,current,True
30791,62748,new,True
30792,44656,current,False
30793,17950,current,False
30794,33564,current,False
30795,23123,current,False
30796,44563,current,False
30797,98681,new,False
30798,51354,new,False
30799,98330,new,False
30800,61798,new,False
30801,93210,new,False
30802,96408,new,False
30803,47609,current,True
30804,61922,new,False
30805,42202,current,True
30806,23580,current,False
30807,61023,new,True
30808,26568,current,False
30809,95924,new,False
30810,97836,new,True
30811,56538,new,True
30812,46965,current,True
30813,84287,new,True
30814,88085,new,False
30815,89751,new,True
30816,41536,current,False
30817,47178,current,True
30818,15423,current,True
30819,49796,current,True
30820,96925,new,False
30821,25122,current,False
30822,26079,current,True
30823,99061,new,False
30824,83763,new,True
30825,23869,current,False
30826,21675,current,False
30827,46209,current,False
30828,67731,new,True
30829,54269,new,False
30830,65953,new,False
30831,63587,new,True
30832,47762,current,False
30833,12342,current,False
30834,14127,current,False
30835,85601,new,False
30836,33181,current,False
30837,68548,new,True
30838,66953,new,False
30839,63108,new,True
30840,61312,new,False
30841,82663,new,False
30842,54739,new,False
30843,18554,current,False
30844,21757,current,False
30845,41965,current,True
30846,94121,new,False
30847,31663,current,False
30848,94276,new,False
30849,49631,current,False
30850,92936,new,False
30851,20415,current,False
30852,16964,current,False
30853,75948,new,False
30854,81913,new,False
30855,69622,new,False
30856,97027,new,False
30857,90441,new,False
30858,27767,current,False
30859,57965,new,True
30860,76160,new,False
30861,80379,new,True
30862,72881,new,False
30863,69290,new,False
30864,89504,new,True
30865,79091,new,True
30866,47817,current,False
30867,13230,current,False
30868,13323,current,False
30869,13969,current,False
30870,10220,current,False
30871,89313,new,True
30872,20458,current,False
30873,36653,current,False
30874,21732,current,False
30875,80740,new,True
30876,58347,new,False
30877,19083,current,False
30878,57279,new,True
30879,58027,new,False
30880,78082,new,True
30881,76750,new,True
30882,39386,current,False
30883,89731,new,False
30884,44242,current,False
30885,66981,new,False
30886,60995,new,True
30887,52707,new,True
30888,41072,current,False
30889,17489,current,False
30890,76477,new,False
30891,50886,new,True
30892,63115,new,False
30893,23878,current,True
30894,45687,current,False
30895,65319,new,True
30896,52330,new,False
30897,25631,current,False
30898,43262,current,False
30899,18017,current,False
30900,30479,current,True
30901,85377,new,False
30902,23491,current,True
30903,77834,new,True
30904,86239,new,True
30905,95008,new,False
30906,77594,new,False
30907,51523,new,False
30908,96716,new,False
30909,64169,new,False
30910,18986,current,False
30911,46214,current,False
30912,42228,current,False
30913,36207,current,False
30914,93780,new,False
30915,18340,current,True
30916,60272,new,True
30917,13032,current,False
30918,45533,current,False
30919,25426,current,False
30920,67151,new,True
30921,45356,current,False
30922,73184,new,False
30923,79691,new,False
30924,21900,current,False
30925,62658,new,False
30926,25459,current,False
30927,55897,new,True
30928,81865,new,False
30929,35865,current,False
30930,58056,new,True
30931,34681,current,False
30932,48945,current,False
30933,34303,current,False
30934,46926,current,True
30935,59781,new,False
30936,56810,new,True
30937,31471,current,False
30938,55730,new,True
30939,70254,new,False
30940,19603,current,False
30941,81205,new,True
30942,24809,current,True
30943,47130,current,True
30944,49760,current,True
30945,50723,new,True
30946,81658,new,True
30947,17799,current,True
30948,28659,current,True
30949,70438,new,False
30950,44010,current,True
30951,38920,current,True
30952,81053,new,False
30953,27670,current,True
30954,46719,current,False
30955,41577,current,False
30956,34788,current,True
30957,16062,current,False
30958,31166,current,False
30959,42061,current,True
30960,12711,current,True
30961,72747,new,False
30962,11669,current,True
30963,35127,current,True
30964,89741,new,True
30965,18837,current,False
30966,44497,current,False
30967,83341,new,False
30968,66551,new,False
30969,65981,new,False
30970,22359,current,False
30971,24533,current,True
30972,32677,current,True
30973,21299,current,False
30974,53520,new,True
30975,44458,current,False
30976,15464,current,True
30977,41019,current,False
30978,32953,current,True
30979,52467,new,True
30980,43757,current,False
30981,16214,current,False
30982,38524,current,False
30983,78834,new,True
30984,79475,new,False
30985,65385,new,True
30986,24918,current,False
30987,38590,current,False
30988,30603,current,False
30989,93807,new,True
30990,82997,new,True
30991,44840,current,True
30992,68373,new,False
30993,86238,new,False
30994,19474,current,False
30995,56949,new,True
30996,63199,new,False
30997,37234,current,False
30998,71703,new,True
30999,38128,current,True
31000,76765,new,True
31001,56824,new,False
31002,42236,current,True
31003,39233,current,False
31004,23722,current,False
31005,56297,new,False
31006,18293,current,False
31007,22094,current,False
31008,51382,new,False
31009,14793,current,False
31010,62610,new,True
31011,46866,current,False
31012,10180,current,False
31013,68591,new,True
31014,42347,current,True
31015,36724,current,True
31016,87374,new,True
31017,58788,new,True
31018,17790,current,False
31019,36137,current,False
31020,27601,current,False
31021,21152,current,False
31022,11654,current,True
31023,57766,new,False
31024,66031,new,True
31025,22756,current,False
31026,44809,current,False
31027,96390,new,False
31028,74889,new,False
31029,17667,current,False
31030,18129,current,False
31031,72345,new,False
31032,43073,current,False
31033,52237,new,False
31034,17899,current,False
31035,37531,current,False
31036,83036,new,True
31037,99555,new,True
31038,31437,current,False
31039,78022,new,False
31040,31718,current,False
31041,74786,new,True
31042,52046,new,True
31043,95826,new,False
31044,78625,new,False
31045,45264,current,False
31046,32103,current,False
31047,82885,new,False
31048,33564,current,False
31049,80933,new,True
31050,22258,current,True
31051,34547,current,False
31052,47239,current,False
31053,16401,current,False
31054,26989,current,False
31055,77628,new,True
31056,50887,new,True
31057,78198,new,True
31058,87590,new,False
31059,86351,new,True
31060,74924,new,False
31061,81035,new,False
31062,22978,current,True
31063,35103,current,True
31064,11234,current,True
31065,69147,new,False
31066,22266,current,True
31067,19649,current,True
31068,58747,new,False
31069,17697,current,False
31070,16040,current,False
31071,97452,new,False
31072,98931,new,True
31073,18258,current,False
31074,78342,new,False
31075,73112,new,False
31076,63057,new,True
31077,48964,current,False
31078,95342,new,False
31079,26307,current,True
31080,13852,current,False
31081,23481,current,False
31082,70302,new,True
31083,95350,new,False
31084,23897,current,False
31085,66623,new,True
31086,24188,current,False
31087,33236,current,False
31088,27692,current,True
31089,21986,current,True
31090,89313,new,False
31091,53312,new,False
31092,84677,new,True
31093,92779,new,False
31094,73678,new,False
31095,36422,current,False
31096,70783,new,False
31097,45768,current,False
31098,21977,current,False
31099,18997,current,False
31100,71635,new,False
31101,89520,new,True
31102,62440,new,True
31103,84220,new,False
31104,22850,current,False
31105,35682,current,True
31106,98405,new,True
31107,93516,new,True
31108,55510,new,True
31109,84813,new,True
31110,70141,new,False
31111,93906,new,True
31112,80840,new,True
31113,63414,new,False
31114,41413,current,False
31115,17817,current,False
31116,78989,new,False
31117,18612,current,True
31118,47574,current,False
31119,56633,new,True
31120,14789,current,True
31121,10761,current,False
31122,34718,current,False
31123,83698,new,False
31124,13734,current,False
31125,15407,current,False
31126,10478,current,False
31127,22457,current,False
31128,81598,new,False
31129,21730,current,False
31130,72019,new,False
31131,97331,new,False
31132,79652,new,False
31133,15393,current,False
31134,94285,new,False
31135,59872,new,False
31136,77426,new,True
31137,42177,current,False
31138,94567,new,True
31139,96031,new,True
31140,59648,new,False
31141,51450,new,True
31142,63491,new,True
31143,13154,current,False
31144,92105,new,True
31145,77467,new,True
31146,77080,new,False
31147,88184,new,True
31148,62919,new,True
31149,86222,new,True
31150,54617,new,True
31151,97541,new,False
31152,63932,new,False
31153,57383,new,False
31154,13430,current,False
31155,15643,current,True
31156,27047,current,False
31157,78977,new,False
31158,96827,new,False
31159,41993,current,False
31160,66224,new,False
31161,80904,new,False
31162,73057,new,True
31163,78606,new,False
31164,87445,new,False
31165,50584,new,True
31166,89326,new,False
31167,35772,current,False
31168,32457,current,False
31169,53920,new,False
31170,27385,current,False
31171,43760,current,False
31172,42374,current,False
31173,99703,new,False
31174,78996,new,True
31175,88578,new,True
31176,98332,new,True
31177,17517,current,False
31178,25401,current,False
31179,76533,new,False
31180,89803,new,False
31181,84630,new,True
31182,75866,new,False
31183,69888,new,True
31184,47082,current,False
31185,81056,new,False
31186,73382,new,True
31187,84168,new,True
31188,31896,current,False
31189,88099,new,False
31190,23143,current,False
31191,79690,new,False
31192,82977,new,True
31193,69478,new,True
31194,62854,new,True
31195,32453,current,True
31196,53704,new,False
31197,93670,new,False
31198,96973,new,False
31199,35555,current,False
31200,21130,current,False
31201,84594,new,False
31202,92700,new,True
31203,77925,new,True
31204,35569,current,True
31205,13282,current,False
31206,87284,new,False
31207,73653,new,False
31208,32082,current,False
31209,42842,current,False
31210,32444,current,False
31211,68791,new,False
31212,89450,new,True
31213,86840,new,True
31214,86206,new,False
31215,15582,current,False
31216,38406,current,True
31217,18313,current,False
31218,91349,new,False
31219,38385,current,False
31220,78936,new,True
31221,25348,current,False
31222,45849,current,False
31223,44429,current,False
31224,15013,current,True
31225,19450,current,False
31226,49311,current,False
31227,53721,new,False
31228,93617,new,False
31229,46390,current,False
31230,12578,current,False
31231,65672,new,False
31232,95800,new,True
31233,78466,new,True
31234,49491,current,False
31235,66691,new,True
31236,18371,current,True
31237,79797,new,True
31238,94305,new,False
31239,82919,new,False
31240,39422,current,False
31241,99846,new,False
31242,69949,new,False
31243,78533,new,False
31244,68322,new,False
31245,77339,new,True
31246,45719,current,True
31247,47988,current,False
31248,70961,new,True
31249,14967,current,False
31250,23419,current,False
31251,73564,new,False
31252,67939,new,True
31253,37268,current,False
31254,34134,current,False
31255,44968,current,False
31256,35895,current,False
31257,32179,current,True
31258,12725,current,True
31259,16574,current,True
31260,39446,current,True
31261,23516,current,True
31262,67335,new,True
31263,42586,current,True
31264,22361,current,False
31265,77499,new,True
31266,73107,new,True
31267,62289,new,False
31268,21242,current,False
31269,77254,new,False
31270,45619,current,False
31271,37739,current,True
31272,81480,new,True
31273,15199,current,True
31274,51512,new,True
31275,90076,new,False
31276,41758,current,False
31277,82159,new,False
31278,45214,current,False
31279,28561,current,True
31280,97595,new,False
31281,46221,current,False
31282,33560,current,True
31283,77176,new,False
31284,34371,current,True
31285,64601,new,True
31286,44768,current,True
31287,41435,current,False
31288,62126,new,False
31289,90552,new,False
31290,82673,new,True
31291,32231,current,True
31292,21773,current,False
31293,44506,current,False
31294,78106,new,False
31295,47236,current,False
31296,32763,current,False
31297,17004,current,False
31298,32704,current,False
31299,71885,new,False
31300,80255,new,False
31301,18037,current,False
31302,65869,new,False
31303,80429,new,False
31304,16617,current,False
31305,41796,current,False
31306,83279,new,True
31307,39231,current,True
31308,32611,current,False
31309,23960,current,False
31310,16033,current,False
31311,80749,new,False
31312,79990,new,True
31313,41122,current,False
31314,67656,new,True
31315,36532,current,True
31316,20763,current,False
31317,97940,new,False
31318,55575,new,True
31319,20260,current,False
31320,78865,new,True
31321,51446,new,True
31322,33342,current,False
31323,32020,current,True
31324,92301,new,False
31325,34381,current,False
31326,82831,new,True
31327,37092,current,True
31328,47014,current,False
31329,66519,new,False
31330,60012,new,True
31331,66408,new,True
31332,99037,new,False
31333,69268,new,True
31334,78457,new,True
31335,86332,new,False
31336,92821,new,False
31337,14620,current,False
31338,24029,current,False
31339,72727,new,True
31340,81633,new,False
31341,19936,current,False
31342,22007,current,True
31343,10539,current,True
31344,43959,current,False
31345,13347,current,False
31346,62662,new,True
31347,91408,new,True
31348,85944,new,False
31349,29188,current,True
31350,70710,new,False
31351,70336,new,True
31352,91600,new,False
31353,19465,current,False
31354,13410,current,False
31355,86828,new,False
31356,57173,new,False
31357,28080,current,False
31358,71472,new,False
31359,32820,current,False
31360,71797,new,False
31361,26795,current,False
31362,14070,current,False
31363,27462,current,False
31364,87072,new,False
31365,28315,current,False
31366,68585,new,False
31367,95266,new,True
31368,58628,new,True
31369,39586,current,False
31370,87308,new,False
31371,96327,new,True
31372,48142,current,False
31373,83701,new,False
31374,28279,current,True
31375,34845,current,False
31376,35489,current,False
31377,84495,new,False
31378,20491,current,False
31379,99530,new,True
31380,14438,current,True
31381,22111,current,False
31382,85234,new,False
31383,96822,new,False
31384,70389,new,False
31385,79014,new,True
31386,65363,new,False
31387,10639,current,True
31388,42027,current,False
31389,18432,current,False
31390,32666,current,False
31391,76936,new,False
31392,82481,new,True
31393,82513,new,True
31394,21963,current,False
31395,61620,new,True
31396,24227,current,False
31397,34804,current,True
31398,64746,new,True
31399,84979,new,True
31400,24919,current,True
31401,53547,new,False
31402,50513,new,True
31403,49322,current,False
31404,62455,new,False
31405,69817,new,True
31406,20096,current,False
31407,20810,current,False
31408,45735,current,True
31409,42917,current,False
31410,47088,current,False
31411,17143,current,False
31412,90509,new,True
31413,17899,current,False
31414,36147,current,False
31415,52068,new,True
31416,61327,new,True
31417,53018,new,False
31418,27373,current,False
31419,31803,current,False
31420,36618,current,False
31421,84025,new,True
31422,91203,new,False
31423,93606,new,False
31424,99448,new,True
31425,79369,new,True
31426,59477,new,False
31427,50899,new,False
31428,18030,current,True
31429,32564,current,True
31430,50027,new,True
31431,73191,new,False
31432,45653,current,False
31433,61960,new,True
31434,25283,current,False
31435,99170,new,True
31436,77118,new,False
31437,71381,new,False
31438,48086,current,True
31439,59318,new,True
31440,77104,new,True
31441,65743,new,False
31442,51149,new,False
31443,56587,new,True
31444,14050,current,True
31445,97366,new,False
31446,60616,new,False
31447,50436,new,False
31448,27341,current,False
31449,15494,current,False
31450,79830,new,False
31451,59059,new,True
31452,56687,new,False
31453,33309,current,False
31454,70478,new,False
31455,43281,current,True
31456,36661,current,False
31457,97253,new,True
31458,60428,new,False
31459,28804,current,False
31460,26175,current,False
31461,49519,current,False
31462,46305,current,False
31463,33784,current,False
31464,97942,new,True
31465,55434,new,False
31466,90757,new,False
31467,89429,new,True
31468,27501,current,False
31469,16583,current,False
31470,79388,new,True
31471,90904,new,False
31472,30087,current,False
31473,90494,new,True
31474,98725,new,True
31475,29773,current,False
31476,13475,current,True
31477,90623,new,False
31478,85323,new,True
31479,87261,new,True
31480,49988,current,True
31481,54198,new,True
31482,10385,current,True
31483,14098,current,True
31484,97246,new,False
31485,28905,current,False
31486,85608,new,True
31487,83130,new,False
31488,83133,new,False
31489,98739,new,True
31490,58441,new,False
31491,54260,new,False
31492,13998,current,False
31493,36209,current,True
31494,79016,new,True
31495,47863,current,False
31496,24244,current,False
31497,70561,new,True
31498,77904,new,True
31499,42623,current,True
31500,14769,current,False
31501,46043,current,True
31502,11661,current,False
31503,68004,new,True
31504,27418,current,False
31505,21560,current,True
31506,87917,new,True
31507,32458,current,False
31508,42877,current,False
31509,16087,current,True
31510,47087,current,False
31511,28115,current,False
31512,86912,new,False
31513,79219,new,False
31514,79941,new,False
31515,74699,new,True
31516,96827,new,False
31517,78536,new,False
31518,24739,current,False
31519,32234,current,False
31520,48638,current,False
31521,82236,new,True
31522,32775,current,True
31523,27128,current,False
31524,55177,new,True
31525,36878,current,False
31526,23339,current,False
31527,22448,current,True
31528,91127,new,False
31529,41091,current,True
31530,48979,current,True
31531,64407,new,False
31532,73301,new,True
31533,19225,current,False
31534,57750,new,False
31535,31906,current,False
31536,30572,current,False
31537,32104,current,False
31538,89692,new,True
31539,73590,new,True
31540,72206,new,True
31541,88723,new,True
31542,32021,current,False
31543,26018,current,False
31544,90760,new,False
31545,60111,new,False
31546,43056,current,False
31547,35782,current,False
31548,62986,new,True
31549,40786,current,True
31550,50822,new,False
31551,85536,new,False
31552,27067,current,False
31553,11032,current,True
31554,97349,new,False
31555,13659,current,False
31556,51142,new,False
31557,33947,current,False
31558,64278,new,True
31559,67984,new,True
31560,35533,current,True
31561,12771,current,False
31562,88535,new,False
31563,34118,current,False
31564,61388,new,False
31565,47058,current,False
31566,72321,new,True
31567,92455,new,True
31568,15612,current,False
31569,76210,new,True
31570,72447,new,False
31571,96574,new,True
31572,15128,current,False
31573,17513,current,False
31574,49114,current,False
31575,61112,new,False
31576,38390,current,True
31577,49653,current,True
31578,41544,current,False
31579,85837,new,False
31580,25762,current,False
31581,98600,new,False
31582,55493,new,False
31583,37008,current,False
31584,25863,current,True
31585,68247,new,True
31586,55730,new,True
31587,39244,current,False
31588,18605,current,False
31589,17206,current,False
31590,64892,new,False
31591,68219,new,True
31592,23528,current,True
31593,79173,new,False
31594,42235,current,False
31595,48553,current,False
31596,13667,current,False
31597,19558,current,False
31598,26120,current,False
31599,85412,new,False
31600,19430,current,False
31601,77133,new,False
31602,76784,new,False
31603,70553,new,True
31604,67449,new,False
31605,59500,new,True
31606,33804,current,False
31607,35233,current,False
31608,12345,current,True
31609,23018,current,False
31610,37245,current,True
31611,91554,new,False
31612,30458,current,False
31613,24461,current,False
31614,13495,current,False
31615,43536,current,False
31616,21316,current,False
31617,68724,new,False
31618,12973,current,False
31619,25304,current,False
31620,91156,new,True
31621,64221,new,False
31622,56861,new,True
31623,30326,current,False
31624,95896,new,True
31625,60610,new,False
31626,57271,new,True
31627,12854,current,False
31628,52097,new,False
31629,49737,current,False
31630,30348,current,False
31631,53619,new,False
31632,56561,new,False
31633,46107,current,True
31634,80386,new,True
31635,40952,current,False
31636,60553,new,True
31637,24202,current,False
31638,14838,current,False
31639,15658,current,False
31640,36220,current,True
31641,45586,current,False
31642,39597,current,True
31643,44517,current,False
31644,87565,new,False
31645,43704,current,False
31646,27412,current,False
31647,60260,new,False
31648,78125,new,False
31649,70421,new,False
31650,37528,current,False
31651,83036,new,True
31652,25187,current,False
31653,69396,new,True
31654,27795,current,False
31655,12527,current,False
31656,23475,current,False
31657,41577,current,False
31658,51843,new,False
31659,32956,current,False
31660,19497,current,False
31661,38122,current,True
31662,40279,current,False
31663,63538,new,True
31664,23391,current,False
31665,68160,new,False
31666,20450,current,False
31667,28769,current,False
31668,33747,current,True
31669,72178,new,False
31670,22845,current,False
31671,89928,new,False
31672,72367,new,True
31673,72651,new,False
31674,58161,new,True
31675,88336,new,True
31676,37212,current,False
31677,88428,new,True
31678,54924,new,False
31679,66160,new,False
31680,11657,current,False
31681,73675,new,True
31682,13191,current,False
31683,83539,new,True
31684,98526,new,True
31685,12169,current,False
31686,77556,new,False
31687,49580,current,False
31688,69840,new,True
31689,71931,new,False
31690,93910,new,False
31691,68549,new,False
31692,55615,new,False
31693,49369,current,False
31694,22921,current,False
31695,11053,current,False
31696,73790,new,False
31697,97489,new,True
31698,43850,current,False
31699,30721,current,True
31700,12596,current,False
31701,42440,current,True
31702,15648,current,False
31703,49831,current,False
31704,59720,new,True
31705,20863,current,True
31706,34917,current,False
31707,35142,current,True
31708,21664,current,False
31709,48445,current,False
31710,24503,current,False
31711,98297,new,True
31712,88440,new,False
31713,88454,new,False
31714,56779,new,False
31715,90889,new,True
31716,38126,current,False
31717,88767,new,True
31718,51509,new,False
31719,24982,current,False
31720,90675,new,False
31721,24806,current,False
31722,94858,new,False
31723,19063,current,True
31724,52807,new,True
31725,43554,current,False
31726,66741,new,True
31727,73917,new,False
31728,85904,new,True
31729,91719,new,False
31730,69141,new,False
31731,88253,new,False
31732,92346,new,False
31733,66848,new,False
31734,10149,current,False
31735,36188,current,False
31736,66906,new,True
31737,44972,current,False
31738,51728,new,False
31739,47762,current,True
31740,18812,current,False
31741,48016,current,False
31742,96682,new,False
31743,78400,new,True
31744,51056,new,True
31745,90582,new,False
31746,26817,current,False
31747,46848,current,True
31748,91762,new,True
31749,36001,current,True
31750,68963,new,True
31751,97844,new,True
31752,14736,current,False
31753,89450,new,True
31754,12471,current,False
31755,57288,new,True
31756,69454,new,False
31757,40994,current,False
31758,44205,current,False
31759,54566,new,True
31760,25934,current,True
31761,17621,current,False
31762,18337,current,False
31763,79695,new,True
31764,57500,new,False
31765,63292,new,True
31766,80630,new,True
31767,13784,current,False
31768,33612,current,False
31769,45422,current,True
31770,76261,new,False
31771,21234,current,False
31772,48945,current,False
31773,39005,current,False
31774,51500,new,False
31775,35228,current,False
31776,80266,new,True
31777,28556,current,False
31778,30347,current,False
31779,16927,current,False
31780,77147,new,False
31781,49190,current,True
31782,97740,new,False
31783,35282,current,True
31784,58054,new,False
31785,26836,current,True
31786,41878,current,False
31787,19280,current,False
31788,12762,current,False
31789,95703,new,True
31790,56086,new,True
31791,98614,new,False
31792,37209,current,False
31793,83035,new,True
31794,83634,new,True
31795,79729,new,False
31796,91819,new,False
31797,43937,current,False
31798,89753,new,True
31799,25319,current,False
31800,43483,current,False
31801,62720,new,False
31802,49416,current,False
31803,38126,current,False
31804,96984,new,False
31805,88558,new,False
31806,56324,new,False
31807,98932,new,True
31808,39113,current,True
31809,29380,current,False
31810,42485,current,False
31811,22921,current,False
31812,79451,new,False
31813,63002,new,True
31814,45769,current,False
31815,67056,new,False
31816,47540,current,False
31817,11464,current,False
31818,28576,current,False
31819,17813,current,True
31820,40957,current,False
31821,62712,new,True
31822,74358,new,False
31823,28796,current,False
31824,48282,current,False
31825,84665,new,False
31826,76566,new,True
31827,25879,current,False
31828,34372,current,False
31829,87883,new,True
31830,36307,current,False
31831,77861,new,True
31832,71558,new,True
31833,33266,current,True
31834,19419,current,False
31835,10487,current,False
31836,43667,current,False
31837,58561,new,True
31838,14034,current,False
31839,64826,new,True
31840,36148,current,True
31841,97570,new,False
31842,78665,new,False
31843,40623,current,False
31844,26661,current,False
31845,98231,new,False
31846,80129,new,False
31847,94324,new,False
31848,55056,new,False
31849,72183,new,True
31850,37779,current,True
31851,67660,new,False
31852,10843,current,True
31853,63309,new,True
31854,20189,current,True
31855,60190,new,False
31856,69370,new,False
31857,73268,new,False
31858,34557,current,False
31859,70848,new,True
31860,13659,current,False
31861,70449,new,True
31862,56034,new,False
31863,36900,current,False
31864,54412,new,True
31865,49479,current,True
31866,29225,current,False
31867,10100,current,True
31868,63770,new,False
31869,12591,current,True
31870,50840,new,True
31871,84357,new,False
31872,90451,new,True
31873,26418,current,True
31874,80673,new,True
31875,82259,new,False
31876,43214,current,True
31877,39198,current,False
31878,90874,new,False
31879,23909,current,False
31880,25622,current,False
31881,84415,new,False
31882,67056,new,False
31883,94175,new,True
31884,19821,current,True
31885,36269,current,False
31886,89414,new,False
31887,89217,new,False
31888,44826,current,False
31889,41938,current,True
31890,39931,current,False
31891,64123,new,True
31892,69715,new,False
31893,46106,current,False
31894,37815,current,False
31895,80722,new,False
31896,21236,current,False
31897,25902,current,False
31898,29408,current,False
31899,97798,new,False
31900,80371,new,True
31901,42983,current,True
31902,96068,new,False
31903,50655,new,False
31904,39947,current,True
31905,49381,current,False
31906,87012,new,True
31907,50982,new,False
31908,62695,new,False
31909,24625,current,False
31910,10841,current,False
31911,13953,current,False
31912,31922,current,False
31913,27593,current,False
31914,58021,new,False
31915,93833,new,True
31916,85941,new,False
31917,81675,new,True
31918,58166,new,False
31919,26854,current,True
31920,39281,current,False
31921,64409,new,False
31922,65098,new,True
31923,26697,current,True
31924,17822,current,False
31925,69668,new,True
31926,98390,new,True
31927,53440,new,True
31928,32316,current,False
31929,81290,new,True
31930,96080,new,True
31931,71806,new,False
31932,87343,new,False
31933,97682,new,False
31934,80066,new,False
31935,51828,new,False
31936,96834,new,True
31937,75306,new,False
31938,79836,new,False
31939,60853,new,True
31940,48525,current,False
31941,75237,new,True
31942,63040,new,True
31943,54479,new,False
31944,93622,new,True
31945,45850,current,True
31946,92552,new,True
31947,20812,current,False
31948,46750,current,False
31949,26448,current,False
31950,73489,new,False
31951,37671,current,False
31952,72421,new,False
31953,20255,current,False
31954,18264,current,True
31955,14931,current,True
31956,48023,current,False
31957,54444,new,True
31958,40825,current,False
31959,37434,current,False
31960,46060,current,False
31961,35660,current,False
31962,38597,current,False
31963,26704,current,True
31964,70886,new,False
31965,68749,new,False
31966,31564,current,False
31967,67018,new,False
31968,58620,new,True
31969,45636,current,False
31970,14656,current,True
31971,43912,current,True
31972,37323,current,False
31973,24500,current,False
31974,59038,new,True
31975,65267,new,True
31976,24025,current,False
31977,61891,new,False
31978,72720,new,True
31979,34888,current,True
31980,11515,current,False
31981,38141,current,False
31982,76462,new,True
31983,44662,current,True
31984,54324,new,False
31985,67352,new,False
31986,56073,new,True
31987,62743,new,False
31988,24678,current,True
31989,93919,new,False
31990,22491,current,False
31991,37067,current,False
31992,29849,current,True
31993,23550,current,False
31994,41659,current,True
31995,92361,new,False
31996,36244,current,True
31997,82805,new,True
31998,66966,new,False
31999,43288,current,False
32000,55163,new,True
32001,27090,current,True
32002,19166,current,True
32003,13671,current,False
32004,78792,new,True
32005,63813,new,False
32006,75456,new,True
32007,27223,current,True
32008,43100,current,False
32009,41565,current,False
32010,81413,new,False
32011,61221,new,True
32012,75301,new,False
32013,55580,new,True
32014,41695,current,False
32015,29271,current,True
32016,28849,current,False
32017,76236,new,True
32018,67811,new,False
32019,85204,new,True
32020,52669,new,True
32021,83281,new,True
32022,35615,current,False
32023,46079,current,True
32024,51469,new,True
32025,52830,new,False
32026,10685,current,True
32027,29996,current,False
32028,81898,new,False
32029,30105,current,False
32030,39359,current,True
32031,54182,new,False
32032,22147,current,False
32033,75851,new,False
32034,79535,new,True
32035,34567,current,False
32036,37024,current,True
32037,78032,new,True
32038,61571,new,True
32039,21634,current,False
32040,66995,new,True
32041,58916,new,False
32042,35898,current,False
32043,45323,current,True
32044,53464,new,True
32045,20722,current,False
32046,93404,new,True
32047,81054,new,False
32048,39688,current,False
32049,30013,current,False
32050,60914,new,False
32051,45652,current,False
32052,54622,new,False
32053,24541,current,False
32054,65002,new,False
32055,38805,current,False
32056,84457,new,False
32057,57362,new,False
32058,79099,new,False
32059,54360,new,True
32060,68191,new,False
32061,83749,new,False
32062,99520,new,True
32063,68493,new,True
32064,12555,current,False
32065,33156,current,True
32066,66823,new,True
32067,19551,current,False
32068,14507,current,True
32069,67977,new,False
32070,74651,new,False
32071,91798,new,False
32072,52118,new,False
32073,98919,new,True
32074,76526,new,True
32075,48230,current,False
32076,21143,current,False
32077,20137,current,False
32078,41247,current,False
32079,83533,new,False
32080,80821,new,True
32081,11342,current,False
32082,25202,current,False
32083,82127,new,False
32084,40454,current,False
32085,91659,new,False
32086,26487,current,True
32087,41344,current,False
32088,68055,new,False
32089,94369,new,False
32090,55215,new,True
32091,10938,current,True
32092,15293,current,False
32093,88757,new,True
32094,15945,current,False
32095,87501,new,False
32096,31730,current,False
32097,94487,new,True
32098,38320,current,False
32099,72925,new,True
32100,38704,current,False
32101,85593,new,True
32102,71083,new,True
32103,78938,new,True
32104,57128,new,True
32105,62478,new,True
32106,55659,new,False
32107,53273,new,True
32108,66519,new,True
32109,68868,new,False
32110,95575,new,True
32111,95209,new,False
32112,26667,current,True
32113,15302,current,True
32114,16759,current,True
32115,39002,current,False
32116,14307,current,False
32117,82453,new,True
32118,69519,new,False
32119,14505,current,True
32120,87356,new,False
32121,70476,new,False
32122,21958,current,False
32123,47364,current,True
32124,30325,current,False
32125,28204,current,False
32126,53009,new,False
32127,79463,new,False
32128,91221,new,False
32129,59684,new,False
32130,11254,current,False
32131,82977,new,True
32132,65940,new,True
32133,93597,new,True
32134,78569,new,False
32135,97831,new,False
32136,13650,current,False
32137,43055,current,False
32138,84274,new,False
32139,58176,new,False
32140,37886,current,False
32141,34089,current,False
32142,46461,current,False
32143,43752,current,False
32144,26829,current,True
32145,38112,current,True
32146,97811,new,False
32147,49458,current,False
32148,52276,new,False
32149,78867,new,True
32150,41981,current,True
32151,19608,current,True
32152,33710,current,True
32153,81789,new,True
32154,98395,new,False
32155,67636,new,False
32156,94182,new,False
32157,82458,new,False
32158,49159,current,False
32159,97836,new,False
32160,15183,current,False
32161,65372,new,False
32162,53052,new,True
32163,22233,current,False
32164,11226,current,False
32165,99146,new,False
32166,95059,new,True
32167,48059,current,False
32168,16435,current,False
32169,62793,new,False
32170,39724,current,False
32171,65321,new,False
32172,27662,current,False
32173,70951,new,False
32174,35336,current,False
32175,95824,new,True
32176,88851,new,False
32177,70034,new,False
32178,38385,current,True
32179,81370,new,True
32180,24625,current,False
32181,64182,new,False
32182,86303,new,True
32183,87590,new,False
32184,71382,new,False
32185,81096,new,True
32186,19595,current,False
32187,38713,current,False
32188,45209,current,False
32189,52389,new,True
32190,70280,new,True
32191,58039,new,False
32192,44172,current,True
32193,75073,new,True
32194,22954,current,False
32195,83612,new,True
32196,98563,new,False
32197,18932,current,False
32198,27114,current,True
32199,21239,current,False
32200,22210,current,False
32201,75111,new,False
32202,69347,new,False
32203,91312,new,False
32204,68991,new,False
32205,80095,new,True
32206,88545,new,False
32207,88625,new,False
32208,73096,new,False
32209,87615,new,True
32210,33652,current,False
32211,10110,current,False
32212,50439,new,False
32213,43782,current,False
32214,65590,new,False
32215,75971,new,False
32216,72338,new,True
32217,62884,new,False
32218,20662,current,False
32219,61185,new,True
32220,10449,current,True
32221,40639,current,False
32222,18795,current,False
32223,47857,current,True
32224,66251,new,False
32225,89815,new,True
32226,44099,current,True
32227,18754,current,True
32228,36505,current,False
32229,65275,new,False
32230,22568,current,True
32231,61764,new,False
32232,99981,new,False
32233,38686,current,False
32234,52485,new,False
32235,37452,current,True
32236,80039,new,True
32237,28361,current,False
32238,43701,current,False
32239,63931,new,True
32240,26332,current,False
32241,78791,new,True
32242,21707,current,False
32243,91756,new,False
32244,10505,current,False
32245,42710,current,True
32246,32876,current,False
32247,50308,new,True
32248,59819,new,False
32249,18516,current,True
32250,70071,new,False
32251,28956,current,False
32252,35346,current,True
32253,80183,new,True
32254,42778,current,False
32255,67454,new,True
32256,88173,new,False
32257,45169,current,False
32258,71424,new,False
32259,84794,new,False
32260,18054,current,False
32261,57466,new,False
32262,87413,new,False
32263,47427,current,False
32264,96019,new,True
32265,41341,current,False
32266,25284,current,True
32267,30541,current,True
32268,89962,new,False
32269,17909,current,True
32270,82108,new,False
32271,98880,new,False
32272,69208,new,True
32273,74117,new,True
32274,45385,current,False
32275,41472,current,False
32276,96229,new,False
32277,88848,new,False
32278,39452,current,False
32279,60848,new,True
32280,43410,current,True
32281,62532,new,True
32282,83752,new,False
32283,70503,new,False
32284,68026,new,False
32285,68377,new,True
32286,78144,new,True
32287,90563,new,False
32288,98167,new,False
32289,46699,current,False
32290,38939,current,False
32291,16988,current,False
32292,41278,current,False
32293,93432,new,False
32294,15562,current,False
32295,21826,current,False
32296,79025,new,True
32297,47245,current,False
32298,10867,current,True
32299,71548,new,False
32300,35748,current,False
32301,51253,new,False
32302,67318,new,False
32303,83829,new,True
32304,74834,new,True
32305,28368,current,False
32306,40681,current,False
32307,34705,current,False
32308,40077,current,True
32309,72113,new,False
32310,78794,new,False
32311,63727,new,True
32312,17993,current,False
32313,70178,new,True
32314,53960,new,True
32315,93599,new,False
32316,61480,new,False
32317,58801,new,True
32318,47028,current,False
32319,55702,new,True
32320,87576,new,False
32321,54981,new,False
32322,18732,current,False
32323,35858,current,False
32324,88882,new,True
32325,92894,new,True
32326,44233,current,False
32327,92247,new,False
32328,43684,current,False
32329,86682,new,True
32330,62294,new,False
32331,95814,new,True
32332,69630,new,False
32333,22098,current,False
32334,59371,new,True
32335,35247,current,True
32336,37639,current,True
32337,11440,current,False
32338,71537,new,True
32339,54344,new,False
32340,90994,new,False
32341,59374,new,False
32342,74655,new,False
32343,46061,current,False
32344,64625,new,False
32345,26844,current,False
32346,13274,current,False
32347,54456,new,True
32348,24636,current,False
32349,35245,current,False
32350,31312,current,False
32351,60692,new,True
32352,57696,new,True
32353,46714,current,False
32354,79053,new,True
32355,61318,new,False
32356,87167,new,False
32357,92138,new,False
32358,35684,current,True
32359,54419,new,True
32360,17310,current,False
32361,65331,new,False
32362,72198,new,False
32363,56905,new,True
32364,39455,current,True
32365,45734,current,False
32366,38164,current,False
32367,82699,new,False
32368,93074,new,False
32369,28010,current,False
32370,53014,new,True
32371,95081,new,True
32372,87344,new,False
32373,87994,new,True
32374,84015,new,True
32375,12139,current,False
32376,87657,new,False
32377,84696,new,False
32378,26188,current,False
32379,80104,new,False
32380,82218,new,True
32381,11351,current,False
32382,61640,new,True
32383,22257,current,False
32384,18761,current,True
32385,75762,new,True
32386,27516,current,False
32387,17692,current,True
32388,61306,new,False
32389,35054,current,True
32390,16938,current,False
32391,32755,current,False
32392,80990,new,True
32393,79723,new,True
32394,31953,current,False
32395,24997,current,True
32396,38137,current,True
32397,76589,new,False
32398,16116,current,False
32399,86659,new,False
32400,36325,current,False
32401,83339,new,True
32402,45766,current,False
32403,92423,new,False
32404,84600,new,False
32405,22789,current,False
32406,55006,new,False
32407,85614,new,True
32408,31162,current,True
32409,14585,current,False
32410,49623,current,False
32411,26592,current,True
32412,47420,current,False
32413,97230,new,True
32414,83745,new,False
32415,95491,new,False
32416,37106,current,False
32417,99756,new,True
32418,38572,current,True
32419,23797,current,True
32420,31336,current,True
32421,52237,new,True
32422,95597,new,False
32423,45090,current,False
32424,57222,new,False
32425,24347,current,True
32426,30987,current,False
32427,97024,new,True
32428,38726,current,False
32429,55566,new,False
32430,35552,current,False
32431,90632,new,True
32432,24341,current,False
32433,66716,new,False
32434,48642,current,True
32435,67523,new,False
32436,87939,new,False
32437,36088,current,False
32438,29236,current,False
32439,83381,new,False
32440,74118,new,False
32441,10810,current,False
32442,94314,new,True
32443,43754,current,False
32444,85322,new,True
32445,25611,current,False
32446,82014,new,False
32447,41664,current,False
32448,69140,new,False
32449,32234,current,True
32450,15811,current,False
32451,24094,current,True
32452,25651,current,True
32453,20113,current,True
32454,96948,new,True
32455,38261,current,True
32456,29974,current,False
32457,51775,new,True
32458,10101,current,False
32459,68463,new,False
32460,24686,current,False
32461,16627,current,False
32462,89219,new,False
32463,83157,new,False
32464,66274,new,False
32465,88126,new,False
32466,52661,new,True
32467,25469,current,True
32468,52467,new,False
32469,33894,current,False
32470,76417,new,True
32471,57152,new,True
32472,66100,new,True
32473,69098,new,False
32474,31693,current,False
32475,77606,new,False
32476,33254,current,True
32477,52122,new,False
32478,87083,new,True
32479,11643,current,False
32480,90448,new,False
32481,35849,current,False
32482,17502,current,True
32483,98986,new,False
32484,77693,new,True
32485,24643,current,True
32486,28968,current,False
32487,96583,new,True
32488,45727,current,True
32489,87521,new,False
32490,84894,new,True
32491,14010,current,True
32492,10491,current,True
32493,18754,current,False
32494,52784,new,True
32495,91044,new,True
32496,93423,new,True
32497,91744,new,True
32498,96899,new,False
32499,84819,new,False
32500,75720,new,False
32501,35215,current,True
32502,45194,current,False
32503,81223,new,False
32504,15010,current,False
32505,17800,current,True
32506,97304,new,True
32507,50589,new,False
32508,64328,new,False
32509,47032,current,True
32510,93383,new,True
32511,13096,current,True
32512,92355,new,True
32513,69622,new,False
32514,37585,current,True
32515,48266,current,False
32516,87978,new,True
32517,74735,new,True
32518,70352,new,False
32519,19767,current,False
32520,62746,new,False
32521,69067,new,False
32522,40294,current,False
32523,37744,current,False
32524,62798,new,True
32525,93675,new,True
32526,28850,current,False
32527,93948,new,False
32528,58502,new,True
32529,48546,current,False
32530,61570,new,True
32531,36299,current,True
32532,65196,new,True
32533,27830,current,False
32534,32394,current,True
32535,92524,new,True
32536,52517,new,True
32537,20389,current,False
32538,33295,current,True
32539,37962,current,False
32540,39639,current,False
32541,60151,new,False
32542,85813,new,True
32543,94690,new,True
32544,43151,current,False
32545,79578,new,False
32546,31996,current,True
32547,81285,new,True
32548,75317,new,False
32549,93437,new,True
32550,58761,new,True
32551,40584,current,False
32552,96729,new,True
32553,32656,current,True
32554,66490,new,False
32555,33396,current,False
32556,95313,new,False
32557,26280,current,False
32558,93633,new,False
32559,28037,current,False
32560,15165,current,True
32561,50130,new,False
32562,51301,new,False
32563,31232,current,True
32564,47655,current,False
32565,28568,current,True
32566,59300,new,True
32567,55049,new,False
32568,38105,current,False
32569,10145,current,False
32570,87826,new,False
32571,47971,current,False
32572,96089,new,True
32573,36040,current,False
32574,82383,new,False
32575,45705,current,False
32576,97502,new,False
32577,51929,new,False
32578,11018,current,False
32579,33728,current,False
32580,38106,current,False
32581,45209,current,True
32582,53157,new,False
32583,99445,new,False
32584,79752,new,False
32585,27597,current,False
32586,48415,current,False
32587,45801,current,False
32588,31263,current,False
32589,75183,new,True
32590,25116,current,False
32591,94973,new,True
32592,74255,new,False
32593,50975,new,True
32594,91636,new,False
32595,40021,current,False
32596,47056,current,False
32597,28499,current,False
32598,20667,current,False
32599,90047,new,False
32600,50144,new,True
32601,19327,current,False
32602,24503,current,False
32603,58754,new,True
32604,11263,current,False
32605,43619,current,False
32606,51666,new,False
32607,15939,current,False
32608,45784,current,False
32609,94205,new,True
32610,47191,current,True
32611,35945,current,True
32612,99710,new,False
32613,78920,new,False
32614,11560,current,True
32615,14627,current,True
32616,18757,current,False
32617,93771,new,False
32618,28761,current,False
32619,25409,current,False
32620,33237,current,False
32621,37072,current,False
32622,40547,current,True
32623,76392,new,True
32624,39066,current,True
32625,22523,current,False
32626,64218,new,False
32627,84569,new,True
32628,90958,new,True
32629,55826,new,False
32630,39472,current,False
32631,45903,current,False
32632,80072,new,True
32633,37970,current,True
32634,18469,current,True
32635,25855,current,False
32636,49573,current,False
32637,58157,new,False
32638,13219,current,False
32639,29136,current,False
32640,10677,current,False
32641,35795,current,True
32642,69445,new,False
32643,42722,current,False
32644,75352,new,True
32645,40048,current,False
32646,18211,current,False
32647,96364,new,True
32648,31063,current,False
32649,83752,new,True
32650,47869,current,False
32651,27764,current,False
32652,38171,current,False
32653,85878,new,True
32654,63267,new,True
32655,38841,current,True
32656,67153,new,False
32657,64565,new,True
32658,75737,new,True
32659,48750,current,False
32660,60649,new,False
32661,90244,new,False
32662,34534,current,False
32663,43071,current,False
32664,84782,new,False
32665,14664,current,False
32666,99784,new,True
32667,69099,new,False
32668,21907,current,False
32669,69209,new,False
32670,99187,new,False
32671,95932,new,False
32672,13176,current,True
32673,60373,new,True
32674,49367,current,False
32675,89308,new,True
32676,27054,current,True
32677,10441,current,False
32678,56259,new,False
32679,68244,new,False
32680,40677,current,True
32681,26532,current,False
32682,78442,new,False
32683,46688,current,False
32684,28945,current,False
32685,84583,new,False
32686,61035,new,False
32687,92199,new,False
32688,20118,current,False
32689,23287,current,False
32690,42014,current,False
32691,28454,current,True
32692,20077,current,False
32693,29113,current,False
32694,63293,new,True
32695,59047,new,False
32696,51227,new,False
32697,66360,new,True
32698,32986,current,False
32699,30672,current,False
32700,96314,new,True
32701,45084,current,False
32702,82622,new,True
32703,18106,current,False
32704,86184,new,False
32705,46595,current,False
32706,32481,current,True
32707,33771,current,False
32708,21858,current,False
32709,99373,new,True
32710,80571,new,True
32711,42722,current,False
32712,78076,new,True
32713,60566,new,True
32714,23180,current,False
32715,22866,current,False
32716,50285,new,True
32717,36223,current,False
32718,30712,current,True
32719,62975,new,False
32720,91056,new,True
32721,14062,current,False
32722,65400,new,False
32723,20216,current,False
32724,92994,new,False
32725,96894,new,False
32726,89083,new,True
32727,20001,current,False
32728,50348,new,False
32729,73707,new,False
32730,98885,new,False
32731,43912,current,True
32732,33803,current,True
32733,52779,new,True
32734,42136,current,False
32735,92172,new,True
32736,48310,current,False
32737,75278,new,False
32738,51572,new,False
32739,52238,new,True
32740,99967,new,False
32741,99167,new,True
32742,67189,new,False
32743,72225,new,False
32744,24045,current,False
32745,33944,current,True
32746,23572,current,True
32747,72454,new,True
32748,68723,new,False
32749,38133,current,True
32750,82446,new,True
32751,22978,current,False
32752,61513,new,True
32753,36616,current,True
32754,18680,current,False
32755,53151,new,False
32756,31039,current,False
32757,44423,current,False
32758,68357,new,True
32759,89679,new,False
32760,59568,new,False
32761,24640,current,False
32762,44981,current,True
32763,59450,new,True
32764,37669,current,False
32765,36989,current,False
32766,70959,new,False
32767,74034,new,True
32768,11201,current,True
32769,26195,current,False
32770,83541,new,True
32771,46621,current,False
32772,27690,current,False
32773,43658,current,False
32774,74101,new,False
32775,33083,current,True
32776,31778,current,False
32777,25120,current,False
32778,12428,current,False
32779,17071,current,True
32780,59074,new,True
32781,67713,new,False
32782,28243,current,False
32783,35791,current,False
32784,78502,new,False
32785,90611,new,True
32786,67344,new,False
32787,64106,new,False
32788,60731,new,False
32789,46094,current,True
32790,71193,new,False
32791,69621,new,False
32792,92483,new,False
32793,96710,new,True
32794,27850,current,False
32795,99899,new,True
32796,80995,new,True
32797,14416,current,True
32798,11619,current,False
32799,56992,new,True
32800,44064,current,True
32801,53328,new,True
32802,71038,new,True
32803,84784,new,False
32804,73474,new,False
32805,47109,current,False
32806,65924,new,False
32807,15644,current,False
32808,37686,current,False
32809,53694,new,True
32810,78475,new,False
32811,90877,new,False
32812,51583,new,False
32813,78469,new,False
32814,44532,current,False
32815,97864,new,False
32816,91057,new,False
32817,73170,new,False
32818,54695,new,False
32819,86575,new,True
32820,80674,new,True
32821,74963,new,False
32822,74948,new,False
32823,80375,new,False
32824,23042,current,True
32825,36496,current,True
32826,67228,new,False
32827,44095,current,True
32828,36747,current,False
32829,16489,current,False
32830,28345,current,True
32831,23425,current,False
32832,62437,new,True
32833,29614,current,True
32834,89341,new,False
32835,85719,new,False
32836,47855,current,False
32837,62518,new,False
32838,82565,new,False
32839,42442,current,False
32840,61698,new,False
32841,47242,current,False
32842,36912,current,True
32843,72842,new,False
32844,35230,current,False
32845,90546,new,False
32846,87901,new,False
32847,24679,current,False
32848,98460,new,False
32849,11640,current,False
32850,93310,new,True
32851,85245,new,False
32852,99670,new,False
32853,84341,new,False
32854,21959,current,False
32855,11593,current,False
32856,68389,new,False
32857,49175,current,False
32858,43535,current,False
32859,37699,current,False
32860,82157,new,True
32861,59926,new,False
32862,90300,new,True
32863,35459,current,False
32864,87092,new,True
32865,66209,new,True
32866,71162,new,False
32867,97668,new,True
32868,84689,new,False
32869,35031,current,True
32870,12845,current,True
32871,65130,new,True
32872,53170,new,False
32873,49757,current,True
32874,81634,new,False
32875,28370,current,False
32876,64896,new,False
32877,86328,new,True
32878,49843,current,False
32879,35923,current,False
32880,19715,current,False
32881,55414,new,False
32882,42470,current,False
32883,47809,current,True
32884,23461,current,True
32885,36980,current,False
32886,91860,new,True
32887,70758,new,True
32888,21586,current,False
32889,63198,new,False
32890,54895,new,False
32891,44553,current,False
32892,69925,new,False
32893,13987,current,True
32894,93116,new,True
32895,37457,current,True
32896,82665,new,True
32897,39223,current,True
32898,38802,current,False
32899,17579,current,False
32900,41428,current,False
32901,89417,new,True
32902,19559,current,False
32903,31819,current,True
32904,50885,new,True
32905,49226,current,False
32906,24517,current,False
32907,34305,current,False
32908,66389,new,False
32909,39022,current,True
32910,56549,new,True
32911,16051,current,False
32912,24774,current,False
32913,58590,new,True
32914,35887,current,True
32915,24087,current,False
32916,12033,current,False
32917,43446,current,False
32918,19395,current,True
32919,68988,new,False
32920,39351,current,False
32921,22220,current,False
32922,74332,new,False
32923,63638,new,True
32924,52858,new,True
32925,14005,current,False
32926,79097,new,False
32927,76708,new,True
32928,22524,current,False
32929,71917,new,False
32930,19256,current,False
32931,42963,current,True
32932,46676,current,False
32933,93445,new,False
32934,60677,new,False
32935,11231,current,False
32936,29422,current,False
32937,11450,current,False
32938,50703,new,False
32939,97736,new,True
32940,68332,new,False
32941,83203,new,True
32942,31426,current,True
32943,78840,new,False
32944,54620,new,True
32945,42315,current,False
32946,26267,current,True
32947,70490,new,False
32948,61199,new,True
32949,68765,new,False
32950,28250,current,True
32951,33356,current,False
32952,72011,new,True
32953,34122,current,True
32954,98133,new,False
32955,87620,new,False
32956,41536,current,False
32957,49248,current,True
32958,21575,current,False
32959,58953,new,False
32960,15937,current,False
32961,58390,new,False
32962,32839,current,True
32963,83181,new,False
32964,65351,new,False
32965,14369,current,False
32966,97654,new,False
32967,39239,current,True
32968,48341,current,True
32969,21534,current,False
32970,88119,new,True
32971,45812,current,False
32972,81403,new,False
32973,56634,new,False
32974,22769,current,True
32975,79752,new,True
32976,15206,current,True
32977,88036,new,False
32978,66536,new,False
32979,74355,new,False
32980,96548,new,True
32981,29368,current,False
32982,46268,current,False
32983,71588,new,False
32984,86261,new,False
32985,24547,current,True
32986,46247,current,False
32987,48055,current,False
32988,41120,current,False
32989,34728,current,False
32990,30746,current,True
32991,12486,current,False
32992,25784,current,False
32993,66259,new,False
32994,90037,new,True
32995,44966,current,False
32996,72536,new,True
32997,26147,current,False
32998,44583,current,True
32999,19639,current,True
33000,90813,new,True
33001,72698,new,True
33002,56281,new,True
33003,50171,new,True
33004,72490,new,True
33005,19873,current,True
33006,19982,current,False
33007,50765,new,False
33008,28784,current,False
33009,27993,current,False
33010,41727,current,False
33011,26441,current,True
33012,67588,new,False
33013,21734,current,False
33014,94243,new,False
33015,81215,new,True
33016,19781,current,False
33017,35598,current,False
33018,94058,new,False
33019,13697,current,False
33020,68169,new,True
33021,25594,current,False
33022,20169,current,True
33023,57028,new,True
33024,63263,new,False
33025,10502,current,False
33026,52941,new,False
33027,91922,new,False
33028,82494,new,False
33029,46541,current,False
33030,74960,new,True
33031,79778,new,False
33032,92873,new,True
33033,96398,new,True
33034,97255,new,False
33035,97531,new,False
33036,89553,new,True
33037,33669,current,False
33038,54196,new,False
33039,87713,new,False
33040,97169,new,False
33041,89488,new,True
33042,84608,new,False
33043,58054,new,True
33044,37528,current,False
33045,28133,current,False
33046,93770,new,False
33047,20792,current,True
33048,92179,new,True
33049,64739,new,False
33050,30152,current,False
33051,32255,current,False
33052,64153,new,False
33053,14284,current,False
33054,89669,new,True
33055,80438,new,True
33056,54985,new,True
33057,30741,current,False
33058,92662,new,True
33059,69724,new,False
33060,16305,current,True
33061,15633,current,False
33062,63306,new,True
33063,68500,new,True
33064,13321,current,True
33065,41253,current,False
33066,14815,current,False
33067,16276,current,False
33068,50300,new,False
33069,82897,new,False
33070,15792,current,False
33071,79381,new,True
33072,20365,current,True
33073,33089,current,True
33074,61131,new,False
33075,22905,current,True
33076,28816,current,False
33077,50847,new,True
33078,86425,new,False
33079,39003,current,False
33080,36797,current,True
33081,25289,current,False
33082,51683,new,True
33083,43331,current,False
33084,41068,current,False
33085,82471,new,False
33086,44560,current,False
33087,44936,current,False
33088,57161,new,False
33089,62271,new,False
33090,80703,new,False
33091,60061,new,True
33092,93651,new,True
33093,38043,current,True
33094,35779,current,False
33095,99471,new,True
33096,25604,current,False
33097,24392,current,False
33098,79978,new,True
33099,88796,new,False
33100,65160,new,True
33101,45105,current,False
33102,39909,current,False
33103,17056,current,False
33104,97827,new,False
33105,18986,current,False
33106,51403,new,True
33107,63352,new,True
33108,91163,new,True
33109,66743,new,False
33110,52851,new,True
33111,65247,new,False
33112,60015,new,True
33113,11445,current,True
33114,44975,current,True
33115,35087,current,False
33116,27118,current,False
33117,24463,current,False
33118,91193,new,False
33119,15190,current,False
33120,24124,current,False
33121,87299,new,False
33122,64183,new,False
33123,72001,new,True
33124,71222,new,False
33125,82523,new,False
33126,78148,new,True
33127,78026,new,False
33128,72371,new,False
33129,61963,new,False
33130,89367,new,True
33131,94549,new,True
33132,47681,current,False
33133,26302,current,True
33134,67447,new,True
33135,26486,current,False
33136,57540,new,False
33137,49139,current,True
33138,10500,current,False
33139,14971,current,False
33140,94028,new,False
33141,64286,new,True
33142,67720,new,False
33143,84899,new,True
33144,45274,current,False
33145,22367,current,False
33146,13392,current,False
33147,77859,new,False
33148,34489,current,False
33149,58286,new,True
33150,20890,current,False
33151,37664,current,True
33152,41949,current,True
33153,46349,current,True
33154,36447,current,True
33155,81865,new,True
33156,39863,current,False
33157,41190,current,True
33158,84089,new,False
33159,95235,new,True
33160,23408,current,False
33161,83454,new,False
33162,14308,current,False
33163,86849,new,False
33164,19835,current,True
33165,99184,new,False
33166,95010,new,False
33167,26773,current,False
33168,68078,new,False
33169,35565,current,True
33170,32220,current,True
33171,19596,current,False
33172,27063,current,True
33173,99041,new,True
33174,43186,current,False
33175,24690,current,False
33176,59904,new,False
33177,19166,current,False
33178,63270,new,False
33179,93142,new,True
33180,83877,new,True
33181,62808,new,True
33182,92722,new,False
33183,95393,new,True
33184,35872,current,False
33185,41928,current,False
33186,73126,new,False
33187,99888,new,False
33188,79220,new,False
33189,27088,current,False
33190,73756,new,False
33191,65519,new,True
33192,14983,current,False
33193,18060,current,False
33194,55263,new,True
33195,21987,current,False
33196,35238,current,False
33197,44784,current,True
33198,64615,new,False
33199,90797,new,True
33200,18453,current,False
33201,82532,new,False
33202,67481,new,True
33203,32516,current,False
33204,37981,current,False
33205,10554,current,True
33206,47243,current,False
33207,81638,new,False
33208,93779,new,True
33209,30429,current,False
33210,73916,new,True
33211,43434,current,False
33212,84886,new,False
33213,17255,current,False
33214,43661,current,True
33215,77526,new,False
33216,58218,new,True
33217,90478,new,True
33218,32631,current,False
33219,44520,current,False
33220,63523,new,True
33221,30351,current,False
33222,57193,new,False
33223,66891,new,False
33224,40945,current,False
33225,47990,current,True
33226,23636,current,False
33227,57090,new,True
33228,39182,current,False
33229,31586,current,False
33230,95784,new,True
33231,37115,current,False
33232,46413,current,True
33233,82489,new,False
33234,11738,current,False
33235,44132,current,False
33236,80596,new,False
33237,15491,current,True
33238,99532,new,False
33239,46976,current,False
33240,74682,new,True
33241,59971,new,False
33242,77056,new,True
33243,86834,new,False
33244,28210,current,False
33245,82149,new,False
33246,32441,current,False
33247,26102,current,False
33248,20136,current,False
33249,35932,current,True
33250,34377,current,False
33251,56853,new,False
33252,37072,current,True
33253,24833,current,True
33254,10580,current,False
33255,56623,new,False
33256,37129,current,False
33257,55625,new,False
33258,86418,new,False
33259,74450,new,False
33260,28361,current,False
33261,27187,current,True
33262,26226,current,False
33263,22095,current,False
33264,87184,new,True
33265,67362,new,True
33266,63025,new,False
33267,18954,current,True
33268,54195,new,False
33269,37659,current,True
33270,10078,current,False
33271,18510,current,False
33272,83346,new,True
33273,49287,current,False
33274,95161,new,True
33275,19789,current,False
33276,92551,new,True
33277,17601,current,False
33278,26027,current,False
33279,92184,new,False
33280,24024,current,False
33281,25437,current,True
33282,28032,current,True
33283,12479,current,False
33284,27470,current,False
33285,82457,new,True
33286,82605,new,False
33287,90839,new,False
33288,74457,new,False
33289,82782,new,True
33290,25353,current,True
33291,18685,current,True
33292,19824,current,False
33293,89972,new,True
33294,69018,new,True
33295,66657,new,True
33296,37535,current,False
33297,91658,new,False
33298,36474,current,False
33299,61461,new,True
33300,27525,current,False
33301,57973,new,True
33302,11068,current,False
33303,85437,new,True
33304,36508,current,False
33305,99047,new,False
33306,14693,current,False
33307,12323,current,False
33308,79041,new,True
33309,95384,new,False
33310,54580,new,False
33311,31175,current,True
33312,22289,current,True
33313,65164,new,False
33314,59257,new,True
33315,57533,new,False
33316,16823,current,False
33317,38847,current,False
33318,82777,new,True
33319,64518,new,False
33320,49010,current,False
33321,73158,new,False
33322,48345,current,False
33323,17221,current,False
33324,21058,current,False
33325,13700,current,False
33326,38645,current,False
33327,32169,current,True
33328,16995,current,False
33329,90519,new,False
33330,84464,new,False
33331,76534,new,False
33332,22726,current,False
33333,90274,new,False
33334,40625,current,False
33335,15389,current,True
33336,11774,current,False
33337,27697,current,False
33338,22278,current,False
33339,51975,new,False
33340,27202,current,False
33341,22233,current,False
33342,90906,new,True
33343,48006,current,False
33344,85573,new,True
33345,68364,new,False
33346,24464,current,False
33347,32438,current,True
33348,16802,current,False
33349,87648,new,True
33350,93983,new,False
33351,43667,current,True
33352,56770,new,True
33353,26657,current,True
33354,74771,new,True
33355,44125,current,False
33356,35143,current,True
33357,86551,new,False
33358,96855,new,False
33359,66206,new,False
33360,18071,current,False
33361,92475,new,False
33362,78617,new,True
33363,57784,new,True
33364,83019,new,False
33365,12932,current,False
33366,10851,current,False
33367,66266,new,True
33368,68668,new,True
33369,60752,new,False
33370,25040,current,False
33371,77003,new,True
33372,74000,new,True
33373,95384,new,True
33374,78182,new,True
33375,70049,new,False
33376,37016,current,True
33377,81061,new,False
33378,22059,current,False
33379,84349,new,True
33380,36171,current,False
33381,71661,new,True
33382,91062,new,False
33383,44252,current,False
33384,69293,new,False
33385,53329,new,False
33386,55024,new,True
33387,16611,current,False
33388,28113,current,False
33389,65799,new,False
33390,35040,current,False
33391,23731,current,False
33392,52393,new,True
33393,14089,current,True
33394,10904,current,False
33395,89726,new,True
33396,54638,new,False
33397,30431,current,True
33398,11188,current,True
33399,43365,current,False
33400,43878,current,False
33401,81643,new,False
33402,17111,current,False
33403,42156,current,True
33404,40609,current,True
33405,98356,new,True
33406,60503,new,False
33407,17113,current,False
33408,17617,current,True
33409,72050,new,False
33410,64708,new,False
33411,39324,current,True
33412,86435,new,False
33413,30980,current,False
33414,12948,current,False
33415,96900,new,True
33416,99498,new,False
33417,21682,current,False
33418,60629,new,True
33419,99467,new,True
33420,83221,new,True
33421,33963,current,False
33422,80318,new,True
33423,85491,new,True
33424,84696,new,False
33425,25071,current,False
33426,25619,current,False
33427,47490,current,True
33428,25743,current,False
33429,95963,new,False
33430,34164,current,False
33431,28700,current,True
33432,60468,new,True
33433,68257,new,True
33434,85431,new,False
33435,40861,current,False
33436,77223,new,True
33437,85806,new,False
33438,80249,new,False
33439,36091,current,True
33440,52282,new,False
33441,48103,current,True
33442,40506,current,False
33443,98428,new,False
33444,51048,new,False
33445,17126,current,False
33446,77759,new,False
33447,13153,current,False
33448,18328,current,False
33449,72536,new,False
33450,42731,current,False
33451,45622,current,False
33452,44614,current,False
33453,85683,new,False
33454,76381,new,False
33455,22251,current,True
33456,25286,current,False
33457,29822,current,False
33458,68214,new,False
33459,16688,current,False
33460,79385,new,False
33461,10753,current,False
33462,30556,current,False
33463,11444,current,False
33464,35435,current,False
33465,91212,new,True
33466,77820,new,True
33467,58498,new,True
33468,53591,new,True
33469,41979,current,False
33470,19845,current,False
33471,86670,new,True
33472,79280,new,False
33473,62823,new,True
33474,44774,current,False
33475,71662,new,True
33476,58509,new,False
33477,60079,new,False
33478,53378,new,False
33479,10719,current,False
33480,19196,current,True
33481,87444,new,False
33482,69710,new,True
33483,41822,current,False
33484,38233,current,False
33485,42061,current,True
33486,39163,current,False
33487,13444,current,False
33488,13821,current,False
33489,67580,new,False
33490,75290,new,True
33491,73483,new,False
33492,21419,current,False
33493,58832,new,False
33494,74800,new,True
33495,24983,current,False
33496,14526,current,True
33497,66140,new,False
33498,13560,current,False
33499,13367,current,True
33500,39334,current,False
33501,27046,current,False
33502,43435,current,True
33503,87550,new,True
33504,71102,new,False
33505,92538,new,False
33506,27209,current,True
33507,57752,new,False
33508,88071,new,False
33509,30304,current,False
33510,49032,current,False
33511,87587,new,True
33512,68013,new,False
33513,61438,new,True
33514,87919,new,True
33515,51471,new,False
33516,87526,new,False
33517,52116,new,True
33518,21788,current,False
33519,13070,current,False
33520,47748,current,False
33521,66346,new,False
33522,63663,new,True
33523,29390,current,True
33524,28048,current,False
33525,11218,current,False
33526,62045,new,True
33527,45557,current,False
33528,84620,new,True
33529,67550,new,False
33530,85738,new,False
33531,69307,new,False
33532,97878,new,True
33533,63845,new,False
33534,91085,new,False
33535,45854,current,False
33536,58407,new,False
33537,90993,new,False
33538,41910,current,False
33539,14591,current,True
33540,74387,new,False
33541,78574,new,True
33542,66345,new,False
33543,22934,current,False
33544,93788,new,True
33545,12746,current,False
33546,89150,new,False
33547,41815,current,False
33548,82775,new,False
33549,17847,current,False
33550,16085,current,False
33551,44788,current,False
33552,12860,current,False
33553,26870,current,False
33554,11876,current,False
33555,75245,new,True
33556,57946,new,False
33557,77610,new,False
33558,86156,new,True
33559,30930,current,False
33560,93945,new,False
33561,11136,current,False
33562,15818,current,True
33563,99554,new,True
33564,86698,new,True
33565,33978,current,True
33566,88432,new,False
33567,40475,current,False
33568,44210,current,False
33569,38120,current,False
33570,47287,current,False
33571,97111,new,False
33572,48280,current,True
33573,87169,new,False
33574,73025,new,False
33575,90519,new,True
33576,82379,new,False
33577,32277,current,False
33578,58066,new,False
33579,43710,current,False
33580,69651,new,True
33581,54061,new,False
33582,30170,current,True
33583,37414,current,False
33584,98473,new,False
33585,82684,new,False
33586,37013,current,False
33587,16550,current,False
33588,37954,current,False
33589,36848,current,False
33590,58902,new,True
33591,92678,new,True
33592,25125,current,False
33593,77489,new,True
33594,64410,new,False
33595,99910,new,False
33596,66344,new,True
33597,10170,current,True
33598,23584,current,True
33599,89629,new,True
33600,37701,current,False
33601,75109,new,False
33602,37736,current,False
33603,15282,current,False
33604,10129,current,False
33605,23558,current,False
33606,43936,current,True
33607,54450,new,False
33608,97274,new,False
33609,51043,new,False
33610,33257,current,False
33611,25968,current,False
33612,20279,current,False
33613,56210,new,False
33614,56845,new,True
33615,70206,new,True
33616,55669,new,False
33617,78372,new,True
33618,29519,current,False
33619,27084,current,False
33620,96530,new,False
33621,49300,current,False
33622,68440,new,True
33623,14077,current,False
33624,67059,new,False
33625,43744,current,False
33626,49660,current,False
33627,65334,new,False
33628,63010,new,True
33629,97272,new,True
33630,67006,new,True
33631,46758,current,False
33632,81671,new,True
33633,47925,current,False
33634,57379,new,True
33635,92506,new,False
33636,10204,current,False
33637,36928,current,False
33638,81101,new,True
33639,31332,current,True
33640,68438,new,True
33641,31147,current,False
33642,90134,new,False
33643,50723,new,False
33644,21733,current,False
33645,55019,new,True
33646,92790,new,True
33647,77428,new,True
33648,24001,current,False
33649,71817,new,False
33650,64630,new,False
33651,18480,current,False
33652,99324,new,False
33653,26728,current,False
33654,46200,current,True
33655,62717,new,True
33656,11561,current,False
33657,78891,new,False
33658,60838,new,True
33659,95164,new,True
33660,40699,current,False
33661,33042,current,False
33662,80933,new,False
33663,93078,new,True
33664,28099,current,False
33665,63109,new,True
33666,80742,new,False
33667,82764,new,True
33668,35518,current,False
33669,21874,current,False
33670,24862,current,False
33671,89266,new,True
33672,92799,new,True
33673,23202,current,False
33674,58287,new,False
33675,78600,new,False
33676,28534,current,True
33677,71934,new,True
33678,37644,current,False
33679,27050,current,True
33680,99064,new,False
33681,19757,current,True
33682,94617,new,False
33683,68556,new,True
33684,50513,new,False
33685,25585,current,True
33686,92117,new,False
33687,19152,current,False
33688,52602,new,True
33689,55549,new,True
33690,10983,current,False
33691,38371,current,False
33692,17257,current,True
33693,35672,current,True
33694,32265,current,False
33695,18667,current,True
33696,54345,new,False
33697,35067,current,True
33698,25033,current,False
33699,98118,new,False
33700,53649,new,False
33701,22388,current,False
33702,42047,current,False
33703,16607,current,False
33704,42697,current,True
33705,56127,new,False
33706,42867,current,False
33707,27295,current,False
33708,17666,current,False
33709,45384,current,False
33710,43467,current,False
33711,46987,current,False
33712,20554,current,False
33713,22818,current,False
33714,15085,current,True
33715,92875,new,False
33716,34658,current,False
33717,73920,new,False
33718,74764,new,False
33719,34064,current,False
33720,33570,current,False
33721,41861,current,True
33722,41702,current,True
33723,67132,new,False
33724,76235,new,True
33725,22255,current,False
33726,12767,current,False
33727,11780,current,False
33728,91494,new,True
33729,94050,new,False
33730,82469,new,False
33731,52298,new,True
33732,32621,current,True
33733,19412,current,False
33734,26055,current,False
33735,67300,new,False
33736,59216,new,False
33737,16312,current,True
33738,39679,current,True
33739,21962,current,True
33740,65007,new,True
33741,31559,current,True
33742,27931,current,False
33743,99521,new,True
33744,30367,current,False
33745,61403,new,True
33746,96580,new,False
33747,16042,current,True
33748,55150,new,True
33749,53501,new,False
33750,80935,new,True
33751,14561,current,True
33752,52867,new,True
33753,79199,new,False
33754,72649,new,True
33755,13830,current,False
33756,32253,current,False
33757,50784,new,True
33758,44737,current,False
33759,42154,current,True
33760,31778,current,True
33761,43669,current,False
33762,30866,current,False
33763,89921,new,True
33764,14869,current,True
33765,78549,new,False
33766,31457,current,False
33767,78890,new,False
33768,15018,current,False
33769,31890,current,False
33770,93649,new,False
33771,12015,current,False
33772,83495,new,False
33773,31939,current,False
33774,56541,new,True
33775,20332,current,True
33776,67761,new,False
33777,62355,new,False
33778,25896,current,False
33779,14863,current,False
33780,33186,current,False
33781,13764,current,True
33782,60268,new,True
33783,44827,current,True
33784,22293,current,False
33785,29940,current,False
33786,96280,new,False
33787,79579,new,True
33788,64907,new,False
33789,26157,current,False
33790,73967,new,True
33791,33252,current,True
33792,83316,new,False
33793,34424,current,False
33794,80623,new,True
33795,46377,current,True
33796,51488,new,True
33797,20952,current,False
33798,49778,current,False
33799,64890,new,True
33800,65219,new,True
33801,83649,new,False
33802,80825,new,False
33803,57504,new,True
33804,99809,new,False
33805,72419,new,True
33806,15964,current,False
33807,16324,current,False
33808,31283,current,False
33809,19554,current,False
33810,36634,current,False
33811,63570,new,False
33812,42429,current,False
33813,64874,new,True
33814,25925,current,True
33815,89311,new,False
33816,18339,current,True
33817,42665,current,False
33818,80944,new,False
33819,13800,current,False
33820,43989,current,True
33821,89613,new,True
33822,31754,current,False
33823,75157,new,False
33824,47292,current,False
33825,57615,new,False
33826,28648,current,False
33827,56270,new,True
33828,91514,new,False
33829,22345,current,False
33830,35263,current,False
33831,32911,current,False
33832,75176,new,False
33833,23272,current,False
33834,42598,current,True
33835,74207,new,False
33836,41658,current,False
33837,49687,current,True
33838,83890,new,False
33839,48669,current,True
33840,72141,new,True
33841,26051,current,True
33842,26956,current,True
33843,98299,new,False
33844,85029,new,False
33845,11562,current,True
33846,32137,current,False
33847,83967,new,False
33848,12551,current,True
33849,84741,new,True
33850,20711,current,True
33851,76835,new,False
33852,37074,current,False
33853,13087,current,False
33854,13327,current,False
33855,68840,new,True
33856,26009,current,False
33857,88570,new,False
33858,98192,new,True
33859,39359,current,False
33860,78229,new,False
33861,72333,new,False
33862,39074,current,True
33863,49408,current,False
33864,75664,new,True
33865,11219,current,False
33866,80397,new,False
33867,22353,current,False
33868,23161,current,False
33869,69156,new,False
33870,84406,new,True
33871,80401,new,False
33872,37549,current,False
33873,34839,current,False
33874,99643,new,True
33875,15994,current,False
33876,15079,current,True
33877,46169,current,True
33878,37367,current,False
33879,58158,new,False
33880,17254,current,False
33881,48189,current,True
33882,12920,current,True
33883,75721,new,False
33884,58240,new,False
33885,21242,current,False
33886,80992,new,False
33887,91163,new,True
33888,13485,current,False
33889,21091,current,True
33890,46406,current,True
33891,37410,current,False
33892,59856,new,True
33893,19113,current,False
33894,39190,current,True
33895,47586,current,False
33896,65909,new,False
33897,68789,new,True
33898,32373,current,False
33899,35295,current,False
33900,17388,current,True
33901,99324,new,False
33902,72117,new,True
33903,79518,new,False
33904,33636,current,False
33905,97014,new,False
33906,54745,new,False
33907,37717,current,False
33908,59581,new,True
33909,37495,current,True
33910,41625,current,False
33911,55113,new,True
33912,59166,new,True
33913,47390,current,False
33914,80572,new,False
33915,35743,current,False
33916,44317,current,False
33917,78097,new,True
33918,25109,current,False
33919,24670,current,True
33920,61048,new,False
33921,40212,current,False
33922,81560,new,False
33923,14770,current,True
33924,68226,new,False
33925,16241,current,False
33926,39826,current,False
33927,56871,new,False
33928,99273,new,True
33929,10732,current,False
33930,57915,new,False
33931,74870,new,False
33932,25116,current,False
33933,52335,new,True
33934,30469,current,False
33935,74550,new,True
33936,37474,current,False
33937,15991,current,False
33938,60205,new,False
33939,73923,new,True
33940,55158,new,False
33941,15698,current,False
33942,87180,new,False
33943,74569,new,False
33944,64598,new,False
33945,76220,new,False
33946,36196,current,False
33947,12233,current,False
33948,45357,current,False
33949,37625,current,False
33950,86045,new,True
33951,84925,new,False
33952,75647,new,True
33953,16766,current,False
33954,97833,new,True
33955,48477,current,False
33956,93164,new,True
33957,10434,current,True
33958,26042,current,True
33959,97641,new,False
33960,63574,new,False
33961,14801,current,True
33962,60402,new,False
33963,50265,new,True
33964,94124,new,False
33965,52775,new,False
33966,70508,new,False
33967,79182,new,False
33968,64804,new,False
33969,72152,new,False
33970,71279,new,False
33971,13744,current,False
33972,90752,new,False
33973,73695,new,True
33974,14658,current,False
33975,53574,new,True
33976,86794,new,False
33977,20844,current,False
33978,99926,new,True
33979,11914,current,True
33980,74697,new,True
33981,91557,new,True
33982,42770,current,False
33983,87414,new,True
33984,17921,current,False
33985,91209,new,False
33986,77992,new,False
33987,28269,current,False
33988,26657,current,False
33989,99836,new,True
33990,69713,new,False
33991,62157,new,False
33992,35825,current,False
33993,22387,current,True
33994,82324,new,False
33995,72536,new,False
33996,37105,current,False
33997,68244,new,True
33998,47533,current,False
33999,36187,current,False
34000,16535,current,False
34001,45136,current,False
34002,92999,new,True
34003,88630,new,False
34004,13213,current,False
34005,86033,new,True
34006,45566,current,False
34007,88333,new,True
34008,24683,current,True
34009,12772,current,False
34010,15819,current,True
34011,19371,current,False
34012,91677,new,True
34013,23484,current,False
34014,27817,current,False
34015,38661,current,True
34016,91128,new,True
34017,68006,new,True
34018,47234,current,False
34019,18390,current,True
34020,35800,current,False
34021,21446,current,False
34022,61915,new,False
34023,55784,new,True
34024,27989,current,False
34025,49614,current,False
34026,35678,current,True
34027,67777,new,True
34028,30090,current,True
34029,17404,current,False
34030,55141,new,True
34031,88101,new,False
34032,18267,current,False
34033,26624,current,False
34034,97673,new,False
34035,53808,new,False
34036,59423,new,True
34037,16893,current,False
34038,43963,current,True
34039,15441,current,False
34040,95418,new,False
34041,36173,current,False
34042,94836,new,True
34043,34198,current,False
34044,15190,current,False
34045,83111,new,True
34046,85306,new,True
34047,47647,current,False
34048,18946,current,False
34049,57574,new,True
34050,96956,new,True
34051,68081,new,False
34052,38904,current,False
34053,70681,new,False
34054,89950,new,False
34055,53090,new,False
34056,95609,new,True
34057,24877,current,False
34058,42424,current,False
34059,30272,current,False
34060,71404,new,True
34061,14452,current,True
34062,49562,current,False
34063,61590,new,True
34064,89789,new,False
34065,23146,current,True
34066,58090,new,False
34067,81758,new,False
34068,64025,new,False
34069,34721,current,False
34070,39710,current,False
34071,27018,current,True
34072,27299,current,False
34073,25812,current,True
34074,20518,current,False
34075,36419,current,False
34076,23177,current,False
34077,74209,new,False
34078,47454,current,True
34079,57135,new,False
34080,66239,new,True
34081,70799,new,False
34082,93727,new,True
34083,35979,current,False
34084,33289,current,True
34085,37879,current,False
34086,23715,current,False
34087,46630,current,False
34088,65687,new,False
34089,26941,current,False
34090,93022,new,True
34091,60219,new,True
34092,72505,new,True
34093,68664,new,True
34094,98043,new,False
34095,16040,current,False
34096,82071,new,True
34097,39808,current,True
34098,17988,current,False
34099,15226,current,False
34100,26203,current,False
34101,84017,new,False
34102,63386,new,True
34103,76400,new,False
34104,43041,current,False
34105,18967,current,True
34106,28465,current,False
34107,65836,new,False
34108,41610,current,True
34109,26728,current,True
34110,14954,current,True
34111,34922,current,True
34112,58121,new,False
34113,67114,new,False
34114,47541,current,True
34115,73360,new,False
34116,59054,new,True
34117,97602,new,False
34118,15907,current,True
34119,95433,new,False
34120,76247,new,True
34121,92638,new,True
34122,51388,new,False
34123,35042,current,False
34124,37466,current,False
34125,53222,new,False
34126,59810,new,True
34127,65880,new,False
34128,45948,current,False
34129,66359,new,False
34130,83590,new,True
34131,16072,current,True
34132,58016,new,False
34133,68259,new,True
34134,47168,current,False
34135,34422,current,True
34136,94316,new,True
34137,27976,current,True
34138,69288,new,True
34139,31064,current,False
34140,95366,new,False
34141,73159,new,True
34142,12010,current,True
34143,55062,new,False
34144,78532,new,True
34145,61089,new,False
34146,43768,current,False
34147,23373,current,False
34148,27147,current,False
34149,56571,new,False
34150,28491,current,True
34151,15985,current,True
34152,64709,new,False
34153,88993,new,False
34154,96500,new,False
34155,89709,new,True
34156,96988,new,True
34157,51585,new,False
34158,81868,new,False
34159,82290,new,False
34160,32256,current,True
34161,72173,new,False
34162,69443,new,False
34163,84166,new,True
34164,54930,new,False
34165,61791,new,False
34166,48518,current,True
34167,82144,new,False
34168,46661,current,True
34169,68928,new,False
34170,10580,current,False
34171,44972,current,False
34172,77679,new,False
34173,17785,current,False
34174,90150,new,False
34175,61941,new,False
34176,20757,current,False
34177,51573,new,True
34178,89707,new,False
34179,75683,new,False
34180,58418,new,False
34181,20972,current,True
34182,70367,new,True
34183,38328,current,True
34184,19940,current,False
34185,55390,new,True
34186,77420,new,False
34187,54089,new,False
34188,85066,new,False
34189,37043,current,True
34190,61339,new,False
34191,21178,current,False
34192,26557,current,False
34193,79442,new,False
34194,10276,current,False
34195,31995,current,False
34196,87257,new,True
34197,10385,current,True
34198,99327,new,False
34199,37922,current,False
34200,25751,current,False
34201,13792,current,True
34202,47453,current,False
34203,40337,current,False
34204,56052,new,False
34205,28276,current,False
34206,43289,current,False
34207,13427,current,True
34208,20413,current,False
34209,66049,new,False
34210,33197,current,True
34211,82230,new,True
34212,60185,new,False
34213,58654,new,True
34214,89260,new,False
34215,86283,new,True
34216,19309,current,False
34217,45765,current,False
34218,57112,new,False
34219,81606,new,False
34220,29434,current,False
34221,82505,new,False
34222,47315,current,True
34223,61539,new,True
34224,37138,current,False
34225,58055,new,True
34226,77645,new,False
34227,20434,current,False
34228,35207,current,False
34229,28666,current,False
34230,26323,current,False
34231,28593,current,False
34232,75307,new,False
34233,57392,new,False
34234,31113,current,False
34235,22359,current,False
34236,43296,current,False
34237,51195,new,True
34238,84790,new,True
34239,29425,current,False
34240,81270,new,True
34241,86803,new,False
34242,53198,new,False
34243,48379,current,False
34244,34119,current,True
34245,31905,current,False
34246,28793,current,False
34247,86991,new,False
34248,79482,new,True
34249,48341,current,False
34250,32582,current,False
34251,18656,current,False
34252,94273,new,True
34253,64096,new,False
34254,70531,new,False
34255,46320,current,True
34256,27734,current,False
34257,29032,current,False
34258,20539,current,False
34259,25626,current,True
34260,20733,current,False
34261,48128,current,True
34262,18752,current,False
34263,11530,current,False
34264,62345,new,True
34265,33405,current,False
34266,58969,new,True
34267,30991,current,False
34268,97769,new,False
34269,55117,new,True
34270,31043,current,False
34271,87394,new,False
34272,44020,current,False
34273,37671,current,True
34274,50323,new,False
34275,68306,new,True
34276,44586,current,True
34277,31882,current,True
34278,30187,current,False
34279,38723,current,False
34280,45365,current,False
34281,29738,current,False
34282,30537,current,True
34283,14557,current,True
34284,15361,current,True
34285,29933,current,False
34286,99082,new,False
34287,43008,current,False
34288,51283,new,False
34289,57373,new,True
34290,10754,current,True
34291,65574,new,False
34292,11890,current,True
34293,31838,current,False
34294,36942,current,True
34295,41206,current,False
34296,96180,new,False
34297,47131,current,False
34298,90582,new,False
34299,83909,new,True
34300,61661,new,False
34301,71997,new,False
34302,26744,current,False
34303,81345,new,True
34304,69198,new,False
34305,96291,new,False
34306,63657,new,False
34307,66504,new,False
34308,14023,current,False
34309,93905,new,True
34310,43533,current,True
34311,26760,current,False
34312,96678,new,True
34313,19368,current,False
34314,91387,new,False
34315,42425,current,False
34316,34861,current,False
34317,78472,new,False
34318,35984,current,False
34319,38011,current,False
34320,37765,current,False
34321,38190,current,False
34322,11790,current,False
34323,95183,new,True
34324,53225,new,True
34325,36719,current,False
34326,87707,new,False
34327,37470,current,False
34328,33041,current,False
34329,12285,current,False
34330,83911,new,False
34331,62204,new,True
34332,39530,current,False
34333,80540,new,True
34334,47350,current,False
34335,18451,current,False
34336,40749,current,True
34337,87492,new,True
34338,72013,new,True
34339,67719,new,False
34340,44609,current,False
34341,44712,current,False
34342,22144,current,False
34343,46309,current,False
34344,49382,current,True
34345,22273,current,False
34346,99185,new,False
34347,20139,current,False
34348,97346,new,False
34349,12285,current,False
34350,94891,new,True
34351,90198,new,False
34352,35213,current,False
34353,98862,new,False
34354,21762,current,False
34355,59315,new,True
34356,86179,new,False
34357,91603,new,False
34358,32500,current,False
34359,35476,current,False
34360,23862,current,False
34361,81403,new,False
34362,89707,new,False
34363,45386,current,True
34364,55472,new,True
34365,43844,current,False
34366,38417,current,False
34367,76079,new,False
34368,36542,current,False
34369,97004,new,True
34370,33779,current,False
34371,84760,new,True
34372,58381,new,False
34373,92797,new,True
34374,66409,new,True
34375,20720,current,True
34376,60883,new,True
34377,37354,current,False
34378,33886,current,False
34379,74922,new,False
34380,28176,current,True
34381,54113,new,True
34382,81762,new,False
34383,55523,new,True
34384,34074,current,False
34385,15217,current,True
34386,77821,new,False
34387,37200,current,True
34388,10387,current,False
34389,15107,current,False
34390,30289,current,True
34391,30802,current,False
34392,27137,current,False
34393,59454,new,True
34394,41029,current,True
34395,48396,current,True
34396,35182,current,False
34397,47969,current,False
34398,51073,new,False
34399,37035,current,True
34400,50841,new,False
34401,90813,new,True
34402,91847,new,True
34403,51602,new,False
34404,58664,new,False
34405,78910,new,True
34406,20878,current,True
34407,43933,current,False
34408,43403,current,False
34409,37876,current,False
34410,43392,current,True
34411,89002,new,True
34412,84129,new,True
34413,27324,current,False
34414,51317,new,False
34415,39145,current,False
34416,89147,new,True
34417,13649,current,False
34418,19841,current,True
34419,51083,new,True
34420,54607,new,False
34421,77619,new,False
34422,98167,new,True
34423,53562,new,True
34424,75550,new,True
34425,48070,current,False
34426,85078,new,False
34427,45199,current,True
34428,20450,current,False
34429,37317,current,False
34430,87016,new,True
34431,28484,current,False
34432,88591,new,True
34433,61133,new,True
34434,82838,new,False
34435,36262,current,True
34436,85556,new,True
34437,52253,new,False
34438,83179,new,False
34439,62355,new,False
34440,47997,current,True
34441,18961,current,False
34442,55381,new,True
34443,78878,new,False
34444,84082,new,False
34445,19040,current,False
34446,78066,new,False
34447,17362,current,True
34448,58948,new,False
34449,23477,current,False
34450,63334,new,True
34451,63514,new,False
34452,43791,current,True
34453,49607,current,False
34454,82562,new,True
34455,91770,new,False
34456,77916,new,False
34457,88318,new,False
34458,99516,new,False
34459,39747,current,False
34460,75141,new,False
34461,27278,current,False
34462,99628,new,False
34463,55621,new,True
34464,95093,new,False
34465,41317,current,False
34466,76527,new,False
34467,41321,current,False
34468,84054,new,True
34469,45808,current,False
34470,16953,current,False
34471,30482,current,True
34472,73992,new,True
34473,40332,current,False
34474,50319,new,True
34475,19834,current,True
34476,76392,new,True
34477,34483,current,False
34478,42822,current,False
34479,27028,current,False
34480,66398,new,False
34481,30245,current,False
34482,94181,new,False
34483,34225,current,False
34484,31154,current,False
34485,21601,current,False
34486,90600,new,False
34487,59077,new,False
34488,48318,current,False
34489,57392,new,False
34490,87064,new,True
34491,20955,current,True
34492,74502,new,True
34493,85536,new,False
34494,62105,new,False
34495,73958,new,True
34496,84731,new,True
34497,65046,new,False
34498,19413,current,False
34499,75362,new,True
34500,90539,new,True
34501,76792,new,False
34502,35607,current,False
34503,19943,current,False
34504,84834,new,False
34505,38700,current,False
34506,16649,current,False
34507,93650,new,False
34508,96713,new,True
34509,58455,new,True
34510,95930,new,True
34511,37210,current,False
34512,48329,current,False
34513,35728,current,False
34514,35271,current,False
34515,72737,new,False
34516,75949,new,True
34517,19134,current,False
34518,79457,new,False
34519,78697,new,True
34520,19524,current,False
34521,80026,new,False
34522,18962,current,False
34523,62336,new,False
34524,67999,new,True
34525,29573,current,False
34526,96840,new,False
34527,43324,current,True
34528,29128,current,False
34529,58161,new,False
34530,20417,current,False
34531,71591,new,False
34532,16853,current,False
34533,23494,current,False
34534,19916,current,False
34535,98029,new,False
34536,84934,new,True
34537,36988,current,True
34538,42561,current,False
34539,15883,current,False
34540,68637,new,False
34541,23381,current,False
34542,44105,current,True
34543,60004,new,False
34544,75562,new,False
34545,17674,current,False
34546,11064,current,False
34547,59111,new,True
34548,53336,new,True
34549,17505,current,False
34550,73436,new,True
34551,50853,new,False
34552,60018,new,True
34553,60064,new,False
34554,95974,new,False
34555,79945,new,False
34556,88743,new,False
34557,59793,new,False
34558,21916,current,True
34559,19357,current,False
34560,37468,current,False
34561,63497,new,False
34562,44141,current,False
34563,72752,new,True
34564,60754,new,False
34565,80226,new,True
34566,39813,current,True
34567,83574,new,True
34568,49172,current,False
34569,92126,new,False
34570,88455,new,True
34571,33246,current,True
34572,68503,new,True
34573,79616,new,False
34574,46489,current,True
34575,70636,new,True
34576,63104,new,True
34577,81297,new,False
34578,65206,new,False
34579,14632,current,False
34580,38297,current,True
34581,78782,new,True
34582,35439,current,False
34583,23113,current,False
34584,89623,new,True
34585,20139,current,False
34586,23957,current,False
34587,41149,current,False
34588,17574,current,False
34589,95235,new,False
34590,70211,new,True
34591,63792,new,False
34592,34221,current,False
34593,11477,current,True
34594,56089,new,True
34595,21987,current,True
34596,61381,new,False
34597,53046,new,False
34598,73533,new,True
34599,47891,current,False
34600,34201,current,False
34601,33970,current,True
34602,51171,new,False
34603,17188,current,True
34604,29304,current,False
34605,22138,current,False
34606,63850,new,True
34607,92394,new,False
34608,50023,new,True
34609,31341,current,False
34610,53883,new,False
34611,51828,new,False
34612,46348,current,False
34613,12233,current,False
34614,96664,new,True
34615,57900,new,True
34616,90967,new,False
34617,81948,new,False
34618,69678,new,False
34619,13226,current,False
34620,65966,new,False
34621,33836,current,False
34622,34510,current,False
34623,49744,current,True
34624,17775,current,False
34625,27567,current,False
34626,13332,current,True
34627,52260,new,False
34628,46902,current,False
34629,99933,new,False
34630,33956,current,False
34631,85828,new,True
34632,48591,current,True
34633,84701,new,True
34634,21425,current,True
34635,46354,current,False
34636,96060,new,True
34637,30973,current,False
34638,82538,new,True
34639,67963,new,True
34640,67108,new,True
34641,36006,current,True
34642,66876,new,True
34643,42928,current,True
34644,51360,new,True
34645,14240,current,False
34646,77983,new,False
34647,46253,current,True
34648,19842,current,False
34649,51933,new,False
34650,71265,new,False
34651,93387,new,False
34652,38393,current,True
34653,78854,new,True
34654,84177,new,False
34655,67373,new,True
34656,72775,new,True
34657,30356,current,False
34658,96071,new,True
34659,84976,new,False
34660,47855,current,False
34661,79399,new,False
34662,88310,new,False
34663,79711,new,False
34664,77078,new,False
34665,92819,new,False
34666,23107,current,False
34667,84061,new,False
34668,18634,current,True
34669,50977,new,True
34670,89069,new,False
34671,20080,current,False
34672,65945,new,True
34673,86789,new,True
34674,15835,current,False
34675,40662,current,False
34676,19169,current,True
34677,74331,new,True
34678,37254,current,True
34679,40343,current,False
34680,98194,new,True
34681,35431,current,True
34682,44196,current,True
34683,16359,current,False
34684,58742,new,True
34685,85427,new,False
34686,12182,current,False
34687,31176,current,False
34688,40173,current,True
34689,58128,new,False
34690,45775,current,False
34691,43603,current,False
34692,31208,current,False
34693,32928,current,False
34694,93561,new,True
34695,77779,new,False
34696,91774,new,False
34697,92646,new,True
34698,28997,current,False
34699,81025,new,False
34700,76975,new,False
34701,24205,current,False
34702,47764,current,False
34703,35424,current,True
34704,74571,new,True
34705,50496,new,True
34706,70430,new,False
34707,29043,current,False
34708,60516,new,True
34709,15927,current,False
34710,17867,current,True
34711,77396,new,True
34712,42961,current,False
34713,78778,new,True
34714,43596,current,True
34715,29436,current,False
34716,80294,new,True
34717,58197,new,True
34718,27110,current,False
34719,78251,new,False
34720,25386,current,False
34721,52126,new,False
34722,28152,current,True
34723,32391,current,False
34724,69163,new,False
34725,72769,new,False
34726,90171,new,False
34727,80660,new,True
34728,67632,new,True
34729,40912,current,False
34730,32062,current,False
34731,47421,current,False
34732,96999,new,False
34733,93661,new,False
34734,80298,new,False
34735,36709,current,False
34736,50099,new,True
34737,34706,current,True
34738,15360,current,False
34739,53033,new,True
34740,99907,new,False
34741,53317,new,False
34742,52188,new,False
34743,35298,current,False
34744,23331,current,False
34745,82018,new,True
34746,97449,new,True
34747,81239,new,True
34748,54843,new,True
34749,44727,current,True
34750,15653,current,False
34751,15994,current,False
34752,22647,current,False
34753,59538,new,True
34754,21445,current,False
34755,70439,new,True
34756,73943,new,True
34757,27598,current,False
34758,74216,new,True
34759,48979,current,False
34760,31014,current,False
34761,46741,current,False
34762,29706,current,False
34763,13254,current,False
34764,74856,new,True
34765,99692,new,True
34766,66744,new,True
34767,79417,new,False
34768,43666,current,False
34769,48301,current,False
34770,47691,current,False
34771,10846,current,False
34772,25920,current,False
34773,85521,new,False
34774,91272,new,True
34775,67232,new,True
34776,78514,new,False
34777,85885,new,True
34778,77120,new,False
34779,46689,current,False
34780,16423,current,False
34781,80977,new,False
34782,50657,new,False
34783,27126,current,False
34784,94464,new,True
34785,58733,new,False
34786,16209,current,True
34787,64479,new,False
34788,33295,current,False
34789,68623,new,True
34790,16526,current,False
34791,71581,new,False
34792,61441,new,False
34793,27863,current,False
34794,46958,current,False
34795,43249,current,False
34796,64515,new,False
34797,50781,new,True
34798,27272,current,True
34799,11545,current,False
34800,77163,new,True
34801,31571,current,False
34802,78259,new,False
34803,32481,current,False
34804,66633,new,True
34805,99517,new,False
34806,68867,new,False
34807,11985,current,True
34808,53023,new,True
34809,81033,new,False
34810,24719,current,True
34811,55947,new,True
34812,29705,current,True
34813,26989,current,False
34814,91116,new,False
34815,67523,new,True
34816,40383,current,False
34817,18141,current,True
34818,38958,current,True
34819,38474,current,False
34820,56218,new,False
34821,19007,current,True
34822,43067,current,True
34823,30658,current,True
34824,13625,current,False
34825,60183,new,False
34826,35488,current,False
34827,63365,new,False
34828,83649,new,True
34829,73269,new,True
34830,53476,new,False
34831,18764,current,False
34832,35070,current,False
34833,54374,new,False
34834,30009,current,False
34835,38453,current,False
34836,90973,new,True
34837,98863,new,True
34838,75425,new,False
34839,40744,current,True
34840,99204,new,True
34841,98675,new,False
34842,12307,current,False
34843,33474,current,False
34844,45586,current,False
34845,99827,new,True
34846,49366,current,False
34847,63435,new,False
34848,35922,current,True
34849,79813,new,False
34850,48075,current,False
34851,42837,current,False
34852,37017,current,True
34853,37416,current,True
34854,45751,current,False
34855,69926,new,False
34856,87984,new,False
34857,24630,current,False
34858,75514,new,False
34859,29162,current,True
34860,48366,current,True
34861,32253,current,False
34862,71615,new,False
34863,97236,new,False
34864,19241,current,False
34865,17986,current,False
34866,23613,current,False
34867,39249,current,True
34868,64648,new,False
34869,83049,new,True
34870,55139,new,False
34871,73963,new,False
34872,90325,new,False
34873,73127,new,False
34874,12729,current,False
34875,54206,new,False
34876,72561,new,False
34877,34007,current,False
34878,57535,new,True
34879,57385,new,True
34880,49260,current,False
34881,23465,current,True
34882,69710,new,False
34883,96992,new,False
34884,79313,new,False
34885,93220,new,True
34886,93616,new,True
34887,41268,current,False
34888,98104,new,False
34889,54149,new,False
34890,49739,current,False
34891,22404,current,True
34892,14925,current,False
34893,25601,current,False
34894,80666,new,True
34895,47487,current,True
34896,51221,new,True
34897,42482,current,False
34898,18093,current,False
34899,71514,new,True
34900,47727,current,False
34901,19573,current,False
34902,43582,current,False
34903,16512,current,True
34904,71937,new,False
34905,94182,new,True
34906,58858,new,True
34907,45748,current,False
34908,38553,current,False
34909,21501,current,False
34910,97061,new,False
34911,78986,new,False
34912,41153,current,False
34913,51761,new,True
34914,24566,current,True
34915,34920,current,False
34916,30884,current,False
34917,21240,current,False
34918,25741,current,False
34919,37172,current,False
34920,81682,new,False
34921,34307,current,False
34922,68764,new,True
34923,17317,current,True
34924,84953,new,True
34925,28194,current,False
34926,63320,new,False
34927,86003,new,True
34928,12538,current,True
34929,57744,new,False
34930,95594,new,False
34931,74545,new,True
34932,12527,current,True
34933,56376,new,False
34934,13091,current,True
34935,54357,new,False
34936,95515,new,False
34937,90619,new,True
34938,70255,new,False
34939,72111,new,True
34940,76651,new,False
34941,67087,new,True
34942,94525,new,False
34943,75498,new,True
34944,98412,new,True
34945,84781,new,False
34946,27150,current,False
34947,40935,current,True
34948,36761,current,False
34949,76645,new,True
34950,11712,current,True
34951,68102,new,True
34952,59431,new,False
34953,92979,new,False
34954,84279,new,True
34955,72014,new,True
34956,63623,new,False
34957,56978,new,False
34958,23119,current,False
34959,90405,new,False
34960,21101,current,False
34961,80805,new,True
34962,75128,new,True
34963,46196,current,False
34964,46611,current,False
34965,37047,current,False
34966,14526,current,False
34967,56931,new,True
34968,56272,new,False
34969,22860,current,True
34970,88001,new,False
34971,39405,current,False
34972,66938,new,False
34973,27339,current,False
34974,49007,current,False
34975,16567,current,False
34976,38775,current,False
34977,10128,current,True
34978,98167,new,False
34979,98842,new,True
34980,61482,new,False
34981,22317,current,True
34982,20150,current,True
34983,46395,current,True
34984,12741,current,False
34985,52686,new,True
34986,45675,current,False
34987,45161,current,True
34988,42809,current,True
34989,32946,current,False
34990,55016,new,False
34991,11186,current,True
34992,10626,current,False
34993,31210,current,False
34994,28786,current,False
34995,99376,new,False
34996,26347,current,True
34997,94309,new,True
34998,24824,current,False
34999,11578,current,False
35000,53420,new,True
35001,26037,current,False
35002,43263,current,False
35003,83712,new,False
35004,70562,new,False
35005,83925,new,False
35006,26477,current,False
35007,24045,current,True
35008,27776,current,False
35009,96787,new,False
35010,14429,current,False
35011,67758,new,True
35012,29290,current,True
35013,87078,new,True
35014,38683,current,False
35015,99527,new,True
35016,39584,current,False
35017,94052,new,True
35018,62679,new,False
35019,43088,current,False
35020,68034,new,True
35021,83546,new,True
35022,58781,new,True
35023,77330,new,False
35024,52217,new,False
35025,88804,new,False
35026,90671,new,False
35027,98583,new,True
35028,69313,new,False
35029,56198,new,False
35030,97371,new,False
35031,39552,current,False
35032,28357,current,False
35033,86129,new,False
35034,62854,new,False
35035,11235,current,True
35036,50884,new,True
35037,35624,current,False
35038,20031,current,False
35039,30730,current,False
35040,86520,new,True
35041,59803,new,False
35042,61163,new,False
35043,35115,current,False
35044,20299,current,False
35045,87837,new,True
35046,47686,current,False
35047,81471,new,True
35048,23390,current,False
35049,10855,current,False
35050,10180,current,False
35051,77480,new,True
35052,88424,new,False
35053,82450,new,False
35054,23356,current,True
35055,71117,new,True
35056,96430,new,False
35057,13419,current,False
35058,57280,new,False
35059,25173,current,True
35060,60302,new,True
35061,33135,current,False
35062,46623,current,False
35063,44225,current,False
35064,50768,new,True
35065,27246,current,False
35066,81066,new,True
35067,70392,new,True
35068,36031,current,True
35069,51088,new,False
35070,32656,current,True
35071,66437,new,True
35072,64406,new,True
35073,43965,current,False
35074,78459,new,True
35075,11187,current,False
35076,43080,current,False
35077,62623,new,True
35078,63490,new,False
35079,57511,new,True
35080,57567,new,True
35081,79238,new,False
35082,71129,new,False
35083,39990,current,False
35084,13456,current,False
35085,34590,current,False
35086,36326,current,False
35087,76909,new,True
35088,17221,current,False
35089,79998,new,True
35090,31981,current,False
35091,35822,current,True
35092,72965,new,True
35093,12078,current,False
35094,58303,new,False
35095,46417,current,False
35096,28408,current,False
35097,94087,new,False
35098,14606,current,False
35099,99210,new,False
35100,44407,current,False
35101,39710,current,False
35102,42607,current,True
35103,30443,current,False
35104,73928,new,False
35105,46072,current,True
35106,64730,new,True
35107,21328,current,False
35108,46469,current,False
35109,66667,new,True
35110,72301,new,True
35111,56218,new,False
35112,50699,new,True
35113,74182,new,True
35114,57527,new,True
35115,97812,new,False
35116,89194,new,True
35117,20955,current,True
35118,74439,new,False
35119,16187,current,True
35120,71200,new,True
35121,45490,current,False
35122,34194,current,True
35123,14876,current,False
35124,85698,new,False
35125,28412,current,False
35126,95691,new,True
35127,97483,new,True
35128,31463,current,False
35129,52741,new,True
35130,25998,current,False
35131,89293,new,False
35132,47238,current,False
35133,80760,new,False
35134,84651,new,False
35135,54771,new,True
35136,28630,current,False
35137,17227,current,False
35138,52372,new,True
35139,36458,current,False
35140,99679,new,False
35141,71498,new,True
35142,44944,current,True
35143,98183,new,False
35144,53280,new,False
35145,66953,new,False
35146,51411,new,False
35147,85959,new,True
35148,17318,current,False
35149,32743,current,True
35150,79551,new,True
35151,53032,new,True
35152,15984,current,False
35153,39807,current,True
35154,96349,new,True
35155,10659,current,True
35156,83430,new,True
35157,75464,new,False
35158,51515,new,False
35159,33397,current,True
35160,71556,new,False
35161,30137,current,True
35162,40093,current,True
35163,92802,new,False
35164,50157,new,True
35165,43419,current,True
35166,36773,current,True
35167,79457,new,True
35168,42569,current,True
35169,61644,new,False
35170,74120,new,False
35171,61476,new,False
35172,23014,current,False
35173,94107,new,False
35174,76516,new,False
35175,17464,current,False
35176,93343,new,True
35177,72697,new,False
35178,67914,new,False
35179,12823,current,False
35180,84665,new,True
35181,33484,current,True
35182,92070,new,False
35183,43449,current,False
35184,53776,new,False
35185,66918,new,False
35186,90595,new,False
35187,52830,new,False
35188,38729,current,True
35189,34875,current,True
35190,48671,current,True
35191,66541,new,True
35192,36143,current,False
35193,28813,current,True
35194,48097,current,False
35195,54451,new,True
35196,33234,current,False
35197,46163,current,False
35198,41919,current,False
35199,28261,current,False
35200,52284,new,False
35201,45105,current,False
35202,49831,current,False
35203,52559,new,True
35204,63211,new,True
35205,55498,new,True
35206,84905,new,False
35207,44406,current,False
35208,53406,new,True
35209,32437,current,False
35210,87215,new,False
35211,57804,new,True
35212,22028,current,False
35213,93758,new,False
35214,58832,new,True
35215,66667,new,True
35216,77115,new,False
35217,75368,new,True
35218,14992,current,False
35219,19481,current,True
35220,29834,current,False
35221,87743,new,False
35222,32617,current,True
35223,81315,new,True
35224,27336,current,False
35225,78255,new,True
35226,96942,new,True
35227,23968,current,False
35228,16230,current,False
35229,33147,current,False
35230,24772,current,True
35231,55038,new,True
35232,63831,new,False
35233,45096,current,False
35234,11546,current,False
35235,55953,new,True
35236,73497,new,False
35237,48253,current,False
35238,55886,new,True
35239,24707,current,False
35240,58366,new,False
35241,68317,new,True
35242,47586,current,False
35243,26304,current,False
35244,74368,new,False
35245,16905,current,False
35246,85656,new,False
35247,91704,new,False
35248,93420,new,True
35249,49267,current,True
35250,36000,current,True
35251,13809,current,False
35252,11644,current,True
35253,64638,new,False
35254,26327,current,False
35255,18845,current,False
35256,12167,current,False
35257,40312,current,False
35258,63797,new,True
35259,17918,current,False
35260,62196,new,False
35261,63928,new,True
35262,25258,current,False
35263,34394,current,True
35264,12799,current,False
35265,30272,current,False
35266,71447,new,True
35267,14569,current,False
35268,88525,new,False
35269,11201,current,False
35270,22534,current,True
35271,62247,new,True
35272,98650,new,False
35273,23982,current,False
35274,47717,current,True
35275,65660,new,False
35276,20530,current,False
35277,40860,current,False
35278,20427,current,True
35279,63012,new,True
35280,30500,current,False
35281,66456,new,False
35282,11191,current,False
35283,27059,current,False
35284,23373,current,True
35285,10114,current,False
35286,65852,new,True
35287,49050,current,True
35288,92741,new,True
35289,93108,new,False
35290,74632,new,False
35291,41575,current,True
35292,59302,new,False
35293,50254,new,False
35294,27942,current,False
35295,25487,current,False
35296,53208,new,False
35297,47721,current,True
35298,25080,current,False
35299,62868,new,True
35300,26189,current,False
35301,51228,new,True
35302,82386,new,False
35303,36971,current,False
35304,54554,new,False
35305,32842,current,False
35306,31918,current,True
35307,78036,new,False
35308,17652,current,True
35309,74004,new,False
35310,84141,new,True
35311,77637,new,False
35312,78819,new,False
35313,16995,current,False
35314,93097,new,True
35315,92222,new,False
35316,49001,current,True
35317,37792,current,False
35318,98714,new,True
35319,64048,new,True
35320,88208,new,False
35321,46136,current,False
35322,11257,current,False
35323,15768,current,False
35324,85400,new,False
35325,54655,new,True
35326,66199,new,False
35327,92513,new,True
35328,47707,current,False
35329,87339,new,False
35330,77241,new,False
35331,26359,current,False
35332,90537,new,False
35333,26901,current,False
35334,67273,new,False
35335,67136,new,False
35336,17755,current,False
35337,72762,new,False
35338,93316,new,False
35339,21401,current,False
35340,29787,current,False
35341,92129,new,False
35342,86417,new,True
35343,46806,current,False
35344,42946,current,False
35345,34640,current,False
35346,37980,current,False
35347,88386,new,True
35348,11976,current,False
35349,46379,current,True
35350,80207,new,False
35351,32619,current,True
35352,76896,new,False
35353,11809,current,True
35354,29764,current,False
35355,29092,current,True
35356,87348,new,True
35357,43462,current,False
35358,40556,current,False
35359,74912,new,False
35360,58686,new,True
35361,85205,new,False
35362,93674,new,False
35363,11304,current,False
35364,81886,new,False
35365,29672,current,False
35366,55649,new,False
35367,94332,new,True
35368,35938,current,True
35369,13746,current,False
35370,19384,current,True
35371,17253,current,False
35372,74444,new,True
35373,98017,new,False
35374,69552,new,False
35375,59235,new,False
35376,33883,current,False
35377,95560,new,True
35378,14957,current,False
35379,35129,current,False
35380,24788,current,False
35381,14739,current,False
35382,56705,new,True
35383,35828,current,False
35384,57458,new,False
35385,24464,current,True
35386,17094,current,False
35387,80429,new,False
35388,72219,new,False
35389,96952,new,True
35390,78954,new,False
35391,43790,current,False
35392,74468,new,False
35393,82304,new,False
35394,40625,current,True
35395,30808,current,False
35396,54512,new,False
35397,74923,new,True
35398,12659,current,False
35399,26807,current,False
35400,41490,current,False
35401,47042,current,True
35402,11985,current,False
35403,42173,current,False
35404,96696,new,True
35405,14180,current,False
35406,54131,new,True
35407,29888,current,False
35408,88768,new,True
35409,11405,current,False
35410,60974,new,False
35411,29267,current,False
35412,43494,current,False
35413,49626,current,False
35414,93184,new,False
35415,77119,new,False
35416,37405,current,False
35417,55581,new,False
35418,14250,current,True
35419,35216,current,True
35420,69281,new,True
35421,52609,new,True
35422,42120,current,False
35423,36131,current,False
35424,64438,new,True
35425,18745,current,False
35426,84844,new,False
35427,86485,new,True
35428,41284,current,False
35429,70500,new,False
35430,90120,new,True
35431,57865,new,False
35432,75336,new,False
35433,91395,new,True
35434,15833,current,True
35435,46849,current,False
35436,93027,new,True
35437,51582,new,True
35438,95135,new,True
35439,94904,new,False
35440,21753,current,False
35441,39799,current,True
35442,85409,new,False
35443,66771,new,False
35444,28870,current,False
35445,72476,new,True
35446,65424,new,False
35447,76486,new,False
35448,37170,current,True
35449,55584,new,False
35450,71182,new,False
35451,87688,new,False
35452,48282,current,False
35453,40426,current,False
35454,25052,current,False
35455,61934,new,False
35456,22665,current,False
35457,25955,current,False
35458,40976,current,True
35459,93242,new,True
35460,48124,current,True
35461,10479,current,False
35462,44365,current,True
35463,94598,new,False
35464,42315,current,True
35465,51157,new,True
35466,85266,new,False
35467,93767,new,False
35468,40676,current,True
35469,47682,current,False
35470,28292,current,False
35471,20624,current,False
35472,27917,current,False
35473,29012,current,True
35474,20659,current,False
35475,37962,current,True
35476,95794,new,True
35477,31039,current,False
35478,97343,new,False
35479,82006,new,False
35480,77571,new,False
35481,22839,current,True
35482,78286,new,True
35483,94064,new,False
35484,63409,new,False
35485,90631,new,False
35486,10372,current,False
35487,34637,current,False
35488,24848,current,False
35489,19560,current,True
35490,24358,current,False
35491,53861,new,True
35492,12448,current,False
35493,21363,current,False
35494,71119,new,True
35495,79225,new,True
35496,48869,current,False
35497,35002,current,False
35498,36400,current,True
35499,25924,current,False
35500,70893,new,True
35501,41012,current,False
35502,59727,new,False
35503,93774,new,False
35504,58201,new,True
35505,25218,current,False
35506,30466,current,False
35507,68936,new,False
35508,13438,current,True
35509,33248,current,False
35510,75395,new,True
35511,55461,new,True
35512,27726,current,False
35513,35213,current,True
35514,84815,new,True
35515,74046,new,False
35516,97782,new,True
35517,63700,new,False
35518,73282,new,True
35519,25389,current,True
35520,59852,new,True
35521,61677,new,False
35522,40098,current,True
35523,85091,new,True
35524,20434,current,False
35525,27888,current,True
35526,35107,current,True
35527,38364,current,False
35528,97431,new,False
35529,61224,new,True
35530,48746,current,True
35531,26773,current,False
35532,56673,new,True
35533,17387,current,False
35534,85475,new,False
35535,21513,current,False
35536,13609,current,False
35537,56761,new,True
35538,66270,new,True
35539,26947,current,False
35540,11700,current,False
35541,16592,current,False
35542,66366,new,False
35543,78340,new,False
35544,25276,current,False
35545,10780,current,False
35546,18270,current,False
35547,41469,current,False
35548,81091,new,False
35549,89573,new,True
35550,88266,new,False
35551,69667,new,False
35552,46644,current,False
35553,10475,current,True
35554,88463,new,True
35555,65322,new,False
35556,15911,current,True
35557,57960,new,True
35558,49067,current,True
35559,55376,new,False
35560,57844,new,True
35561,11912,current,True
35562,32815,current,False
35563,11832,current,True
35564,29869,current,True
35565,71804,new,False
35566,24789,current,True
35567,46738,current,False
35568,60298,new,True
35569,17849,current,False
35570,41449,current,True
35571,99791,new,True
35572,60490,new,False
35573,33715,current,False
35574,28604,current,False
35575,59212,new,False
35576,41141,current,True
35577,44320,current,False
35578,10613,current,False
35579,50846,new,True
35580,10203,current,False
35581,42107,current,False
35582,79261,new,False
35583,82942,new,False
35584,46051,current,False
35585,84944,new,False
35586,34665,current,False
35587,10317,current,False
35588,67701,new,True
35589,89461,new,False
35590,22322,current,True
35591,65515,new,True
35592,30612,current,True
35593,50590,new,False
35594,63809,new,False
35595,91367,new,False
35596,38523,current,False
35597,99088,new,False
35598,79272,new,False
35599,11308,current,False
35600,43792,current,True
35601,61464,new,True
35602,84527,new,True
35603,47378,current,False
35604,52773,new,True
35605,83473,new,False
35606,98427,new,False
35607,82394,new,True
35608,97382,new,False
35609,55905,new,False
35610,20507,current,False
35611,98114,new,True
35612,54979,new,False
35613,76223,new,True
35614,92226,new,False
35615,23357,current,True
35616,54609,new,True
35617,54022,new,False
35618,35942,current,True
35619,41120,current,False
35620,48758,current,True
35621,18552,current,False
35622,27420,current,True
35623,50294,new,False
35624,98772,new,True
35625,65322,new,True
35626,43548,current,True
35627,21587,current,True
35628,28550,current,False
35629,68650,new,False
35630,30637,current,False
35631,30231,current,False
35632,77544,new,True
35633,36793,current,True
35634,95534,new,True
35635,76642,new,True
35636,32629,current,False
35637,32617,current,True
35638,49832,current,False
35639,86915,new,False
35640,23326,current,False
35641,11586,current,False
35642,88432,new,False
35643,81665,new,False
35644,57054,new,False
35645,28018,current,False
35646,46797,current,False
35647,33989,current,True
35648,13322,current,False
35649,21185,current,False
35650,21112,current,True
35651,97759,new,True
35652,65769,new,False
35653,77323,new,True
35654,73769,new,True
35655,19625,current,False
35656,65054,new,False
35657,70781,new,False
35658,35340,current,False
35659,25516,current,False
35660,55629,new,False
35661,71950,new,True
35662,13907,current,False
35663,36302,current,False
35664,33891,current,False
35665,99166,new,True
35666,39014,current,False
35667,55985,new,False
35668,76642,new,False
35669,54842,new,False
35670,77174,new,False
35671,18119,current,True
35672,17378,current,True
35673,12307,current,False
35674,78293,new,True
35675,13749,current,False
35676,10952,current,False
35677,17536,current,False
35678,14709,current,False
35679,48610,current,False
35680,22191,current,False
35681,66622,new,True
35682,13756,current,False
35683,51540,new,False
35684,50088,new,True
35685,75043,new,False
35686,96112,new,False
35687,56123,new,True
35688,85525,new,True
35689,93829,new,False
35690,73880,new,True
35691,87909,new,False
35692,74193,new,True
35693,77835,new,True
35694,33832,current,False
35695,47276,current,False
35696,23456,current,False
35697,12877,current,False
35698,38063,current,False
35699,24867,current,True
35700,26975,current,False
35701,38905,current,False
35702,43444,current,False
35703,47131,current,True
35704,76860,new,True
35705,81724,new,True
35706,18023,current,False
35707,56359,new,True
35708,57256,new,False
35709,68396,new,True
35710,44575,current,False
35711,31319,current,True
35712,31379,current,True
35713,49271,current,False
35714,27996,current,False
35715,28157,current,True
35716,93248,new,False
35717,42378,current,True
35718,73815,new,False
35719,34212,current,False
35720,77646,new,True
35721,16013,current,True
35722,76282,new,False
35723,17665,current,False
35724,89114,new,False
35725,96101,new,True
35726,83269,new,True
35727,22778,current,False
35728,81871,new,False
35729,39142,current,True
35730,87316,new,False
35731,54801,new,False
35732,85257,new,False
35733,63689,new,True
35734,16194,current,False
35735,84067,new,False
35736,27449,current,False
35737,37532,current,False
35738,70998,new,True
35739,69768,new,True
35740,88333,new,False
35741,31206,current,False
35742,77061,new,False
35743,32608,current,True
35744,36220,current,False
35745,86719,new,False
35746,20521,current,False
35747,13557,current,False
35748,65010,new,True
35749,27407,current,True
35750,96371,new,True
35751,23839,current,False
35752,78743,new,False
35753,75932,new,False
35754,48511,current,True
35755,40710,current,True
35756,79345,new,False
35757,34557,current,False
35758,44096,current,True
35759,99936,new,False
35760,45232,current,True
35761,11400,current,True
35762,36152,current,False
35763,70449,new,False
35764,35356,current,False
35765,39114,current,True
35766,44904,current,False
35767,41741,current,False
35768,52752,new,False
35769,68615,new,True
35770,25526,current,True
35771,26988,current,False
35772,36612,current,False
35773,91383,new,False
35774,26795,current,False
35775,44595,current,False
35776,87036,new,True
35777,32833,current,False
35778,82338,new,False
35779,86253,new,False
35780,36757,current,False
35781,71910,new,True
35782,60857,new,False
35783,82713,new,True
35784,29005,current,False
35785,84377,new,False
35786,48413,current,False
35787,82242,new,True
35788,62520,new,True
35789,52181,new,False
35790,96602,new,True
35791,30853,current,True
35792,26605,current,True
35793,72395,new,True
35794,63459,new,True
35795,25881,current,True
35796,79218,new,True
35797,87511,new,True
35798,96904,new,False
35799,52335,new,False
35800,37715,current,False
35801,74397,new,False
35802,63999,new,True
35803,48657,current,False
35804,32984,current,True
35805,57573,new,True
35806,30195,current,False
35807,16900,current,False
35808,57351,new,False
35809,24870,current,False
35810,67584,new,False
35811,74994,new,True
35812,49352,current,False
35813,98048,new,True
35814,73546,new,False
35815,33967,current,True
35816,24771,current,False
35817,99529,new,True
35818,52615,new,False
